n,contrast,geometry,variant,average,rhs,repeat,order,method,seed,high_nodes,mean,tv,grad,components,setup,solve,total,iterations,info,residual,accepted,complexity
192,1000.0,disconnected,shift_x,arithmetic,dipole_y,0,0,amg0,1701,1728,47.828125,1255.2879581151833,932.943434704179,2,0.0616052999994281,0.05729280000014114,0.11889809999956924,17,0,7.180331255097333e-10,True,1.3386725269834205
192,1000.0,disconnected,shift_x,arithmetic,ones,0,1,jacobi,1701,1728,47.828125,1255.2879581151833,932.943434704179,2,0.00021830000059708254,0.13559319999967556,0.13581150000027264,709,0,2.4179578511589817e-09,True,0.0
192,1000.0,disconnected,shift_x,arithmetic,random,0,2,jacobi,1701,1728,47.828125,1255.2879581151833,932.943434704179,2,0.000224099999286409,0.185210200000256,0.18543429999954242,951,0,9.79943997904436e-10,True,0.0
192,1000.0,disconnected,shift_x,arithmetic,dipole_y,0,3,jacobi,1701,1728,47.828125,1255.2879581151833,932.943434704179,2,0.0002220999995188322,0.10705200000029436,0.10727409999981319,619,0,1.4228279724849618e-09,True,0.0
192,1000.0,disconnected,shift_x,arithmetic,ones,0,4,amg0,1701,1728,47.828125,1255.2879581151833,932.943434704179,2,0.049355000000105065,0.06119570000009844,0.1105507000002035,18,0,4.793082638300203e-10,True,1.3386725269834205
192,1000.0,disconnected,shift_x,arithmetic,dipole_x,0,5,amg0,1701,1728,47.828125,1255.2879581151833,932.943434704179,2,0.051893200000449724,0.05594249999921885,0.10783569999966858,17,0,8.259803888776237e-10,True,1.3386725269834205
192,1000.0,disconnected,shift_x,arithmetic,random,0,6,amg0,1701,1728,47.828125,1255.2879581151833,932.943434704179,2,0.047665199999755714,0.056312400000024354,0.10397759999978007,15,0,9.110782109688019e-10,True,1.3386725269834205
192,1000.0,disconnected,shift_x,arithmetic,dipole_x,0,7,jacobi,1701,1728,47.828125,1255.2879581151833,932.943434704179,2,0.0003271999994467478,0.12452399999983754,0.12485119999928429,677,0,9.212533792241898e-10,True,0.0
192,1000.0,disconnected,shift_x,arithmetic,random,1,0,amg0,1702,1728,47.828125,1255.2879581151833,932.943434704179,2,0.044651799999883224,0.04939470000044821,0.09404650000033143,15,0,9.059130825585403e-10,True,1.3386725269834205
192,1000.0,disconnected,shift_x,arithmetic,random,1,1,jacobi,1702,1728,47.828125,1255.2879581151833,932.943434704179,2,0.0002648999998200452,0.16600000000016735,0.1662648999999874,951,0,9.79943997904436e-10,True,0.0
192,1000.0,disconnected,shift_x,arithmetic,dipole_y,1,2,jacobi,1702,1728,47.828125,1255.2879581151833,932.943434704179,2,0.0002806000002237852,0.10710389999985637,0.10738450000008015,619,0,1.4228279724849618e-09,True,0.0
192,1000.0,disconnected,shift_x,arithmetic,ones,1,3,amg0,1702,1728,47.828125,1255.2879581151833,932.943434704179,2,0.06971049999992829,0.06042959999922459,0.13014009999915288,18,0,4.90400977364133e-10,True,1.3386725269834205
192,1000.0,disconnected,shift_x,arithmetic,dipole_y,1,4,amg0,1702,1728,47.828125,1255.2879581151833,932.943434704179,2,0.052346700000271085,0.06989220000014029,0.12223890000041138,17,0,7.126714589161663e-10,True,1.3386725269834205
192,1000.0,disconnected,shift_x,arithmetic,dipole_x,1,5,amg0,1702,1728,47.828125,1255.2879581151833,932.943434704179,2,0.06359160000010888,0.07477229999949486,0.13836389999960375,17,0,8.183756426989958e-10,True,1.3386725269834205
192,1000.0,disconnected,shift_x,arithmetic,ones,1,6,jacobi,1702,1728,47.828125,1255.2879581151833,932.943434704179,2,0.0002623999998832005,0.16209530000014638,0.16235770000002958,709,0,2.4179578511589817e-09,True,0.0
192,1000.0,disconnected,shift_x,arithmetic,dipole_x,1,7,jacobi,1702,1728,47.828125,1255.2879581151833,932.943434704179,2,0.00023779999992257217,0.13304789999983768,0.13328569999976025,677,0,9.212533792241898e-10,True,0.0
192,1000.0,disconnected,shift_x,arithmetic,dipole_x,2,0,amg0,1703,1728,47.828125,1255.2879581151833,932.943434704179,2,0.05251040000075591,0.05792250000013155,0.11043290000088746,17,0,8.228865035889553e-10,True,1.3386725269834205
192,1000.0,disconnected,shift_x,arithmetic,random,2,1,jacobi,1703,1728,47.828125,1255.2879581151833,932.943434704179,2,0.0002159000005121925,0.16785350000009203,0.16806940000060422,951,0,9.79943997904436e-10,True,0.0
192,1000.0,disconnected,shift_x,arithmetic,random,2,2,amg0,1703,1728,47.828125,1255.2879581151833,932.943434704179,2,0.043575000000600994,0.049836799999866344,0.09341180000046734,15,0,9.072844615908085e-10,True,1.3386725269834205
192,1000.0,disconnected,shift_x,arithmetic,ones,2,3,amg0,1703,1728,47.828125,1255.2879581151833,932.943434704179,2,0.04321059999983845,0.05932629999915662,0.10253689999899507,18,0,4.872631028923775e-10,True,1.3386725269834205
192,1000.0,disconnected,shift_x,arithmetic,ones,2,4,jacobi,1703,1728,47.828125,1255.2879581151833,932.943434704179,2,0.0002184999993914971,0.12265949999982695,0.12287799999921845,709,0,2.4179578511589817e-09,True,0.0
192,1000.0,disconnected,shift_x,arithmetic,dipole_y,2,5,jacobi,1703,1728,47.828125,1255.2879581151833,932.943434704179,2,0.00024339999981748406,0.10688180000033753,0.10712520000015502,619,0,1.4228279724849618e-09,True,0.0
192,1000.0,disconnected,shift_x,arithmetic,dipole_y,2,6,amg0,1703,1728,47.828125,1255.2879581151833,932.943434704179,2,0.04432360000009794,0.0599608000002263,0.10428440000032424,17,0,7.225239386959559e-10,True,1.3386725269834205
192,1000.0,disconnected,shift_x,arithmetic,dipole_x,2,7,jacobi,1703,1728,47.828125,1255.2879581151833,932.943434704179,2,0.0002206999997724779,0.12492899999961082,0.1251496999993833,677,0,9.212533792241898e-10,True,0.0
192,1000.0,disconnected,shift_x,arithmetic,dipole_y,3,0,amg0,1704,1728,47.828125,1255.2879581151833,932.943434704179,2,0.043577299999924435,0.05535220000001573,0.09892949999994016,17,0,7.139710521828256e-10,True,1.3386725269834205
192,1000.0,disconnected,shift_x,arithmetic,dipole_x,3,1,jacobi,1704,1728,47.828125,1255.2879581151833,932.943434704179,2,0.0002310999998371699,0.1261313999993945,0.12636249999923166,677,0,9.212533792241898e-10,True,0.0
192,1000.0,disconnected,shift_x,arithmetic,ones,3,2,amg0,1704,1728,47.828125,1255.2879581151833,932.943434704179,2,0.04302300000017567,0.055621399999836285,0.09864440000001196,17,0,1.101072814654822e-09,True,1.3386725269834205
192,1000.0,disconnected,shift_x,arithmetic,ones,3,3,jacobi,1704,1728,47.828125,1255.2879581151833,932.943434704179,2,0.0002783999998428044,0.1276506000003792,0.127929000000222,709,0,2.4179578511589817e-09,True,0.0
192,1000.0,disconnected,shift_x,arithmetic,random,3,4,jacobi,1704,1728,47.828125,1255.2879581151833,932.943434704179,2,0.00022340000032272656,0.16781449999962206,0.16803789999994478,951,0,9.79943997904436e-10,True,0.0
192,1000.0,disconnected,shift_x,arithmetic,dipole_y,3,5,jacobi,1704,1728,47.828125,1255.2879581151833,932.943434704179,2,0.0002223999999841908,0.10854719999952067,0.10876959999950486,619,0,1.4228279724849618e-09,True,0.0
192,1000.0,disconnected,shift_x,arithmetic,dipole_x,3,6,amg0,1704,1728,47.828125,1255.2879581151833,932.943434704179,2,0.04408109999985754,0.05626070000016625,0.1003418000000238,17,0,8.144222648236015e-10,True,1.3386725269834205
192,1000.0,disconnected,shift_x,arithmetic,random,3,7,amg0,1704,1728,47.828125,1255.2879581151833,932.943434704179,2,0.043145199999344186,0.049627399999735644,0.09277259999907983,15,0,9.007940947952781e-10,True,1.3386725269834205
192,1000.0,disconnected,shift_x,arithmetic,dipole_y,4,0,amg0,1705,1728,47.828125,1255.2879581151833,932.943434704179,2,0.045945899999424,0.059433399999761605,0.1053792999991856,17,0,7.198494062735552e-10,True,1.3386725269834205
192,1000.0,disconnected,shift_x,arithmetic,random,4,1,jacobi,1705,1728,47.828125,1255.2879581151833,932.943434704179,2,0.00036439999985304894,0.1728954000000158,0.17325979999986885,951,0,9.79943997904436e-10,True,0.0
192,1000.0,disconnected,shift_x,arithmetic,dipole_y,4,2,jacobi,1705,1728,47.828125,1255.2879581151833,932.943434704179,2,0.0002933999994638725,0.10295179999957327,0.10324519999903714,619,0,1.4228279724849618e-09,True,0.0
192,1000.0,disconnected,shift_x,arithmetic,dipole_x,4,3,jacobi,1705,1728,47.828125,1255.2879581151833,932.943434704179,2,0.00021920000017416896,0.11899819999962347,0.11921739999979764,677,0,9.212533792241898e-10,True,0.0
192,1000.0,disconnected,shift_x,arithmetic,dipole_x,4,4,amg0,1705,1728,47.828125,1255.2879581151833,932.943434704179,2,0.04470859999946697,0.05606589999933931,0.10077449999880628,17,0,8.196338788194512e-10,True,1.3386725269834205
192,1000.0,disconnected,shift_x,arithmetic,ones,4,5,amg0,1705,1728,47.828125,1255.2879581151833,932.943434704179,2,0.04389309999987745,0.05819760000031238,0.10209070000018983,18,0,5.008616576784021e-10,True,1.3386725269834205
192,1000.0,disconnected,shift_x,arithmetic,ones,4,6,jacobi,1705,1728,47.828125,1255.2879581151833,932.943434704179,2,0.0002176000007239054,0.12035939999987022,0.12057700000059413,709,0,2.4179578511589817e-09,True,0.0
192,1000.0,disconnected,shift_x,arithmetic,random,4,7,amg0,1705,1728,47.828125,1255.2879581151833,932.943434704179,2,0.04359019999992597,0.04959110000072542,0.09318130000065139,15,0,9.067374747720029e-10,True,1.3386725269834205
128,1000.0,disconnected,centered,arithmetic,ones,0,0,jacobi,1701,768,47.828125,1258.5826771653544,620.3341162692709,2,8.990000060293823e-05,0.032716099999561266,0.032806000000164204,368,0,1.3868394842897765e-09,True,0.0
128,1000.0,disconnected,centered,arithmetic,dipole_y,0,1,amg0,1701,768,47.828125,1258.5826771653544,620.3341162692709,2,0.022291799999948125,0.02589720000014495,0.048189000000093074,16,0,3.2822928697058346e-10,True,1.3399006034788783
128,1000.0,disconnected,centered,arithmetic,random,0,2,jacobi,1701,768,47.828125,1258.5826771653544,620.3341162692709,2,7.689999983995222e-05,0.0574823999995715,0.05755929999941145,635,0,9.28053873396141e-10,True,0.0
128,1000.0,disconnected,centered,arithmetic,dipole_x,0,3,amg0,1701,768,47.828125,1258.5826771653544,620.3341162692709,2,0.021977000000333646,0.024438499999632768,0.046415499999966414,16,0,1.9427417804997948e-10,True,1.3399006034788783
128,1000.0,disconnected,centered,arithmetic,dipole_y,0,4,jacobi,1701,768,47.828125,1258.5826771653544,620.3341162692709,2,9.070000032807002e-05,0.0271669000003385,0.02725760000066657,327,0,9.968340188268084e-10,True,0.0
128,1000.0,disconnected,centered,arithmetic,ones,0,5,amg0,1701,768,47.828125,1258.5826771653544,620.3341162692709,2,0.02155510000011418,0.025228700000297977,0.04678380000041216,16,0,4.14055015048211e-10,True,1.3399006034788783
128,1000.0,disconnected,centered,arithmetic,random,0,6,amg0,1701,768,47.828125,1258.5826771653544,620.3341162692709,2,0.020929899999828194,0.02148529999976745,0.04241519999959564,14,0,7.47384960691795e-10,True,1.3399006034788783
128,1000.0,disconnected,centered,arithmetic,dipole_x,0,7,jacobi,1701,768,47.828125,1258.5826771653544,620.3341162692709,2,8.750000051804818e-05,0.02423079999971378,0.02431830000023183,267,0,9.90014285829128e-10,True,0.0
128,1000.0,disconnected,centered,arithmetic,dipole_x,1,0,amg0,1702,768,47.828125,1258.5826771653544,620.3341162692709,2,0.0222819000000527,0.0255421000001661,0.0478240000002188,16,0,1.94398678014804e-10,True,1.3399006034788783
128,1000.0,disconnected,centered,arithmetic,random,1,1,jacobi,1702,768,47.828125,1258.5826771653544,620.3341162692709,2,7.850000019971048e-05,0.05568990000028862,0.05576840000048833,635,0,9.28053873396141e-10,True,0.0
128,1000.0,disconnected,centered,arithmetic,ones,1,2,jacobi,1702,768,47.828125,1258.5826771653544,620.3341162692709,2,8.270000034826808e-05,0.03209359999982553,0.032176300000173796,368,0,1.3868394842897765e-09,True,0.0
128,1000.0,disconnected,centered,arithmetic,ones,1,3,amg0,1702,768,47.828125,1258.5826771653544,620.3341162692709,2,0.021715500000027532,0.02492160000019794,0.04663710000022547,16,0,4.171049744480764e-10,True,1.3399006034788783
128,1000.0,disconnected,centered,arithmetic,dipole_y,1,4,jacobi,1702,768,47.828125,1258.5826771653544,620.3341162692709,2,7.409999943774892e-05,0.02826519999962329,0.02833929999906104,327,0,9.968340188268084e-10,True,0.0
128,1000.0,disconnected,centered,arithmetic,dipole_y,1,5,amg0,1702,768,47.828125,1258.5826771653544,620.3341162692709,2,0.02131680000002234,0.024911299999985204,0.046228100000007544,16,0,3.260107960293626e-10,True,1.3399006034788783
128,1000.0,disconnected,centered,arithmetic,dipole_x,1,6,jacobi,1702,768,47.828125,1258.5826771653544,620.3341162692709,2,9.060000047611538e-05,0.024066999999377003,0.02415759999985312,267,0,9.90014285829128e-10,True,0.0
128,1000.0,disconnected,centered,arithmetic,random,1,7,amg0,1702,768,47.828125,1258.5826771653544,620.3341162692709,2,0.021519899999475456,0.023514800000157265,0.04503469999963272,14,0,7.476423055046681e-10,True,1.3399006034788783
128,1000.0,disconnected,centered,arithmetic,ones,2,0,amg0,1703,768,47.828125,1258.5826771653544,620.3341162692709,2,0.022578499999326596,0.024060499999905005,0.0466389999992316,16,0,4.1472844075787477e-10,True,1.3399006034788783
128,1000.0,disconnected,centered,arithmetic,dipole_x,2,1,jacobi,1703,768,47.828125,1258.5826771653544,620.3341162692709,2,7.400000049528899e-05,0.023235299999214476,0.023309299999709765,267,0,9.90014285829128e-10,True,0.0
128,1000.0,disconnected,centered,arithmetic,dipole_y,2,2,jacobi,1703,768,47.828125,1258.5826771653544,620.3341162692709,2,7.129999994504033e-05,0.030668600000353763,0.030739900000298803,327,0,9.968340188268084e-10,True,0.0
128,1000.0,disconnected,centered,arithmetic,ones,2,3,jacobi,1703,768,47.828125,1258.5826771653544,620.3341162692709,2,7.529999948019395e-05,0.03327679999983957,0.03335209999931976,368,0,1.3868394842897765e-09,True,0.0
128,1000.0,disconnected,centered,arithmetic,dipole_y,2,4,amg0,1703,768,47.828125,1258.5826771653544,620.3341162692709,2,0.024656399999912537,0.025274800000261166,0.0499312000001737,16,0,3.2650207644061e-10,True,1.3399006034788783
128,1000.0,disconnected,centered,arithmetic,random,2,5,jacobi,1703,768,47.828125,1258.5826771653544,620.3341162692709,2,7.60000002628658e-05,0.05887410000013915,0.05895010000040202,635,0,9.28053873396141e-10,True,0.0
128,1000.0,disconnected,centered,arithmetic,random,2,6,amg0,1703,768,47.828125,1258.5826771653544,620.3341162692709,2,0.023085599999831175,0.022332100000312494,0.04541770000014367,14,0,7.460319576713968e-10,True,1.3399006034788783
128,1000.0,disconnected,centered,arithmetic,dipole_x,2,7,amg0,1703,768,47.828125,1258.5826771653544,620.3341162692709,2,0.02405830000043352,0.025290100000347593,0.04934840000078111,16,0,1.9376056243259642e-10,True,1.3399006034788783
128,1000.0,disconnected,centered,arithmetic,random,3,0,amg0,1704,768,47.828125,1258.5826771653544,620.3341162692709,2,0.023228500000186614,0.023006500000519736,0.04623500000070635,14,0,7.462395108537623e-10,True,1.3399006034788783
128,1000.0,disconnected,centered,arithmetic,ones,3,1,amg0,1704,768,47.828125,1258.5826771653544,620.3341162692709,2,0.029323300000214658,0.027425899999798276,0.056749200000012934,16,0,4.156501620483114e-10,True,1.3399006034788783
128,1000.0,disconnected,centered,arithmetic,dipole_x,3,2,jacobi,1704,768,47.828125,1258.5826771653544,620.3341162692709,2,0.00012729999980365392,0.026726299999609182,0.026853599999412836,267,0,9.90014285829128e-10,True,0.0
128,1000.0,disconnected,centered,arithmetic,ones,3,3,jacobi,1704,768,47.828125,1258.5826771653544,620.3341162692709,2,0.00010159999965253519,0.03526549999969575,0.035367099999348284,368,0,1.3868394842897765e-09,True,0.0
128,1000.0,disconnected,centered,arithmetic,random,3,4,jacobi,1704,768,47.828125,1258.5826771653544,620.3341162692709,2,7.470000036846614e-05,0.05345060000036028,0.05352530000072875,635,0,9.28053873396141e-10,True,0.0
128,1000.0,disconnected,centered,arithmetic,dipole_x,3,5,amg0,1704,768,47.828125,1258.5826771653544,620.3341162692709,2,0.022903199999745993,0.025016499999765074,0.04791969999951107,16,0,1.9383945874772085e-10,True,1.3399006034788783
128,1000.0,disconnected,centered,arithmetic,dipole_y,3,6,amg0,1704,768,47.828125,1258.5826771653544,620.3341162692709,2,0.021991000000525673,0.026280099999894446,0.04827110000042012,16,0,3.307134096662427e-10,True,1.3399006034788783
128,1000.0,disconnected,centered,arithmetic,dipole_y,3,7,jacobi,1704,768,47.828125,1258.5826771653544,620.3341162692709,2,9.069999941857532e-05,0.036168800000268675,0.03625949999968725,327,0,9.968340188268084e-10,True,0.0
128,1000.0,disconnected,centered,arithmetic,dipole_y,4,0,jacobi,1705,768,47.828125,1258.5826771653544,620.3341162692709,2,0.00010889999975915998,0.0333584999998493,0.03346739999960846,327,0,9.968340188268084e-10,True,0.0
128,1000.0,disconnected,centered,arithmetic,ones,4,1,amg0,1705,768,47.828125,1258.5826771653544,620.3341162692709,2,0.02856049999991228,0.02649239999936981,0.05505289999928209,16,0,4.04386074789788e-10,True,1.3399006034788783
128,1000.0,disconnected,centered,arithmetic,random,4,2,amg0,1705,768,47.828125,1258.5826771653544,620.3341162692709,2,0.027586299999711628,0.021408399999927497,0.048994699999639124,14,0,7.45255342639742e-10,True,1.3399006034788783
128,1000.0,disconnected,centered,arithmetic,dipole_x,4,3,jacobi,1705,768,47.828125,1258.5826771653544,620.3341162692709,2,8.649999927001772e-05,0.02830340000036813,0.028389899999638146,267,0,9.90014285829128e-10,True,0.0
128,1000.0,disconnected,centered,arithmetic,random,4,4,jacobi,1705,768,47.828125,1258.5826771653544,620.3341162692709,2,0.00011629999971773941,0.07692640000004758,0.07704269999976532,635,0,9.28053873396141e-10,True,0.0
128,1000.0,disconnected,centered,arithmetic,ones,4,5,jacobi,1705,768,47.828125,1258.5826771653544,620.3341162692709,2,0.00010879999990720535,0.037276899999596935,0.03738569999950414,368,0,1.3868394842897765e-09,True,0.0
128,1000.0,disconnected,centered,arithmetic,dipole_y,4,6,amg0,1705,768,47.828125,1258.5826771653544,620.3341162692709,2,0.024824699999953737,0.024929799999881652,0.04975449999983539,16,0,3.276514667188019e-10,True,1.3399006034788783
128,1000.0,disconnected,centered,arithmetic,dipole_x,4,7,amg0,1705,768,47.828125,1258.5826771653544,620.3341162692709,2,0.022255199999563047,0.024877400000150374,0.04713259999971342,16,0,1.9349865037939333e-10,True,1.3399006034788783
96,1000.0,connected,transpose,harmonic,dipole_x,0,0,amg0,1701,432,47.828125,1261.8947368421052,464.02945705181685,1,0.01314879999972618,0.01249050000023999,0.02563929999996617,13,0,8.565112605377969e-11,True,1.342046388457675
96,1000.0,connected,transpose,harmonic,random,0,1,amg0,1701,432,47.828125,1261.8947368421052,464.02945705181685,1,0.012810700000045472,0.010417600000437233,0.023228300000482704,11,0,2.3030806591886388e-10,True,1.342046388457675
96,1000.0,connected,transpose,harmonic,random,0,2,jacobi,1701,432,47.828125,1261.8947368421052,464.02945705181685,1,6.620000021939632e-05,0.02287990000058926,0.022946100000808656,433,0,9.634835116513852e-10,True,0.0
96,1000.0,connected,transpose,harmonic,dipole_y,0,3,amg0,1701,432,47.828125,1261.8947368421052,464.02945705181685,1,0.013769799999863608,0.012453199999981734,0.026222999999845342,13,0,1.4565800329352166e-10,True,1.342046388457675
96,1000.0,connected,transpose,harmonic,ones,0,4,jacobi,1701,432,47.828125,1261.8947368421052,464.02945705181685,1,5.6400000175926834e-05,0.023551899999802117,0.023608299999978044,445,0,1.0770126691037334e-09,True,0.0
96,1000.0,connected,transpose,harmonic,ones,0,5,amg0,1701,432,47.828125,1261.8947368421052,464.02945705181685,1,0.013499900000169873,0.012390200000481855,0.025890100000651728,13,0,1.3505425493532745e-10,True,1.342046388457675
96,1000.0,connected,transpose,harmonic,dipole_y,0,6,jacobi,1701,432,47.828125,1261.8947368421052,464.02945705181685,1,5.3499999921768904e-05,0.024035700000240467,0.024089200000162236,450,0,9.243637454043341e-10,True,0.0
96,1000.0,connected,transpose,harmonic,dipole_x,0,7,jacobi,1701,432,47.828125,1261.8947368421052,464.02945705181685,1,5.429999964690069e-05,0.02348430000074586,0.023538600000392762,437,0,9.116272189847934e-10,True,0.0
96,1000.0,connected,transpose,harmonic,ones,1,0,jacobi,1702,432,47.828125,1261.8947368421052,464.02945705181685,1,5.5499999689345714e-05,0.024677800000063144,0.02473329999975249,445,0,1.0770126691037334e-09,True,0.0
96,1000.0,connected,transpose,harmonic,dipole_y,1,1,amg0,1702,432,47.828125,1261.8947368421052,464.02945705181685,1,0.012733900000057474,0.012478799999371404,0.025212699999428878,13,0,1.4587025573834708e-10,True,1.342046388457675
96,1000.0,connected,transpose,harmonic,random,1,2,amg0,1702,432,47.828125,1261.8947368421052,464.02945705181685,1,0.012880899999800022,0.010519299999941722,0.023400199999741744,11,0,2.2952475235671368e-10,True,1.342046388457675
96,1000.0,connected,transpose,harmonic,dipole_x,1,3,amg0,1702,432,47.828125,1261.8947368421052,464.02945705181685,1,0.013833999999405933,0.013046799999756331,0.026880799999162264,13,0,8.546226442649887e-11,True,1.342046388457675
96,1000.0,connected,transpose,harmonic,dipole_x,1,4,jacobi,1702,432,47.828125,1261.8947368421052,464.02945705181685,1,9.440000030735973e-05,0.023590599999806727,0.023685000000114087,437,0,9.116272189847934e-10,True,0.0
96,1000.0,connected,transpose,harmonic,dipole_y,1,5,jacobi,1702,432,47.828125,1261.8947368421052,464.02945705181685,1,5.729999975301325e-05,0.024031599999943865,0.024088899999696878,450,0,9.243637454043341e-10,True,0.0
96,1000.0,connected,transpose,harmonic,random,1,6,jacobi,1702,432,47.828125,1261.8947368421052,464.02945705181685,1,8.280000020022271e-05,0.023524799999904644,0.023607600000104867,433,0,9.634835116513852e-10,True,0.0
96,1000.0,connected,transpose,harmonic,ones,1,7,amg0,1702,432,47.828125,1261.8947368421052,464.02945705181685,1,0.013388500000473869,0.012426899999809393,0.025815400000283262,13,0,1.3214487620638587e-10,True,1.342046388457675
96,1000.0,connected,transpose,harmonic,dipole_x,2,0,jacobi,1703,432,47.828125,1261.8947368421052,464.02945705181685,1,5.480000072566327e-05,0.024275200000374753,0.024330000001100416,437,0,9.116272189847934e-10,True,0.0
96,1000.0,connected,transpose,harmonic,ones,2,1,jacobi,1703,432,47.828125,1261.8947368421052,464.02945705181685,1,5.710000004910398e-05,0.023808400000234542,0.023865500000283646,445,0,1.0770126691037334e-09,True,0.0
96,1000.0,connected,transpose,harmonic,ones,2,2,amg0,1703,432,47.828125,1261.8947368421052,464.02945705181685,1,0.013985999999931664,0.012401900000440946,0.02638790000037261,13,0,1.3914000599958565e-10,True,1.342046388457675
96,1000.0,connected,transpose,harmonic,dipole_y,2,3,jacobi,1703,432,47.828125,1261.8947368421052,464.02945705181685,1,5.979999968985794e-05,0.024191800000153307,0.024251599999843165,450,0,9.243637454043341e-10,True,0.0
96,1000.0,connected,transpose,harmonic,dipole_y,2,4,amg0,1703,432,47.828125,1261.8947368421052,464.02945705181685,1,0.014174999999340798,0.012272599999960221,0.02644759999930102,13,0,1.4640816311402863e-10,True,1.342046388457675
96,1000.0,connected,transpose,harmonic,random,2,5,jacobi,1703,432,47.828125,1261.8947368421052,464.02945705181685,1,5.4200000704440754e-05,0.02331010000034439,0.023364300001048832,433,0,9.634835116513852e-10,True,0.0
96,1000.0,connected,transpose,harmonic,random,2,6,amg0,1703,432,47.828125,1261.8947368421052,464.02945705181685,1,0.014881799999784562,0.010754500000075495,0.025636299999860057,11,0,2.3167908096339217e-10,True,1.342046388457675
96,1000.0,connected,transpose,harmonic,dipole_x,2,7,amg0,1703,432,47.828125,1261.8947368421052,464.02945705181685,1,0.015229200000248966,0.012842100000852952,0.028071300001101918,13,0,8.589662521025672e-11,True,1.342046388457675
96,1000.0,connected,transpose,harmonic,random,3,0,jacobi,1704,432,47.828125,1261.8947368421052,464.02945705181685,1,5.62999994144775e-05,0.02398780000021361,0.024044099999628088,433,0,9.634835116513852e-10,True,0.0
96,1000.0,connected,transpose,harmonic,ones,3,1,amg0,1704,432,47.828125,1261.8947368421052,464.02945705181685,1,0.013555600000472623,0.012401100000715815,0.025956700001188437,13,0,1.3750033777676553e-10,True,1.342046388457675
96,1000.0,connected,transpose,harmonic,ones,3,2,jacobi,1704,432,47.828125,1261.8947368421052,464.02945705181685,1,6.83999996908824e-05,0.024141299999428156,0.02420969999911904,445,0,1.0770126691037334e-09,True,0.0
96,1000.0,connected,transpose,harmonic,dipole_x,3,3,jacobi,1704,432,47.828125,1261.8947368421052,464.02945705181685,1,5.430000055639539e-05,0.023620600000867853,0.02367490000142425,437,0,9.116272189847934e-10,True,0.0
96,1000.0,connected,transpose,harmonic,dipole_y,3,4,jacobi,1704,432,47.828125,1261.8947368421052,464.02945705181685,1,5.540000074688578e-05,0.023781200000485114,0.023836600001232,450,0,9.243637454043341e-10,True,0.0
96,1000.0,connected,transpose,harmonic,random,3,5,amg0,1704,432,47.828125,1261.8947368421052,464.02945705181685,1,0.012947100000019418,0.010530100000323728,0.023477200000343146,11,0,2.302977106863907e-10,True,1.342046388457675
96,1000.0,connected,transpose,harmonic,dipole_x,3,6,amg0,1704,432,47.828125,1261.8947368421052,464.02945705181685,1,0.01287419999971462,0.012584400000378082,0.0254586000000927,13,0,8.489651564048156e-11,True,1.342046388457675
96,1000.0,connected,transpose,harmonic,dipole_y,3,7,amg0,1704,432,47.828125,1261.8947368421052,464.02945705181685,1,0.013253099999928963,0.012767100000019127,0.02602019999994809,13,0,1.4580886260677825e-10,True,1.342046388457675
96,1000.0,connected,transpose,harmonic,ones,4,0,jacobi,1705,432,47.828125,1261.8947368421052,464.02945705181685,1,6.310000026132911e-05,0.023826000000553904,0.023889100000815233,445,0,1.0770126691037334e-09,True,0.0
96,1000.0,connected,transpose,harmonic,ones,4,1,amg0,1705,432,47.828125,1261.8947368421052,464.02945705181685,1,0.013175899999623653,0.012429299999894283,0.025605199999517936,13,0,1.286585333033427e-10,True,1.342046388457675
96,1000.0,connected,transpose,harmonic,random,4,2,jacobi,1705,432,47.828125,1261.8947368421052,464.02945705181685,1,5.4400000408350024e-05,0.02324270000008255,0.0232971000004909,433,0,9.634835116513852e-10,True,0.0
96,1000.0,connected,transpose,harmonic,random,4,3,amg0,1705,432,47.828125,1261.8947368421052,464.02945705181685,1,0.013390699999945355,0.01074479999988398,0.024135499999829335,11,0,2.2949899425074136e-10,True,1.342046388457675
96,1000.0,connected,transpose,harmonic,dipole_y,4,4,jacobi,1705,432,47.828125,1261.8947368421052,464.02945705181685,1,5.469999996421393e-05,0.025748099999873375,0.02580279999983759,450,0,9.243637454043341e-10,True,0.0
96,1000.0,connected,transpose,harmonic,dipole_y,4,5,amg0,1705,432,47.828125,1261.8947368421052,464.02945705181685,1,0.012772800000675488,0.012442799999917042,0.02521560000059253,13,0,1.4546584757284403e-10,True,1.342046388457675
96,1000.0,connected,transpose,harmonic,dipole_x,4,6,amg0,1705,432,47.828125,1261.8947368421052,464.02945705181685,1,0.012788899999577552,0.012798299999303708,0.02558719999888126,13,0,8.517600621595527e-11,True,1.342046388457675
96,1000.0,connected,transpose,harmonic,dipole_x,4,7,jacobi,1705,432,47.828125,1261.8947368421052,464.02945705181685,1,6.260000009206124e-05,0.024470999999721244,0.024533599999813305,437,0,9.116272189847934e-10,True,0.0
192,1000.0,disconnected,centered,harmonic,dipole_x,0,0,amg0,1701,1728,47.828125,1255.2879581151833,932.943434704179,2,0.04207159999987198,0.057725200000277255,0.09979680000014923,17,0,4.803907210948539e-10,True,1.3386725269834205
192,1000.0,disconnected,centered,harmonic,random,0,1,jacobi,1701,1728,47.828125,1255.2879581151833,932.943434704179,2,0.00012939999942318536,0.16603529999974853,0.16616469999917172,949,0,9.941891616592456e-10,True,0.0
192,1000.0,disconnected,centered,harmonic,ones,0,2,jacobi,1701,1728,47.828125,1255.2879581151833,932.943434704179,2,0.00016529999993508682,0.10131649999948422,0.10148179999941931,556,0,2.0956296358481532e-09,True,0.0
192,1000.0,disconnected,centered,harmonic,ones,0,3,amg0,1701,1728,47.828125,1255.2879581151833,932.943434704179,2,0.044057399999474,0.05696150000039779,0.10101889999987179,17,0,6.409675016540552e-10,True,1.3386725269834205
192,1000.0,disconnected,centered,harmonic,random,0,4,amg0,1701,1728,47.828125,1255.2879581151833,932.943434704179,2,0.04354049999983545,0.051272400000016205,0.09481289999985165,15,0,8.874907464838346e-10,True,1.3386725269834205
192,1000.0,disconnected,centered,harmonic,dipole_y,0,5,amg0,1701,1728,47.828125,1255.2879581151833,932.943434704179,2,0.041281299999354815,0.05774289999953908,0.09902419999889389,17,0,5.130296658710573e-10,True,1.3386725269834205
192,1000.0,disconnected,centered,harmonic,dipole_y,0,6,jacobi,1701,1728,47.828125,1255.2879581151833,932.943434704179,2,0.0001498000001447508,0.08894919999966078,0.08909899999980553,495,0,1.290355839476956e-09,True,0.0
192,1000.0,disconnected,centered,harmonic,dipole_x,0,7,jacobi,1701,1728,47.828125,1255.2879581151833,932.943434704179,2,0.00014459999965765746,0.06935299999986455,0.06949759999952221,403,0,9.076303314903551e-10,True,0.0
192,1000.0,disconnected,centered,harmonic,dipole_x,1,0,jacobi,1702,1728,47.828125,1255.2879581151833,932.943434704179,2,0.0001681000003372901,0.07069069999943167,0.07085879999976896,403,0,9.076303314903551e-10,True,0.0
192,1000.0,disconnected,centered,harmonic,random,1,1,amg0,1702,1728,47.828125,1255.2879581151833,932.943434704179,2,0.043817099999614584,0.050004999999146094,0.09382209999876068,15,0,8.826376892773754e-10,True,1.3386725269834205
192,1000.0,disconnected,centered,harmonic,dipole_x,1,2,amg0,1702,1728,47.828125,1255.2879581151833,932.943434704179,2,0.05420669999966776,0.055446200000005774,0.10965289999967354,17,0,4.762513205125936e-10,True,1.3386725269834205
192,1000.0,disconnected,centered,harmonic,ones,1,3,jacobi,1702,1728,47.828125,1255.2879581151833,932.943434704179,2,0.0001644000003580004,0.09958890000052634,0.09975330000088434,556,0,2.0956296358481532e-09,True,0.0
192,1000.0,disconnected,centered,harmonic,dipole_y,1,4,jacobi,1702,1728,47.828125,1255.2879581151833,932.943434704179,2,0.00017159999970317585,0.10342239999954472,0.1035939999992479,495,0,1.290355839476956e-09,True,0.0
192,1000.0,disconnected,centered,harmonic,ones,1,5,amg0,1702,1728,47.828125,1255.2879581151833,932.943434704179,2,0.05011990000002697,0.0676461000002746,0.11776600000030157,17,0,6.334161726519366e-10,True,1.3386725269834205
192,1000.0,disconnected,centered,harmonic,dipole_y,1,6,amg0,1702,1728,47.828125,1255.2879581151833,932.943434704179,2,0.048045900000033726,0.06454669999948237,0.1125925999995161,17,0,5.085656845787295e-10,True,1.3386725269834205
192,1000.0,disconnected,centered,harmonic,random,1,7,jacobi,1702,1728,47.828125,1255.2879581151833,932.943434704179,2,0.00016599999980826396,0.19378359999973327,0.19394959999954153,949,0,9.941891616592456e-10,True,0.0
192,1000.0,disconnected,centered,harmonic,dipole_x,2,0,jacobi,1703,1728,47.828125,1255.2879581151833,932.943434704179,2,0.00012909999986732146,0.07207319999997708,0.0722022999998444,403,0,9.076303314903551e-10,True,0.0
192,1000.0,disconnected,centered,harmonic,ones,2,1,amg0,1703,1728,47.828125,1255.2879581151833,932.943434704179,2,0.04934140000023035,0.057096000000456115,0.10643740000068647,17,0,6.359800106951229e-10,True,1.3386725269834205
192,1000.0,disconnected,centered,harmonic,dipole_x,2,2,amg0,1703,1728,47.828125,1255.2879581151833,932.943434704179,2,0.0443172000004779,0.056679000000258384,0.10099620000073628,17,0,4.779808360877057e-10,True,1.3386725269834205
192,1000.0,disconnected,centered,harmonic,random,2,3,amg0,1703,1728,47.828125,1255.2879581151833,932.943434704179,2,0.044150400000035006,0.050141599999733444,0.09429199999976845,15,0,8.846689051906178e-10,True,1.3386725269834205
192,1000.0,disconnected,centered,harmonic,dipole_y,2,4,jacobi,1703,1728,47.828125,1255.2879581151833,932.943434704179,2,0.0001274999995075632,0.08302550000007614,0.0831529999995837,495,0,1.290355839476956e-09,True,0.0
192,1000.0,disconnected,centered,harmonic,ones,2,5,jacobi,1703,1728,47.828125,1255.2879581151833,932.943434704179,2,0.00012409999999363208,0.09623220000048605,0.09635630000047968,556,0,2.0956296358481532e-09,True,0.0
192,1000.0,disconnected,centered,harmonic,dipole_y,2,6,amg0,1703,1728,47.828125,1255.2879581151833,932.943434704179,2,0.04289580000022397,0.057681400000547,0.10057720000077097,17,0,5.054953394943446e-10,True,1.3386725269834205
192,1000.0,disconnected,centered,harmonic,random,2,7,jacobi,1703,1728,47.828125,1255.2879581151833,932.943434704179,2,0.00012689999948634068,0.1773832000008042,0.17751010000029055,949,0,9.941891616592456e-10,True,0.0
192,1000.0,disconnected,centered,harmonic,dipole_x,3,0,jacobi,1704,1728,47.828125,1255.2879581151833,932.943434704179,2,0.00013949999993201345,0.07458850000057282,0.07472800000050484,403,0,9.076303314903551e-10,True,0.0
192,1000.0,disconnected,centered,harmonic,dipole_x,3,1,amg0,1704,1728,47.828125,1255.2879581151833,932.943434704179,2,0.043164400000023306,0.055134099999122554,0.09829849999914586,17,0,4.757351437655504e-10,True,1.3386725269834205
192,1000.0,disconnected,centered,harmonic,ones,3,2,amg0,1704,1728,47.828125,1255.2879581151833,932.943434704179,2,0.0415646999999808,0.05598850000023958,0.09755320000022039,17,0,6.198807676401314e-10,True,1.3386725269834205
192,1000.0,disconnected,centered,harmonic,random,3,3,amg0,1704,1728,47.828125,1255.2879581151833,932.943434704179,2,0.04384140000001935,0.04966269999931683,0.09350409999933618,15,0,8.816111192246579e-10,True,1.3386725269834205
192,1000.0,disconnected,centered,harmonic,dipole_y,3,4,amg0,1704,1728,47.828125,1255.2879581151833,932.943434704179,2,0.04460999999992055,0.056048300000838935,0.10065830000075948,17,0,5.056310329738619e-10,True,1.3386725269834205
192,1000.0,disconnected,centered,harmonic,random,3,5,jacobi,1704,1728,47.828125,1255.2879581151833,932.943434704179,2,0.00012729999980365392,0.16515590000017255,0.1652831999999762,949,0,9.941891616592456e-10,True,0.0
192,1000.0,disconnected,centered,harmonic,ones,3,6,jacobi,1704,1728,47.828125,1255.2879581151833,932.943434704179,2,0.00016929999947024044,0.10216229999969073,0.10233159999916097,556,0,2.0956296358481532e-09,True,0.0
192,1000.0,disconnected,centered,harmonic,dipole_y,3,7,jacobi,1704,1728,47.828125,1255.2879581151833,932.943434704179,2,0.00015910000001895241,0.08657570000013948,0.08673480000015843,495,0,1.290355839476956e-09,True,0.0
192,1000.0,disconnected,centered,harmonic,random,4,0,jacobi,1705,1728,47.828125,1255.2879581151833,932.943434704179,2,0.00015250000069499947,0.16295780000018567,0.16311030000088067,949,0,9.941891616592456e-10,True,0.0
192,1000.0,disconnected,centered,harmonic,dipole_x,4,1,amg0,1705,1728,47.828125,1255.2879581151833,932.943434704179,2,0.04392120000011346,0.05807580000055168,0.10199700000066514,17,0,4.763165572074576e-10,True,1.3386725269834205
192,1000.0,disconnected,centered,harmonic,dipole_y,4,2,jacobi,1705,1728,47.828125,1255.2879581151833,932.943434704179,2,0.00015269999948941404,0.09461120000014489,0.0947638999996343,495,0,1.290355839476956e-09,True,0.0
192,1000.0,disconnected,centered,harmonic,dipole_y,4,3,amg0,1705,1728,47.828125,1255.2879581151833,932.943434704179,2,0.04549870000028022,0.0604511999999886,0.10594990000026883,17,0,5.106992999245954e-10,True,1.3386725269834205
192,1000.0,disconnected,centered,harmonic,random,4,4,amg0,1705,1728,47.828125,1255.2879581151833,932.943434704179,2,0.04473720000078174,0.049710899999809044,0.09444810000059078,15,0,8.830250514625723e-10,True,1.3386725269834205
192,1000.0,disconnected,centered,harmonic,ones,4,5,amg0,1705,1728,47.828125,1255.2879581151833,932.943434704179,2,0.043691800000488,0.05420810000032361,0.09789990000081161,17,0,6.115928758001992e-10,True,1.3386725269834205
192,1000.0,disconnected,centered,harmonic,dipole_x,4,6,jacobi,1705,1728,47.828125,1255.2879581151833,932.943434704179,2,0.00014400000054592965,0.07311789999948815,0.07326190000003407,403,0,9.076303314903551e-10,True,0.0
192,1000.0,disconnected,centered,harmonic,ones,4,7,jacobi,1705,1728,47.828125,1255.2879581151833,932.943434704179,2,0.00017349999961879803,0.09758719999990717,0.09776069999952597,556,0,2.0956296358481532e-09,True,0.0
96,1000.0,disconnected,centered,arithmetic,random,0,0,jacobi,1701,432,47.828125,1261.8947368421052,464.02945705181685,2,6.550000034621917e-05,0.02654290000009496,0.02660840000044118,470,0,9.863196901310128e-10,True,0.0
96,1000.0,disconnected,centered,arithmetic,dipole_y,0,1,amg0,1701,432,47.828125,1261.8947368421052,464.02945705181685,2,0.014836999999715772,0.015329199999541743,0.030166199999257515,15,0,8.052697398244679e-10,True,1.342046388457675
96,1000.0,disconnected,centered,arithmetic,random,0,2,amg0,1701,432,47.828125,1261.8947368421052,464.02945705181685,2,0.01385519999985263,0.01346300000022893,0.02731820000008156,14,0,2.13188627356802e-10,True,1.342046388457675
96,1000.0,disconnected,centered,arithmetic,dipole_x,0,3,jacobi,1701,432,47.828125,1261.8947368421052,464.02945705181685,2,7.219999952212675e-05,0.011513999999806401,0.011586199999328528,199,0,9.403046779773977e-10,True,0.0
96,1000.0,disconnected,centered,arithmetic,dipole_x,0,4,amg0,1701,432,47.828125,1261.8947368421052,464.02945705181685,2,0.014659000000392552,0.015179199999693083,0.029838200000085635,16,0,2.536997690403481e-10,True,1.342046388457675
96,1000.0,disconnected,centered,arithmetic,ones,0,5,jacobi,1701,432,47.828125,1261.8947368421052,464.02945705181685,2,6.229999962670263e-05,0.014463700000305835,0.014525999999932537,275,0,9.287716920238519e-10,True,0.0
96,1000.0,disconnected,centered,arithmetic,ones,0,6,amg0,1701,432,47.828125,1261.8947368421052,464.02945705181685,2,0.014750000000276486,0.015206199999738601,0.029956200000015087,16,0,2.472139812664128e-10,True,1.342046388457675
96,1000.0,disconnected,centered,arithmetic,dipole_y,0,7,jacobi,1701,432,47.828125,1261.8947368421052,464.02945705181685,2,5.529999998543644e-05,0.013584499999524269,0.013639799999509705,243,0,9.622303294165334e-10,True,0.0
96,1000.0,disconnected,centered,arithmetic,ones,1,0,amg0,1702,432,47.828125,1261.8947368421052,464.02945705181685,2,0.014883199999530916,0.015058199999657518,0.029941399999188434,16,0,2.477217678463743e-10,True,1.342046388457675
96,1000.0,disconnected,centered,arithmetic,dipole_y,1,1,amg0,1702,432,47.828125,1261.8947368421052,464.02945705181685,2,0.014534100000673789,0.01526929999999993,0.02980340000067372,15,0,8.048431730999525e-10,True,1.342046388457675
96,1000.0,disconnected,centered,arithmetic,dipole_x,1,2,jacobi,1702,432,47.828125,1261.8947368421052,464.02945705181685,2,6.690000009257346e-05,0.01063460000023042,0.010701500000322994,199,0,9.403046779773977e-10,True,0.0
96,1000.0,disconnected,centered,arithmetic,random,1,3,amg0,1702,432,47.828125,1261.8947368421052,464.02945705181685,2,0.015709000000242668,0.01356850000047416,0.029277500000716827,14,0,2.1521276273047534e-10,True,1.342046388457675
96,1000.0,disconnected,centered,arithmetic,dipole_x,1,4,amg0,1702,432,47.828125,1261.8947368421052,464.02945705181685,2,0.014372699999512406,0.015134799999941606,0.029507499999454012,16,0,2.5367894798875503e-10,True,1.342046388457675
96,1000.0,disconnected,centered,arithmetic,dipole_y,1,5,jacobi,1702,432,47.828125,1261.8947368421052,464.02945705181685,2,5.469999996421393e-05,0.013969200000246929,0.014023900000211142,243,0,9.622303294165334e-10,True,0.0
96,1000.0,disconnected,centered,arithmetic,random,1,6,jacobi,1702,432,47.828125,1261.8947368421052,464.02945705181685,2,5.439999949885532e-05,0.025586599999769533,0.025640999999268388,470,0,9.863196901310128e-10,True,0.0
96,1000.0,disconnected,centered,arithmetic,ones,1,7,jacobi,1702,432,47.828125,1261.8947368421052,464.02945705181685,2,5.500000042957254e-05,0.014475099999799568,0.01453010000022914,275,0,9.287716920238519e-10,True,0.0
96,1000.0,disconnected,centered,arithmetic,dipole_y,2,0,amg0,1703,432,47.828125,1261.8947368421052,464.02945705181685,2,0.014536499999849184,0.01604829999996582,0.030584799999815004,15,0,8.097321938343964e-10,True,1.342046388457675
96,1000.0,disconnected,centered,arithmetic,dipole_y,2,1,jacobi,1703,432,47.828125,1261.8947368421052,464.02945705181685,2,5.870000040886225e-05,0.012856800000008661,0.012915500000417524,243,0,9.622303294165334e-10,True,0.0
96,1000.0,disconnected,centered,arithmetic,ones,2,2,amg0,1703,432,47.828125,1261.8947368421052,464.02945705181685,2,0.014694800000143005,0.015879700000368757,0.030574500000511762,16,0,2.4929277829925504e-10,True,1.342046388457675
96,1000.0,disconnected,centered,arithmetic,dipole_x,2,3,amg0,1703,432,47.828125,1261.8947368421052,464.02945705181685,2,0.014814899999691988,0.01589620000049763,0.030711100000189617,16,0,2.5417427344160354e-10,True,1.342046388457675
96,1000.0,disconnected,centered,arithmetic,ones,2,4,jacobi,1703,432,47.828125,1261.8947368421052,464.02945705181685,2,5.599999985861359e-05,0.014728899999681744,0.014784899999540357,275,0,9.287716920238519e-10,True,0.0
96,1000.0,disconnected,centered,arithmetic,dipole_x,2,5,jacobi,1703,432,47.828125,1261.8947368421052,464.02945705181685,2,5.2999999752501026e-05,0.010664800000085961,0.010717799999838462,199,0,9.403046779773977e-10,True,0.0
96,1000.0,disconnected,centered,arithmetic,random,2,6,jacobi,1703,432,47.828125,1261.8947368421052,464.02945705181685,2,5.289999990054639e-05,0.02499959999931889,0.025052499999219435,470,0,9.863196901310128e-10,True,0.0
96,1000.0,disconnected,centered,arithmetic,random,2,7,amg0,1703,432,47.828125,1261.8947368421052,464.02945705181685,2,0.015069799999764655,0.013336099999833095,0.02840589999959775,14,0,2.1506743040401413e-10,True,1.342046388457675
96,1000.0,disconnected,centered,arithmetic,dipole_y,3,0,jacobi,1704,432,47.828125,1261.8947368421052,464.02945705181685,2,5.539999983739108e-05,0.012946499999998196,0.013001899999835587,243,0,9.622303294165334e-10,True,0.0
96,1000.0,disconnected,centered,arithmetic,ones,3,1,jacobi,1704,432,47.828125,1261.8947368421052,464.02945705181685,2,5.059999966761097e-05,0.015248400000018592,0.015298999999686203,275,0,9.287716920238519e-10,True,0.0
96,1000.0,disconnected,centered,arithmetic,random,3,2,jacobi,1704,432,47.828125,1261.8947368421052,464.02945705181685,2,5.870000040886225e-05,0.02620889999980136,0.026267600000210223,470,0,9.863196901310128e-10,True,0.0
96,1000.0,disconnected,centered,arithmetic,dipole_x,3,3,amg0,1704,432,47.828125,1261.8947368421052,464.02945705181685,2,0.016644000000269443,0.015590799999699811,0.032234799999969255,16,0,2.5423091887703224e-10,True,1.342046388457675
96,1000.0,disconnected,centered,arithmetic,dipole_y,3,4,amg0,1704,432,47.828125,1261.8947368421052,464.02945705181685,2,0.017057199999726436,0.014741300000423507,0.03179850000014994,15,0,8.059510374411675e-10,True,1.342046388457675
96,1000.0,disconnected,centered,arithmetic,random,3,5,amg0,1704,432,47.828125,1261.8947368421052,464.02945705181685,2,0.016862899999978254,0.014043999999557855,0.030906899999536108,14,0,2.1387173476868727e-10,True,1.342046388457675
96,1000.0,disconnected,centered,arithmetic,ones,3,6,amg0,1704,432,47.828125,1261.8947368421052,464.02945705181685,2,0.016066399999544956,0.016951999999946565,0.03301839999949152,16,0,2.4180549629101207e-10,True,1.342046388457675
96,1000.0,disconnected,centered,arithmetic,dipole_x,3,7,jacobi,1704,432,47.828125,1261.8947368421052,464.02945705181685,2,5.7899999774235766e-05,0.011621800000284566,0.011679700000058801,199,0,9.403046779773977e-10,True,0.0
96,1000.0,disconnected,centered,arithmetic,random,4,0,jacobi,1705,432,47.828125,1261.8947368421052,464.02945705181685,2,5.270000019663712e-05,0.026071500000398373,0.02612420000059501,470,0,9.863196901310128e-10,True,0.0
96,1000.0,disconnected,centered,arithmetic,dipole_x,4,1,amg0,1705,432,47.828125,1261.8947368421052,464.02945705181685,2,0.01446360000045388,0.015328899999985879,0.02979250000043976,16,0,2.5268550612024157e-10,True,1.342046388457675
96,1000.0,disconnected,centered,arithmetic,dipole_y,4,2,jacobi,1705,432,47.828125,1261.8947368421052,464.02945705181685,2,5.3899999329587445e-05,0.01288250000015978,0.012936399999489367,243,0,9.622303294165334e-10,True,0.0
96,1000.0,disconnected,centered,arithmetic,ones,4,3,amg0,1705,432,47.828125,1261.8947368421052,464.02945705181685,2,0.014186200000040117,0.015408800000841438,0.029595000000881555,16,0,2.4297778260061253e-10,True,1.342046388457675
96,1000.0,disconnected,centered,arithmetic,dipole_x,4,4,jacobi,1705,432,47.828125,1261.8947368421052,464.02945705181685,2,5.94000002820394e-05,0.010457800000040152,0.010517200000322191,199,0,9.403046779773977e-10,True,0.0
96,1000.0,disconnected,centered,arithmetic,random,4,5,amg0,1705,432,47.828125,1261.8947368421052,464.02945705181685,2,0.013806400000248686,0.01326580000022659,0.027072200000475277,14,0,2.1339783499221655e-10,True,1.342046388457675
96,1000.0,disconnected,centered,arithmetic,ones,4,6,jacobi,1705,432,47.828125,1261.8947368421052,464.02945705181685,2,6.609999945794698e-05,0.015463099999578844,0.015529199999036791,275,0,9.287716920238519e-10,True,0.0
96,1000.0,disconnected,centered,arithmetic,dipole_y,4,7,amg0,1705,432,47.828125,1261.8947368421052,464.02945705181685,2,0.013847600000190141,0.014073899999857531,0.027921500000047672,15,0,8.060874075893468e-10,True,1.342046388457675
128,1000.0,disconnected,shift_x,arithmetic,dipole_x,0,0,jacobi,1701,768,47.828125,1258.5826771653544,620.3341162692709,2,7.060000007186318e-05,0.03771760000017821,0.03778820000025007,449,0,9.758964763523737e-10,True,0.0
128,1000.0,disconnected,shift_x,arithmetic,dipole_y,0,1,jacobi,1701,768,47.828125,1258.5826771653544,620.3341162692709,2,7.49000000723754e-05,0.03498810000019148,0.035063000000263855,411,0,9.300640770715896e-10,True,0.0
128,1000.0,disconnected,shift_x,arithmetic,dipole_x,0,2,amg0,1701,768,47.828125,1258.5826771653544,620.3341162692709,2,0.022689899999932095,0.023306199999751698,0.04599609999968379,15,0,6.434131618833615e-10,True,1.3399006034788783
128,1000.0,disconnected,shift_x,arithmetic,random,0,3,amg0,1701,768,47.828125,1258.5826771653544,620.3341162692709,2,0.021577399999841873,0.021608399999422545,0.04318579999926442,14,0,2.6702472320280007e-10,True,1.3399006034788783
128,1000.0,disconnected,shift_x,arithmetic,ones,0,4,jacobi,1701,768,47.828125,1258.5826771653544,620.3341162692709,2,7.510000068577938e-05,0.03931119999924704,0.03938629999993282,471,0,1.4292059178032373e-09,True,0.0
128,1000.0,disconnected,shift_x,arithmetic,ones,0,5,amg0,1701,768,47.828125,1258.5826771653544,620.3341162692709,2,0.022783200000048964,0.023742000000311236,0.0465252000003602,15,0,8.219913177950332e-10,True,1.3399006034788783
128,1000.0,disconnected,shift_x,arithmetic,random,0,6,jacobi,1701,768,47.828125,1258.5826771653544,620.3341162692709,2,7.779999941703863e-05,0.05480429999988701,0.054882099999304046,636,0,9.602483169836392e-10,True,0.0
128,1000.0,disconnected,shift_x,arithmetic,dipole_y,0,7,amg0,1701,768,47.828125,1258.5826771653544,620.3341162692709,2,0.022363699999914388,0.024370299999645795,0.04673399999956018,16,0,1.637908019552772e-10,True,1.3399006034788783
128,1000.0,disconnected,shift_x,arithmetic,ones,1,0,amg0,1702,768,47.828125,1258.5826771653544,620.3341162692709,2,0.022220800000468444,0.02345359999981156,0.04567440000028,15,0,8.251468915250461e-10,True,1.3399006034788783
128,1000.0,disconnected,shift_x,arithmetic,random,1,1,amg0,1702,768,47.828125,1258.5826771653544,620.3341162692709,2,0.022901500000443775,0.02165060000061203,0.044552100001055805,14,0,2.690459086483309e-10,True,1.3399006034788783
128,1000.0,disconnected,shift_x,arithmetic,dipole_y,1,2,jacobi,1702,768,47.828125,1258.5826771653544,620.3341162692709,2,7.359999926848104e-05,0.036062099999981,0.03613569999924948,411,0,9.300640770715896e-10,True,0.0
128,1000.0,disconnected,shift_x,arithmetic,random,1,3,jacobi,1702,768,47.828125,1258.5826771653544,620.3341162692709,2,8.039999920583796e-05,0.05382030000055238,0.05390069999975822,636,0,9.602483169836392e-10,True,0.0
128,1000.0,disconnected,shift_x,arithmetic,dipole_y,1,4,amg0,1702,768,47.828125,1258.5826771653544,620.3341162692709,2,0.02332600000045204,0.024773000000095635,0.048099000000547676,16,0,1.594211905915745e-10,True,1.3399006034788783
128,1000.0,disconnected,shift_x,arithmetic,dipole_x,1,5,jacobi,1702,768,47.828125,1258.5826771653544,620.3341162692709,2,0.00010560000009718351,0.0381427000002077,0.03824830000030488,449,0,9.758964763523737e-10,True,0.0
128,1000.0,disconnected,shift_x,arithmetic,dipole_x,1,6,amg0,1702,768,47.828125,1258.5826771653544,620.3341162692709,2,0.02522339999995893,0.023307399999794143,0.04853079999975307,15,0,6.22588625716148e-10,True,1.3399006034788783
128,1000.0,disconnected,shift_x,arithmetic,ones,1,7,jacobi,1702,768,47.828125,1258.5826771653544,620.3341162692709,2,7.480000022042077e-05,0.039458400000512484,0.039533200000732904,471,0,1.4292059178032373e-09,True,0.0
128,1000.0,disconnected,shift_x,arithmetic,ones,2,0,jacobi,1703,768,47.828125,1258.5826771653544,620.3341162692709,2,8.600000001024455e-05,0.04128820000005362,0.041374200000063865,471,0,1.4292059178032373e-09,True,0.0
128,1000.0,disconnected,shift_x,arithmetic,dipole_x,2,1,amg0,1703,768,47.828125,1258.5826771653544,620.3341162692709,2,0.022023999999873922,0.02388780000001134,0.04591179999988526,15,0,8.58885365561018e-10,True,1.3399006034788783
128,1000.0,disconnected,shift_x,arithmetic,dipole_x,2,2,jacobi,1703,768,47.828125,1258.5826771653544,620.3341162692709,2,7.379999988188501e-05,0.03888089999963995,0.038954699999521836,449,0,9.758964763523737e-10,True,0.0
128,1000.0,disconnected,shift_x,arithmetic,random,2,3,jacobi,1703,768,47.828125,1258.5826771653544,620.3341162692709,2,7.74000000092201e-05,0.05574259999957576,0.05581999999958498,636,0,9.602483169836392e-10,True,0.0
128,1000.0,disconnected,shift_x,arithmetic,dipole_y,2,4,jacobi,1703,768,47.828125,1258.5826771653544,620.3341162692709,2,7.759999971312936e-05,0.03732349999972939,0.03740109999944252,411,0,9.300640770715896e-10,True,0.0
128,1000.0,disconnected,shift_x,arithmetic,random,2,5,amg0,1703,768,47.828125,1258.5826771653544,620.3341162692709,2,0.02409200000056444,0.022395500000129687,0.046487500000694126,14,0,3.7125430220124255e-10,True,1.3399006034788783
128,1000.0,disconnected,shift_x,arithmetic,dipole_y,2,6,amg0,1703,768,47.828125,1258.5826771653544,620.3341162692709,2,0.022747200000594603,0.026320800000576128,0.04906800000117073,16,0,2.0496027336877064e-10,True,1.3399006034788783
128,1000.0,disconnected,shift_x,arithmetic,ones,2,7,amg0,1703,768,47.828125,1258.5826771653544,620.3341162692709,2,0.02230989999952726,0.02756749999934982,0.04987739999887708,16,0,2.7402307847677784e-10,True,1.3399006034788783
128,1000.0,disconnected,shift_x,arithmetic,random,3,0,amg0,1704,768,47.828125,1258.5826771653544,620.3341162692709,2,0.026024499999948603,0.021354900000005728,0.04737939999995433,14,0,2.678063955180483e-10,True,1.3399006034788783
128,1000.0,disconnected,shift_x,arithmetic,dipole_x,3,1,jacobi,1704,768,47.828125,1258.5826771653544,620.3341162692709,2,7.480000022042077e-05,0.039268499999707274,0.039343299999927694,449,0,9.758964763523737e-10,True,0.0
128,1000.0,disconnected,shift_x,arithmetic,ones,3,2,amg0,1704,768,47.828125,1258.5826771653544,620.3341162692709,2,0.025342299999465467,0.02319699999952718,0.04853929999899265,15,0,8.175623716765267e-10,True,1.3399006034788783
128,1000.0,disconnected,shift_x,arithmetic,dipole_y,3,3,amg0,1704,768,47.828125,1258.5826771653544,620.3341162692709,2,0.025628600000345614,0.023917100000289793,0.049545700000635406,16,0,1.6140938714685592e-10,True,1.3399006034788783
128,1000.0,disconnected,shift_x,arithmetic,random,3,4,jacobi,1704,768,47.828125,1258.5826771653544,620.3341162692709,2,7.279999954334926e-05,0.055171599999994214,0.05524439999953756,636,0,9.602483169836392e-10,True,0.0
128,1000.0,disconnected,shift_x,arithmetic,dipole_y,3,5,jacobi,1704,768,47.828125,1258.5826771653544,620.3341162692709,2,9.569999929226469e-05,0.034970099999554805,0.03506579999884707,411,0,9.300640770715896e-10,True,0.0
128,1000.0,disconnected,shift_x,arithmetic,dipole_x,3,6,amg0,1704,768,47.828125,1258.5826771653544,620.3341162692709,2,0.027051500000197848,0.02343639999980951,0.05048790000000736,15,0,6.196787996980136e-10,True,1.3399006034788783
128,1000.0,disconnected,shift_x,arithmetic,ones,3,7,jacobi,1704,768,47.828125,1258.5826771653544,620.3341162692709,2,7.49000000723754e-05,0.04201590000047872,0.0420908000005511,471,0,1.4292059178032373e-09,True,0.0
128,1000.0,disconnected,shift_x,arithmetic,ones,4,0,jacobi,1705,768,47.828125,1258.5826771653544,620.3341162692709,2,7.439999990310753e-05,0.04119280000031722,0.04126720000022033,471,0,1.4292059178032373e-09,True,0.0
128,1000.0,disconnected,shift_x,arithmetic,dipole_y,4,1,amg0,1705,768,47.828125,1258.5826771653544,620.3341162692709,2,0.025726900000336173,0.024647700000059558,0.05037460000039573,16,0,1.6377460249361796e-10,True,1.3399006034788783
128,1000.0,disconnected,shift_x,arithmetic,ones,4,2,amg0,1705,768,47.828125,1258.5826771653544,620.3341162692709,2,0.024175900000045658,0.024158600000191655,0.04833450000023731,15,0,8.073180712965513e-10,True,1.3399006034788783
128,1000.0,disconnected,shift_x,arithmetic,random,4,3,jacobi,1705,768,47.828125,1258.5826771653544,620.3341162692709,2,8.900000011635711e-05,0.05642459999944549,0.05651359999956185,636,0,9.602483169836392e-10,True,0.0
128,1000.0,disconnected,shift_x,arithmetic,random,4,4,amg0,1705,768,47.828125,1258.5826771653544,620.3341162692709,2,0.029099700000188022,0.02603079999971669,0.055130499999904714,14,0,2.670808061976651e-10,True,1.3399006034788783
128,1000.0,disconnected,shift_x,arithmetic,dipole_x,4,5,amg0,1705,768,47.828125,1258.5826771653544,620.3341162692709,2,0.026475399999981164,0.02678390000073705,0.05325930000071821,15,0,6.193486960753443e-10,True,1.3399006034788783
128,1000.0,disconnected,shift_x,arithmetic,dipole_x,4,6,jacobi,1705,768,47.828125,1258.5826771653544,620.3341162692709,2,7.710000045335619e-05,0.04603380000025936,0.04611090000071272,449,0,9.758964763523737e-10,True,0.0
128,1000.0,disconnected,shift_x,arithmetic,dipole_y,4,7,jacobi,1705,768,47.828125,1258.5826771653544,620.3341162692709,2,7.840000034775585e-05,0.04304789999969216,0.04312630000003992,411,0,9.300640770715896e-10,True,0.0
96,1000.0,connected,centered,arithmetic,dipole_y,0,0,jacobi,1701,432,47.828125,1261.8947368421052,464.02945705181685,1,9.200000022246968e-05,0.027603399999861722,0.02769540000008419,450,0,9.83243563885885e-10,True,0.0
96,1000.0,connected,centered,arithmetic,dipole_x,0,1,jacobi,1701,432,47.828125,1261.8947368421052,464.02945705181685,1,5.469999996421393e-05,0.028103999999984808,0.02815869999994902,440,0,9.165597081023966e-10,True,0.0
96,1000.0,connected,centered,arithmetic,dipole_y,0,2,amg0,1701,432,47.828125,1261.8947368421052,464.02945705181685,1,0.019214800000554533,0.02145730000029289,0.04067210000084742,14,0,6.581439178999658e-10,True,1.342046388457675
96,1000.0,connected,centered,arithmetic,ones,0,3,jacobi,1701,432,47.828125,1261.8947368421052,464.02945705181685,1,6.480000047304202e-05,0.029506300000321062,0.029571100000794104,454,0,9.972226770751474e-10,True,0.0
96,1000.0,connected,centered,arithmetic,dipole_x,0,4,amg0,1701,432,47.828125,1261.8947368421052,464.02945705181685,1,0.018283499999597552,0.019496700000672718,0.03778020000027027,14,0,4.177728769260369e-10,True,1.342046388457675
96,1000.0,connected,centered,arithmetic,random,0,5,jacobi,1701,432,47.828125,1261.8947368421052,464.02945705181685,1,6.690000009257346e-05,0.027758000000176253,0.027824900000268826,442,0,9.424474270842846e-10,True,0.0
96,1000.0,connected,centered,arithmetic,ones,0,6,amg0,1701,432,47.828125,1261.8947368421052,464.02945705181685,1,0.01651159999983065,0.019914999999855354,0.036426599999686005,14,0,4.97817798814971e-10,True,1.342046388457675
96,1000.0,connected,centered,arithmetic,random,0,7,amg0,1701,432,47.828125,1261.8947368421052,464.02945705181685,1,0.01775270000052842,0.013479799999913666,0.031232500000442087,12,0,4.015175170820946e-10,True,1.342046388457675
96,1000.0,connected,centered,arithmetic,dipole_y,1,0,amg0,1702,432,47.828125,1261.8947368421052,464.02945705181685,1,0.017526700000416895,0.018062999999528984,0.03558969999994588,14,0,6.518373705371536e-10,True,1.342046388457675
96,1000.0,connected,centered,arithmetic,dipole_x,1,1,amg0,1702,432,47.828125,1261.8947368421052,464.02945705181685,1,0.0174592000003031,0.016138500000124623,0.03359770000042772,14,0,4.1623026982754725e-10,True,1.342046388457675
96,1000.0,connected,centered,arithmetic,random,1,2,amg0,1702,432,47.828125,1261.8947368421052,464.02945705181685,1,0.01624660000015865,0.013678000000254542,0.029924600000413193,12,0,4.001262002127411e-10,True,1.342046388457675
96,1000.0,connected,centered,arithmetic,dipole_x,1,3,jacobi,1702,432,47.828125,1261.8947368421052,464.02945705181685,1,5.9899999541812576e-05,0.028512299999420065,0.028572199998961878,440,0,9.165597081023966e-10,True,0.0
96,1000.0,connected,centered,arithmetic,dipole_y,1,4,jacobi,1702,432,47.828125,1261.8947368421052,464.02945705181685,1,5.959999998594867e-05,0.03026120000049559,0.03032080000048154,450,0,9.83243563885885e-10,True,0.0
96,1000.0,connected,centered,arithmetic,ones,1,5,jacobi,1702,432,47.828125,1261.8947368421052,464.02945705181685,1,6.099999973230297e-05,0.030581599999095488,0.03064259999882779,454,0,9.972226770751474e-10,True,0.0
96,1000.0,connected,centered,arithmetic,random,1,6,jacobi,1702,432,47.828125,1261.8947368421052,464.02945705181685,1,6.510000002890592e-05,0.02886820000003354,0.028933300000062445,442,0,9.424474270842846e-10,True,0.0
96,1000.0,connected,centered,arithmetic,ones,1,7,amg0,1702,432,47.828125,1261.8947368421052,464.02945705181685,1,0.01633769999989454,0.014881600000080653,0.031219299999975192,14,0,4.995950924975309e-10,True,1.342046388457675
96,1000.0,connected,centered,arithmetic,ones,2,0,amg0,1703,432,47.828125,1261.8947368421052,464.02945705181685,1,0.015348699999776727,0.014467800000602438,0.029816500000379165,14,0,4.954797658266939e-10,True,1.342046388457675
96,1000.0,connected,centered,arithmetic,random,2,1,jacobi,1703,432,47.828125,1261.8947368421052,464.02945705181685,1,7.94000006862916e-05,0.02811649999966903,0.028195900000355323,442,0,9.424474270842846e-10,True,0.0
96,1000.0,connected,centered,arithmetic,dipole_x,2,2,jacobi,1703,432,47.828125,1261.8947368421052,464.02945705181685,1,5.830000009154901e-05,0.028777599999557424,0.028835899999648973,440,0,9.165597081023966e-10,True,0.0
96,1000.0,connected,centered,arithmetic,dipole_y,2,3,jacobi,1703,432,47.828125,1261.8947368421052,464.02945705181685,1,5.959999998594867e-05,0.02781429999959073,0.02787389999957668,450,0,9.83243563885885e-10,True,0.0
96,1000.0,connected,centered,arithmetic,random,2,4,amg0,1703,432,47.828125,1261.8947368421052,464.02945705181685,1,0.016202600000724487,0.013933299999735027,0.030135900000459515,12,0,4.0188021834912023e-10,True,1.342046388457675
96,1000.0,connected,centered,arithmetic,dipole_x,2,5,amg0,1703,432,47.828125,1261.8947368421052,464.02945705181685,1,0.014850900000055844,0.014292599999862432,0.029143499999918276,14,0,4.179282612502936e-10,True,1.342046388457675
96,1000.0,connected,centered,arithmetic,ones,2,6,jacobi,1703,432,47.828125,1261.8947368421052,464.02945705181685,1,6.24999993306119e-05,0.026435599999786064,0.026498099999116675,454,0,9.972226770751474e-10,True,0.0
96,1000.0,connected,centered,arithmetic,dipole_y,2,7,amg0,1703,432,47.828125,1261.8947368421052,464.02945705181685,1,0.014829700000518642,0.013879600000109349,0.02870930000062799,14,0,6.596062002696693e-10,True,1.342046388457675
96,1000.0,connected,centered,arithmetic,dipole_x,3,0,amg0,1704,432,47.828125,1261.8947368421052,464.02945705181685,1,0.014063600000554288,0.014075899999625108,0.028139500000179396,14,0,4.179628692617854e-10,True,1.342046388457675
96,1000.0,connected,centered,arithmetic,random,3,1,jacobi,1704,432,47.828125,1261.8947368421052,464.02945705181685,1,5.580000015470432e-05,0.024245199999313627,0.02430099999946833,442,0,9.424474270842846e-10,True,0.0
96,1000.0,connected,centered,arithmetic,random,3,2,amg0,1704,432,47.828125,1261.8947368421052,464.02945705181685,1,0.014056500000151573,0.01235140000062529,0.026407900000776863,12,0,4.01696625657957e-10,True,1.342046388457675
96,1000.0,connected,centered,arithmetic,dipole_y,3,3,jacobi,1704,432,47.828125,1261.8947368421052,464.02945705181685,1,6.410000059986487e-05,0.0243759000004502,0.024440000001050066,450,0,9.83243563885885e-10,True,0.0
96,1000.0,connected,centered,arithmetic,ones,3,4,amg0,1704,432,47.828125,1261.8947368421052,464.02945705181685,1,0.01476379999985511,0.013817899999594374,0.028581699999449484,14,0,4.984624824177341e-10,True,1.342046388457675
96,1000.0,connected,centered,arithmetic,dipole_x,3,5,jacobi,1704,432,47.828125,1261.8947368421052,464.02945705181685,1,6.660000053670956e-05,0.024905900000703696,0.024972500001240405,440,0,9.165597081023966e-10,True,0.0
96,1000.0,connected,centered,arithmetic,ones,3,6,jacobi,1704,432,47.828125,1261.8947368421052,464.02945705181685,1,5.5499999689345714e-05,0.024521899999854213,0.02457739999954356,454,0,9.972226770751474e-10,True,0.0
96,1000.0,connected,centered,arithmetic,dipole_y,3,7,amg0,1704,432,47.828125,1261.8947368421052,464.02945705181685,1,0.014384699999936856,0.013547300000027462,0.02793199999996432,14,0,6.589244759589261e-10,True,1.342046388457675
96,1000.0,connected,centered,arithmetic,ones,4,0,amg0,1705,432,47.828125,1261.8947368421052,464.02945705181685,1,0.01507209999999759,0.01361090000045806,0.02868300000045565,14,0,5.033242269005313e-10,True,1.342046388457675
96,1000.0,connected,centered,arithmetic,random,4,1,amg0,1705,432,47.828125,1261.8947368421052,464.02945705181685,1,0.01552350000019942,0.011525400000209629,0.02704890000040905,12,0,4.010782894757921e-10,True,1.342046388457675
96,1000.0,connected,centered,arithmetic,dipole_x,4,2,jacobi,1705,432,47.828125,1261.8947368421052,464.02945705181685,1,5.919999966863543e-05,0.02386619999924733,0.023925399998915964,440,0,9.165597081023966e-10,True,0.0
96,1000.0,connected,centered,arithmetic,dipole_y,4,3,jacobi,1705,432,47.828125,1261.8947368421052,464.02945705181685,1,5.510000028152717e-05,0.024617500000204018,0.024672600000485545,450,0,9.83243563885885e-10,True,0.0
96,1000.0,connected,centered,arithmetic,random,4,4,jacobi,1705,432,47.828125,1261.8947368421052,464.02945705181685,1,5.609999971056823e-05,0.024851099999978032,0.0249071999996886,442,0,9.424474270842846e-10,True,0.0
96,1000.0,connected,centered,arithmetic,dipole_y,4,5,amg0,1705,432,47.828125,1261.8947368421052,464.02945705181685,1,0.01547870000013063,0.013290300000335264,0.028769000000465894,14,0,6.561389616734213e-10,True,1.342046388457675
96,1000.0,connected,centered,arithmetic,ones,4,6,jacobi,1705,432,47.828125,1261.8947368421052,464.02945705181685,1,5.8399999943503644e-05,0.024461999999402906,0.02452039999934641,454,0,9.972226770751474e-10,True,0.0
96,1000.0,connected,centered,arithmetic,dipole_x,4,7,amg0,1705,432,47.828125,1261.8947368421052,464.02945705181685,1,0.01655789999949775,0.014387600000191014,0.030945499999688764,14,0,4.170410156464914e-10,True,1.342046388457675
96,1000.0,connected,transpose,arithmetic,dipole_x,0,0,jacobi,1701,432,47.828125,1261.8947368421052,464.02945705181685,1,5.129999954078812e-05,0.02395890000025247,0.024010199999793258,440,0,9.161955011521065e-10,True,0.0
96,1000.0,connected,transpose,arithmetic,random,0,1,jacobi,1701,432,47.828125,1261.8947368421052,464.02945705181685,1,5.529999998543644e-05,0.02404370000022027,0.024099000000205706,442,0,9.422874085442483e-10,True,0.0
96,1000.0,connected,transpose,arithmetic,dipole_x,0,2,amg0,1701,432,47.828125,1261.8947368421052,464.02945705181685,1,0.014047100000425417,0.012406299999383918,0.026453399999809335,13,0,8.786087272022579e-10,True,1.342046388457675
96,1000.0,connected,transpose,arithmetic,ones,0,3,jacobi,1701,432,47.828125,1261.8947368421052,464.02945705181685,1,7.14999996489496e-05,0.024135699999533244,0.024207199999182194,454,0,1.000904409969774e-09,True,0.0
96,1000.0,connected,transpose,arithmetic,dipole_y,0,4,amg0,1701,432,47.828125,1261.8947368421052,464.02945705181685,1,0.014274299999669893,0.012535699999716599,0.02680999999938649,13,0,9.235616484007814e-10,True,1.342046388457675
96,1000.0,connected,transpose,arithmetic,dipole_y,0,5,jacobi,1701,432,47.828125,1261.8947368421052,464.02945705181685,1,5.680000049324008e-05,0.024331000000529457,0.024387800001022697,450,0,9.829793971890795e-10,True,0.0
96,1000.0,connected,transpose,arithmetic,random,0,6,amg0,1701,432,47.828125,1261.8947368421052,464.02945705181685,1,0.013778600000478036,0.011508899999171263,0.0252874999996493,12,0,2.2433278779456183e-10,True,1.342046388457675
96,1000.0,connected,transpose,arithmetic,ones,0,7,amg0,1701,432,47.828125,1261.8947368421052,464.02945705181685,1,0.014418700000533136,0.01317749999998341,0.027596200000516546,14,0,1.9079618954129486e-10,True,1.342046388457675
96,1000.0,connected,transpose,arithmetic,ones,1,0,amg0,1702,432,47.828125,1261.8947368421052,464.02945705181685,1,0.015974399999322486,0.014106900000115274,0.03008129999943776,14,0,1.8562627429200131e-10,True,1.342046388457675
96,1000.0,connected,transpose,arithmetic,ones,1,1,jacobi,1702,432,47.828125,1261.8947368421052,464.02945705181685,1,7.120000009308569e-05,0.024809900000036578,0.024881100000129663,454,0,1.000904409969774e-09,True,0.0
96,1000.0,connected,transpose,arithmetic,dipole_x,1,2,jacobi,1702,432,47.828125,1261.8947368421052,464.02945705181685,1,5.49000005776179e-05,0.023979900000085763,0.02403480000066338,440,0,9.161955011521065e-10,True,0.0
96,1000.0,connected,transpose,arithmetic,dipole_y,1,3,jacobi,1702,432,47.828125,1261.8947368421052,464.02945705181685,1,5.429999964690069e-05,0.024470100000144157,0.024524399999791058,450,0,9.829793971890795e-10,True,0.0
96,1000.0,connected,transpose,arithmetic,random,1,4,amg0,1702,432,47.828125,1261.8947368421052,464.02945705181685,1,0.016902899999877263,0.012515700000221841,0.029418600000099104,12,0,2.2499934203475525e-10,True,1.342046388457675
96,1000.0,connected,transpose,arithmetic,random,1,5,jacobi,1702,432,47.828125,1261.8947368421052,464.02945705181685,1,6.089999988034833e-05,0.023893999999927473,0.02395489999980782,442,0,9.422874085442483e-10,True,0.0
96,1000.0,connected,transpose,arithmetic,dipole_x,1,6,amg0,1702,432,47.828125,1261.8947368421052,464.02945705181685,1,0.016354299999875366,0.01356850000047416,0.029922800000349525,13,0,8.83315627663535e-10,True,1.342046388457675
96,1000.0,connected,transpose,arithmetic,dipole_y,1,7,amg0,1702,432,47.828125,1261.8947368421052,464.02945705181685,1,0.016959700000370503,0.012870799999291194,0.029830499999661697,13,0,9.265336086180256e-10,True,1.342046388457675
96,1000.0,connected,transpose,arithmetic,ones,2,0,jacobi,1703,432,47.828125,1261.8947368421052,464.02945705181685,1,5.999999939376721e-05,0.02525919999970938,0.025319199999103148,454,0,1.000904409969774e-09,True,0.0
96,1000.0,connected,transpose,arithmetic,dipole_x,2,1,jacobi,1703,432,47.828125,1261.8947368421052,464.02945705181685,1,5.3499999921768904e-05,0.024745099999563536,0.024798599999485305,440,0,9.161955011521065e-10,True,0.0
96,1000.0,connected,transpose,arithmetic,ones,2,2,amg0,1703,432,47.828125,1261.8947368421052,464.02945705181685,1,0.014605700000174693,0.013709799999560346,0.02831549999973504,14,0,1.8306208161979314e-10,True,1.342046388457675
96,1000.0,connected,transpose,arithmetic,dipole_y,2,3,amg0,1703,432,47.828125,1261.8947368421052,464.02945705181685,1,0.014386599999852479,0.013092000000142434,0.027478599999994913,13,0,9.197169777429107e-10,True,1.342046388457675
96,1000.0,connected,transpose,arithmetic,dipole_y,2,4,jacobi,1703,432,47.828125,1261.8947368421052,464.02945705181685,1,5.830000009154901e-05,0.024422999999842432,0.02448129999993398,450,0,9.829793971890795e-10,True,0.0
96,1000.0,connected,transpose,arithmetic,dipole_x,2,5,amg0,1703,432,47.828125,1261.8947368421052,464.02945705181685,1,0.013618599999972503,0.012548400000014226,0.02616699999998673,13,0,8.602524910014667e-10,True,1.342046388457675
96,1000.0,connected,transpose,arithmetic,random,2,6,jacobi,1703,432,47.828125,1261.8947368421052,464.02945705181685,1,7.00999999025953e-05,0.023640000000341388,0.023710100000243983,442,0,9.422874085442483e-10,True,0.0
96,1000.0,connected,transpose,arithmetic,random,2,7,amg0,1703,432,47.828125,1261.8947368421052,464.02945705181685,1,0.014899799999511742,0.011711199999808741,0.026610999999320484,12,0,2.2240517554831455e-10,True,1.342046388457675
96,1000.0,connected,transpose,arithmetic,ones,3,0,jacobi,1704,432,47.828125,1261.8947368421052,464.02945705181685,1,5.63000003239722e-05,0.030115900000055262,0.030172200000379235,454,0,1.000904409969774e-09,True,0.0
96,1000.0,connected,transpose,arithmetic,dipole_x,3,1,amg0,1704,432,47.828125,1261.8947368421052,464.02945705181685,1,0.014755000000150176,0.01247719999992114,0.027232200000071316,13,0,8.801329238547317e-10,True,1.342046388457675
96,1000.0,connected,transpose,arithmetic,ones,3,2,amg0,1704,432,47.828125,1261.8947368421052,464.02945705181685,1,0.014005400000314694,0.013214699999480217,0.02722009999979491,14,0,1.776262054785592e-10,True,1.342046388457675
96,1000.0,connected,transpose,arithmetic,random,3,3,amg0,1704,432,47.828125,1261.8947368421052,464.02945705181685,1,0.014894900000399502,0.012168499999461346,0.02706339999986085,12,0,2.246275384152013e-10,True,1.342046388457675
96,1000.0,connected,transpose,arithmetic,dipole_y,3,4,jacobi,1704,432,47.828125,1261.8947368421052,464.02945705181685,1,5.919999966863543e-05,0.02374630000031175,0.023805499999980384,450,0,9.829793971890795e-10,True,0.0
96,1000.0,connected,transpose,arithmetic,dipole_y,3,5,amg0,1704,432,47.828125,1261.8947368421052,464.02945705181685,1,0.01388039999983448,0.014520099999572267,0.028400499999406748,13,0,9.222229141987252e-10,True,1.342046388457675
96,1000.0,connected,transpose,arithmetic,dipole_x,3,6,jacobi,1704,432,47.828125,1261.8947368421052,464.02945705181685,1,5.760000021837186e-05,0.024622500000077707,0.02468010000029608,440,0,9.161955011521065e-10,True,0.0
96,1000.0,connected,transpose,arithmetic,random,3,7,jacobi,1704,432,47.828125,1261.8947368421052,464.02945705181685,1,5.419999979494605e-05,0.023483999999371008,0.023538199999165954,442,0,9.422874085442483e-10,True,0.0
96,1000.0,connected,transpose,arithmetic,dipole_x,4,0,jacobi,1705,432,47.828125,1261.8947368421052,464.02945705181685,1,5.1699999858101364e-05,0.023768699999891396,0.023820399999749498,440,0,9.161955011521065e-10,True,0.0
96,1000.0,connected,transpose,arithmetic,ones,4,1,jacobi,1705,432,47.828125,1261.8947368421052,464.02945705181685,1,5.289999990054639e-05,0.025102599999627273,0.02515549999952782,454,0,1.000904409969774e-09,True,0.0
96,1000.0,connected,transpose,arithmetic,dipole_y,4,2,jacobi,1705,432,47.828125,1261.8947368421052,464.02945705181685,1,5.439999949885532e-05,0.023774199999934353,0.02382859999943321,450,0,9.829793971890795e-10,True,0.0
96,1000.0,connected,transpose,arithmetic,dipole_y,4,3,amg0,1705,432,47.828125,1261.8947368421052,464.02945705181685,1,0.013849199999640405,0.01235759999963193,0.026206799999272334,13,0,9.239722331767536e-10,True,1.342046388457675
96,1000.0,connected,transpose,arithmetic,random,4,4,amg0,1705,432,47.828125,1261.8947368421052,464.02945705181685,1,0.014714400000229944,0.012146500000199012,0.026860900000428956,12,0,2.244278996939723e-10,True,1.342046388457675
96,1000.0,connected,transpose,arithmetic,ones,4,5,amg0,1705,432,47.828125,1261.8947368421052,464.02945705181685,1,0.01797279999937018,0.014036399999895366,0.03200919999926555,14,0,1.7917089729727515e-10,True,1.342046388457675
96,1000.0,connected,transpose,arithmetic,random,4,6,jacobi,1705,432,47.828125,1261.8947368421052,464.02945705181685,1,6.740000026184134e-05,0.024682299999767565,0.024749700000029407,442,0,9.422874085442483e-10,True,0.0
96,1000.0,connected,transpose,arithmetic,dipole_x,4,7,amg0,1705,432,47.828125,1261.8947368421052,464.02945705181685,1,0.014702899999974761,0.014910400000189838,0.0296133000001646,13,0,8.782015333082035e-10,True,1.342046388457675
96,1000.0,disconnected,transpose,harmonic,dipole_y,0,0,jacobi,1701,432,47.828125,1261.8947368421052,464.02945705181685,2,6.11000004937523e-05,0.014594700000088778,0.01465580000058253,246,0,8.411029317240611e-10,True,0.0
96,1000.0,disconnected,transpose,harmonic,dipole_x,0,1,jacobi,1701,432,47.828125,1261.8947368421052,464.02945705181685,2,5.9499999224499334e-05,0.0106551999997464,0.0107146999989709,197,0,9.46161201548045e-10,True,0.0
96,1000.0,disconnected,transpose,harmonic,dipole_y,0,2,amg0,1701,432,47.828125,1261.8947368421052,464.02945705181685,2,0.013536200000089593,0.014459299999543873,0.027995499999633466,15,0,2.7498740198414474e-10,True,1.342046388457675
96,1000.0,disconnected,transpose,harmonic,ones,0,3,amg0,1701,432,47.828125,1261.8947368421052,464.02945705181685,2,0.013430699999844364,0.014742299999852548,0.028172999999696913,15,0,4.043962802856128e-10,True,1.342046388457675
96,1000.0,disconnected,transpose,harmonic,random,0,4,jacobi,1701,432,47.828125,1261.8947368421052,464.02945705181685,2,6.329999996523838e-05,0.026031000000330096,0.026094300000295334,470,0,9.421657398966224e-10,True,0.0
96,1000.0,disconnected,transpose,harmonic,dipole_x,0,5,amg0,1701,432,47.828125,1261.8947368421052,464.02945705181685,2,0.01341480000064621,0.014408699999876262,0.027823500000522472,15,0,2.914318017390513e-10,True,1.342046388457675
96,1000.0,disconnected,transpose,harmonic,random,0,6,amg0,1701,432,47.828125,1261.8947368421052,464.02945705181685,2,0.014052500000616419,0.013454599999931816,0.027507100000548235,13,0,6.378625451189938e-10,True,1.342046388457675
96,1000.0,disconnected,transpose,harmonic,ones,0,7,jacobi,1701,432,47.828125,1261.8947368421052,464.02945705181685,2,5.710000004910398e-05,0.015381399999569112,0.015438499999618216,276,0,9.67740334220744e-10,True,0.0
96,1000.0,disconnected,transpose,harmonic,ones,1,0,jacobi,1702,432,47.828125,1261.8947368421052,464.02945705181685,2,5.6999999287654646e-05,0.014706800000567455,0.01476379999985511,276,0,9.67740334220744e-10,True,0.0
96,1000.0,disconnected,transpose,harmonic,dipole_x,1,1,amg0,1702,432,47.828125,1261.8947368421052,464.02945705181685,2,0.01391449999937322,0.014948300000469317,0.028862799999842537,15,0,2.9156339071612234e-10,True,1.342046388457675
96,1000.0,disconnected,transpose,harmonic,dipole_y,1,2,amg0,1702,432,47.828125,1261.8947368421052,464.02945705181685,2,0.013959599999907368,0.014497299999675306,0.028456899999582674,15,0,2.815433027350114e-10,True,1.342046388457675
96,1000.0,disconnected,transpose,harmonic,dipole_y,1,3,jacobi,1702,432,47.828125,1261.8947368421052,464.02945705181685,2,6.22000006842427e-05,0.013569099999585887,0.01363130000027013,246,0,8.411029317240611e-10,True,0.0
96,1000.0,disconnected,transpose,harmonic,random,1,4,jacobi,1702,432,47.828125,1261.8947368421052,464.02945705181685,2,6.8700000156241e-05,0.02471160000004602,0.02478030000020226,470,0,9.421657398966224e-10,True,0.0
96,1000.0,disconnected,transpose,harmonic,random,1,5,amg0,1702,432,47.828125,1261.8947368421052,464.02945705181685,2,0.014963099999476981,0.012583499999891501,0.027546599999368482,13,0,6.380567436513025e-10,True,1.342046388457675
96,1000.0,disconnected,transpose,harmonic,dipole_x,1,6,jacobi,1702,432,47.828125,1261.8947368421052,464.02945705181685,2,5.8200000239594374e-05,0.01366870000038034,0.013726900000619935,197,0,9.46161201548045e-10,True,0.0
96,1000.0,disconnected,transpose,harmonic,ones,1,7,amg0,1702,432,47.828125,1261.8947368421052,464.02945705181685,2,0.013898100000005797,0.014234100000066974,0.02813220000007277,15,0,3.9988208016752235e-10,True,1.342046388457675
96,1000.0,disconnected,transpose,harmonic,dipole_y,2,0,amg0,1703,432,47.828125,1261.8947368421052,464.02945705181685,2,0.013000100000681414,0.014409899999918707,0.02741000000060012,15,0,2.801453894274475e-10,True,1.342046388457675
96,1000.0,disconnected,transpose,harmonic,dipole_x,2,1,amg0,1703,432,47.828125,1261.8947368421052,464.02945705181685,2,0.012902599999506492,0.014123499999186606,0.0270260999986931,15,0,2.918768025119239e-10,True,1.342046388457675
96,1000.0,disconnected,transpose,harmonic,ones,2,2,jacobi,1703,432,47.828125,1261.8947368421052,464.02945705181685,2,5.6599999879836105e-05,0.020012599999972736,0.02006919999985257,276,0,9.67740334220744e-10,True,0.0
96,1000.0,disconnected,transpose,harmonic,random,2,3,amg0,1703,432,47.828125,1261.8947368421052,464.02945705181685,2,0.012805700000171782,0.012634800000341784,0.025440500000513566,13,0,6.387563813317582e-10,True,1.342046388457675
96,1000.0,disconnected,transpose,harmonic,dipole_y,2,4,jacobi,1703,432,47.828125,1261.8947368421052,464.02945705181685,2,5.609999971056823e-05,0.013399399999798334,0.013455499999508902,246,0,8.411029317240611e-10,True,0.0
96,1000.0,disconnected,transpose,harmonic,dipole_x,2,5,jacobi,1703,432,47.828125,1261.8947368421052,464.02945705181685,2,5.330000021785963e-05,0.01069550000011077,0.010748800000328629,197,0,9.46161201548045e-10,True,0.0
96,1000.0,disconnected,transpose,harmonic,random,2,6,jacobi,1703,432,47.828125,1261.8947368421052,464.02945705181685,2,5.270000019663712e-05,0.026448700000401004,0.02650140000059764,470,0,9.421657398966224e-10,True,0.0
96,1000.0,disconnected,transpose,harmonic,ones,2,7,amg0,1703,432,47.828125,1261.8947368421052,464.02945705181685,2,0.014097999999648891,0.01538689999961207,0.02948489999926096,15,0,4.0277221359291417e-10,True,1.342046388457675
96,1000.0,disconnected,transpose,harmonic,random,3,0,amg0,1704,432,47.828125,1261.8947368421052,464.02945705181685,2,0.013422900000477966,0.012728099999549158,0.026151000000027125,13,0,6.326259509768014e-10,True,1.342046388457675
96,1000.0,disconnected,transpose,harmonic,dipole_x,3,1,amg0,1704,432,47.828125,1261.8947368421052,464.02945705181685,2,0.013329800000065006,0.015410099999826343,0.02873989999989135,15,0,2.889625773617222e-10,True,1.342046388457675
96,1000.0,disconnected,transpose,harmonic,dipole_y,3,2,jacobi,1704,432,47.828125,1261.8947368421052,464.02945705181685,2,5.669999973179074e-05,0.013520800000151212,0.013577499999883003,246,0,8.411029317240611e-10,True,0.0
96,1000.0,disconnected,transpose,harmonic,ones,3,3,jacobi,1704,432,47.828125,1261.8947368421052,464.02945705181685,2,5.2999999752501026e-05,0.015256399999998393,0.015309399999750894,276,0,9.67740334220744e-10,True,0.0
96,1000.0,disconnected,transpose,harmonic,ones,3,4,amg0,1704,432,47.828125,1261.8947368421052,464.02945705181685,2,0.01322009999967122,0.015189700000519224,0.028409800000190444,15,0,3.9902370172581973e-10,True,1.342046388457675
96,1000.0,disconnected,transpose,harmonic,dipole_x,3,5,jacobi,1704,432,47.828125,1261.8947368421052,464.02945705181685,2,5.7700000070326496e-05,0.011435899999924004,0.01149359999999433,197,0,9.46161201548045e-10,True,0.0
96,1000.0,disconnected,transpose,harmonic,dipole_y,3,6,amg0,1704,432,47.828125,1261.8947368421052,464.02945705181685,2,0.01296360000014829,0.014202299999851675,0.027165899999999965,15,0,2.772630283087612e-10,True,1.342046388457675
96,1000.0,disconnected,transpose,harmonic,random,3,7,jacobi,1704,432,47.828125,1261.8947368421052,464.02945705181685,2,5.7300000662507955e-05,0.025199300000167568,0.025256600000830076,470,0,9.421657398966224e-10,True,0.0
96,1000.0,disconnected,transpose,harmonic,dipole_y,4,0,jacobi,1705,432,47.828125,1261.8947368421052,464.02945705181685,2,5.469999996421393e-05,0.013928800000030606,0.01398349999999482,246,0,8.411029317240611e-10,True,0.0
96,1000.0,disconnected,transpose,harmonic,dipole_x,4,1,amg0,1705,432,47.828125,1261.8947368421052,464.02945705181685,2,0.013847199999872828,0.015233500000249478,0.029080700000122306,15,0,2.8996256318702477e-10,True,1.342046388457675
96,1000.0,disconnected,transpose,harmonic,dipole_y,4,2,amg0,1705,432,47.828125,1261.8947368421052,464.02945705181685,2,0.013796199999887904,0.014991400000326394,0.028787600000214297,15,0,2.79514540668339e-10,True,1.342046388457675
96,1000.0,disconnected,transpose,harmonic,ones,4,3,amg0,1705,432,47.828125,1261.8947368421052,464.02945705181685,2,0.01626109999961045,0.015012800000477,0.03127390000008745,15,0,4.0024569640726153e-10,True,1.342046388457675
96,1000.0,disconnected,transpose,harmonic,ones,4,4,jacobi,1705,432,47.828125,1261.8947368421052,464.02945705181685,2,5.919999966863543e-05,0.015083299999787414,0.01514249999945605,276,0,9.67740334220744e-10,True,0.0
96,1000.0,disconnected,transpose,harmonic,dipole_x,4,5,jacobi,1705,432,47.828125,1261.8947368421052,464.02945705181685,2,5.4999999520077836e-05,0.01083939999989525,0.010894399999415327,197,0,9.46161201548045e-10,True,0.0
96,1000.0,disconnected,transpose,harmonic,random,4,6,amg0,1705,432,47.828125,1261.8947368421052,464.02945705181685,2,0.013741799999479554,0.013028499999563792,0.026770299999043345,13,0,6.351231147591218e-10,True,1.342046388457675
96,1000.0,disconnected,transpose,harmonic,random,4,7,jacobi,1705,432,47.828125,1261.8947368421052,464.02945705181685,2,5.710000004910398e-05,0.02638680000018212,0.026443900000231224,470,0,9.421657398966224e-10,True,0.0
128,1000.0,disconnected,transpose,harmonic,dipole_y,0,0,jacobi,1701,768,47.828125,1258.5826771653544,620.3341162692709,2,6.959999973332742e-05,0.028691400000752765,0.028761000000486092,328,0,9.81318847343458e-10,True,0.0
128,1000.0,disconnected,transpose,harmonic,dipole_x,0,1,jacobi,1701,768,47.828125,1258.5826771653544,620.3341162692709,2,7.499999992433004e-05,0.022896700000273995,0.022971700000198325,266,0,9.116921635735068e-10,True,0.0
128,1000.0,disconnected,transpose,harmonic,dipole_y,0,2,amg0,1701,768,47.828125,1258.5826771653544,620.3341162692709,2,0.02213370000026771,0.02448660000027303,0.04662030000054074,16,0,4.674650764821692e-10,True,1.3399006034788783
128,1000.0,disconnected,transpose,harmonic,ones,0,3,amg0,1701,768,47.828125,1258.5826771653544,620.3341162692709,2,0.02118270000028133,0.0241267000001244,0.04530940000040573,16,0,5.822558010844066e-10,True,1.3399006034788783
128,1000.0,disconnected,transpose,harmonic,random,0,4,jacobi,1701,768,47.828125,1258.5826771653544,620.3341162692709,2,9.589999990566866e-05,0.05496619999939867,0.05506209999930434,634,0,9.708283193027376e-10,True,0.0
128,1000.0,disconnected,transpose,harmonic,dipole_x,0,5,amg0,1701,768,47.828125,1258.5826771653544,620.3341162692709,2,0.021674399999938032,0.02501769999980752,0.04669209999974555,16,0,4.778220735631818e-10,True,1.3399006034788783
128,1000.0,disconnected,transpose,harmonic,random,0,6,amg0,1701,768,47.828125,1258.5826771653544,620.3341162692709,2,0.022928300000785384,0.02202359999955661,0.04495190000034199,14,0,5.402640376273936e-10,True,1.3399006034788783
128,1000.0,disconnected,transpose,harmonic,ones,0,7,jacobi,1701,768,47.828125,1258.5826771653544,620.3341162692709,2,7.710000045335619e-05,0.03193399999963731,0.032011100000090664,366,0,1.3814990133655381e-09,True,0.0
128,1000.0,disconnected,transpose,harmonic,ones,1,0,amg0,1702,768,47.828125,1258.5826771653544,620.3341162692709,2,0.022009500000422122,0.02600189999975555,0.04801140000017767,16,0,6.01966724860009e-10,True,1.3399006034788783
128,1000.0,disconnected,transpose,harmonic,dipole_y,1,1,amg0,1702,768,47.828125,1258.5826771653544,620.3341162692709,2,0.021614799999952083,0.025259900000492053,0.046874700000444136,16,0,4.689180802549569e-10,True,1.3399006034788783
128,1000.0,disconnected,transpose,harmonic,random,1,2,jacobi,1702,768,47.828125,1258.5826771653544,620.3341162692709,2,8.569999954488594e-05,0.0556018999996013,0.05568759999914619,634,0,9.708283193027376e-10,True,0.0
128,1000.0,disconnected,transpose,harmonic,ones,1,3,jacobi,1702,768,47.828125,1258.5826771653544,620.3341162692709,2,7.15000005584443e-05,0.030974500000411354,0.031046000000969798,366,0,1.3814990133655381e-09,True,0.0
128,1000.0,disconnected,transpose,harmonic,dipole_x,1,4,jacobi,1702,768,47.828125,1258.5826771653544,620.3341162692709,2,7.920000007288763e-05,0.023800999999366468,0.023880199999439355,266,0,9.116921635735068e-10,True,0.0
128,1000.0,disconnected,transpose,harmonic,dipole_y,1,5,jacobi,1702,768,47.828125,1258.5826771653544,620.3341162692709,2,7.230000028357608e-05,0.027248899999904097,0.027321200000187673,328,0,9.81318847343458e-10,True,0.0
128,1000.0,disconnected,transpose,harmonic,random,1,6,amg0,1702,768,47.828125,1258.5826771653544,620.3341162692709,2,0.02122369999960938,0.02212450000024546,0.04334819999985484,14,0,5.514161258328836e-10,True,1.3399006034788783
128,1000.0,disconnected,transpose,harmonic,dipole_x,1,7,amg0,1702,768,47.828125,1258.5826771653544,620.3341162692709,2,0.02105440000013914,0.024398000000473985,0.045452400000613125,16,0,4.807230112731313e-10,True,1.3399006034788783
128,1000.0,disconnected,transpose,harmonic,dipole_y,2,0,amg0,1703,768,47.828125,1258.5826771653544,620.3341162692709,2,0.022107199999481963,0.025376200000209792,0.047483399999691756,16,0,4.672737151492372e-10,True,1.3399006034788783
128,1000.0,disconnected,transpose,harmonic,ones,2,1,amg0,1703,768,47.828125,1258.5826771653544,620.3341162692709,2,0.021753699999862874,0.025315100000625534,0.04706880000048841,16,0,6.016479785480189e-10,True,1.3399006034788783
128,1000.0,disconnected,transpose,harmonic,random,2,2,amg0,1703,768,47.828125,1258.5826771653544,620.3341162692709,2,0.022617499999796564,0.022229199999856064,0.04484669999965263,14,0,5.469840743945862e-10,True,1.3399006034788783
128,1000.0,disconnected,transpose,harmonic,ones,2,3,jacobi,1703,768,47.828125,1258.5826771653544,620.3341162692709,2,0.000120499999866297,0.0324190000001181,0.0325394999999844,366,0,1.3814990133655381e-09,True,0.0
128,1000.0,disconnected,transpose,harmonic,dipole_y,2,4,jacobi,1703,768,47.828125,1258.5826771653544,620.3341162692709,2,8.210000032704556e-05,0.03071249999993597,0.030794600000263017,328,0,9.81318847343458e-10,True,0.0
128,1000.0,disconnected,transpose,harmonic,dipole_x,2,5,jacobi,1703,768,47.828125,1258.5826771653544,620.3341162692709,2,8.309999975608662e-05,0.02435799999966548,0.024441099999421567,266,0,9.116921635735068e-10,True,0.0
128,1000.0,disconnected,transpose,harmonic,random,2,6,jacobi,1703,768,47.828125,1258.5826771653544,620.3341162692709,2,7.349999941652641e-05,0.05611849999968399,0.05619199999910052,634,0,9.708283193027376e-10,True,0.0
128,1000.0,disconnected,transpose,harmonic,dipole_x,2,7,amg0,1703,768,47.828125,1258.5826771653544,620.3341162692709,2,0.0225494999995135,0.026185200000327313,0.048734699999840814,16,0,4.803511570843433e-10,True,1.3399006034788783
128,1000.0,disconnected,transpose,harmonic,dipole_x,3,0,jacobi,1704,768,47.828125,1258.5826771653544,620.3341162692709,2,7.399999958579428e-05,0.023652200000469747,0.023726200000055542,266,0,9.116921635735068e-10,True,0.0
128,1000.0,disconnected,transpose,harmonic,dipole_y,3,1,jacobi,1704,768,47.828125,1258.5826771653544,620.3341162692709,2,7.869999990361976e-05,0.030347000000801927,0.030425700000705547,328,0,9.81318847343458e-10,True,0.0
128,1000.0,disconnected,transpose,harmonic,dipole_y,3,2,amg0,1704,768,47.828125,1258.5826771653544,620.3341162692709,2,0.022681700000248384,0.02452860000084911,0.047210300001097494,16,0,4.720609206893306e-10,True,1.3399006034788783
128,1000.0,disconnected,transpose,harmonic,random,3,3,jacobi,1704,768,47.828125,1258.5826771653544,620.3341162692709,2,7.230000028357608e-05,0.05333500000051572,0.053407300000799296,634,0,9.708283193027376e-10,True,0.0
128,1000.0,disconnected,transpose,harmonic,ones,3,4,jacobi,1704,768,47.828125,1258.5826771653544,620.3341162692709,2,7.389999973383965e-05,0.03130700000019715,0.03138089999993099,366,0,1.3814990133655381e-09,True,0.0
128,1000.0,disconnected,transpose,harmonic,ones,3,5,amg0,1704,768,47.828125,1258.5826771653544,620.3341162692709,2,0.02251909999995405,0.02433310000014899,0.04685220000010304,16,0,5.878756150601202e-10,True,1.3399006034788783
128,1000.0,disconnected,transpose,harmonic,dipole_x,3,6,amg0,1704,768,47.828125,1258.5826771653544,620.3341162692709,2,0.0227829000004931,0.024640200000249024,0.047423100000742124,16,0,4.806818674655429e-10,True,1.3399006034788783
128,1000.0,disconnected,transpose,harmonic,random,3,7,amg0,1704,768,47.828125,1258.5826771653544,620.3341162692709,2,0.021909900000537164,0.021428699999887613,0.043338600000424776,14,0,5.515077873955705e-10,True,1.3399006034788783
128,1000.0,disconnected,transpose,harmonic,dipole_x,4,0,amg0,1705,768,47.828125,1258.5826771653544,620.3341162692709,2,0.021832500000527943,0.024180899999919347,0.04601340000044729,16,0,4.828083376770079e-10,True,1.3399006034788783
128,1000.0,disconnected,transpose,harmonic,dipole_x,4,1,jacobi,1705,768,47.828125,1258.5826771653544,620.3341162692709,2,7.349999941652641e-05,0.023216300000058254,0.02328979999947478,266,0,9.116921635735068e-10,True,0.0
128,1000.0,disconnected,transpose,harmonic,ones,4,2,jacobi,1705,768,47.828125,1258.5826771653544,620.3341162692709,2,7.589999950141646e-05,0.030706800000189105,0.03078269999969052,366,0,1.3814990133655381e-09,True,0.0
128,1000.0,disconnected,transpose,harmonic,dipole_y,4,3,jacobi,1705,768,47.828125,1258.5826771653544,620.3341162692709,2,7.350000032602111e-05,0.028206700000737328,0.02828020000106335,328,0,9.81318847343458e-10,True,0.0
128,1000.0,disconnected,transpose,harmonic,dipole_y,4,4,amg0,1705,768,47.828125,1258.5826771653544,620.3341162692709,2,0.022608199999922363,0.02482719999989058,0.047435399999812944,16,0,4.69568985992115e-10,True,1.3399006034788783
128,1000.0,disconnected,transpose,harmonic,random,4,5,amg0,1705,768,47.828125,1258.5826771653544,620.3341162692709,2,0.02214559999993071,0.022819199999503326,0.044964799999434035,14,0,5.562950701412719e-10,True,1.3399006034788783
128,1000.0,disconnected,transpose,harmonic,random,4,6,jacobi,1705,768,47.828125,1258.5826771653544,620.3341162692709,2,7.60000002628658e-05,0.052325999999993655,0.05240200000025652,634,0,9.708283193027376e-10,True,0.0
128,1000.0,disconnected,transpose,harmonic,ones,4,7,amg0,1705,768,47.828125,1258.5826771653544,620.3341162692709,2,0.022237700000005134,0.02539280000019062,0.04763050000019575,16,0,5.93288913414451e-10,True,1.3399006034788783
96,1000.0,disconnected,shift_x,arithmetic,dipole_x,0,0,amg0,1701,432,47.828125,1261.8947368421052,464.02945705181685,2,0.01445999999941705,0.015969099999892933,0.030429099999309983,16,0,3.783611365655255e-10,True,1.342046388457675
96,1000.0,disconnected,shift_x,arithmetic,random,0,1,jacobi,1701,432,47.828125,1261.8947368421052,464.02945705181685,2,5.529999998543644e-05,0.026029300000118383,0.02608460000010382,469,0,9.751255544367017e-10,True,0.0
96,1000.0,disconnected,shift_x,arithmetic,random,0,2,amg0,1701,432,47.828125,1261.8947368421052,464.02945705181685,2,0.01482899999973597,0.013150199999472534,0.027979199999208504,14,0,7.425942466325576e-10,True,1.342046388457675
96,1000.0,disconnected,shift_x,arithmetic,dipole_y,0,3,amg0,1701,432,47.828125,1261.8947368421052,464.02945705181685,2,0.014277900000706722,0.016434900000604102,0.030712800001310825,16,0,4.2759353283779884e-10,True,1.342046388457675
96,1000.0,disconnected,shift_x,arithmetic,ones,0,4,jacobi,1701,432,47.828125,1261.8947368421052,464.02945705181685,2,7.070000083331252e-05,0.01882460000069841,0.018895300001531723,352,0,9.536179824784279e-10,True,0.0
96,1000.0,disconnected,shift_x,arithmetic,ones,0,5,amg0,1701,432,47.828125,1261.8947368421052,464.02945705181685,2,0.014812000000347325,0.015065199999298784,0.02987719999964611,16,0,5.386415177271642e-10,True,1.342046388457675
96,1000.0,disconnected,shift_x,arithmetic,dipole_x,0,6,jacobi,1701,432,47.828125,1261.8947368421052,464.02945705181685,2,5.959999998594867e-05,0.018933999999717344,0.018993599999703292,336,0,8.543504510463124e-10,True,0.0
96,1000.0,disconnected,shift_x,arithmetic,dipole_y,0,7,jacobi,1701,432,47.828125,1261.8947368421052,464.02945705181685,2,5.400000009103678e-05,0.016539699999157165,0.0165936999992482,306,0,9.39143095115245e-10,True,0.0
96,1000.0,disconnected,shift_x,arithmetic,dipole_y,1,0,jacobi,1702,432,47.828125,1261.8947368421052,464.02945705181685,2,5.1900000471505336e-05,0.01593460000003688,0.015986500000508386,306,0,9.39143095115245e-10,True,0.0
96,1000.0,disconnected,shift_x,arithmetic,dipole_y,1,1,amg0,1702,432,47.828125,1261.8947368421052,464.02945705181685,2,0.01404850000017177,0.016041800000493822,0.030090300000665593,16,0,4.2631110662079606e-10,True,1.342046388457675
96,1000.0,disconnected,shift_x,arithmetic,ones,1,2,amg0,1702,432,47.828125,1261.8947368421052,464.02945705181685,2,0.013882700000067416,0.015068499999870255,0.02895119999993767,16,0,5.369373577610256e-10,True,1.342046388457675
96,1000.0,disconnected,shift_x,arithmetic,random,1,3,jacobi,1702,432,47.828125,1261.8947368421052,464.02945705181685,2,6.269999994401587e-05,0.02583909999975731,0.025901799999701325,469,0,9.751255544367017e-10,True,0.0
96,1000.0,disconnected,shift_x,arithmetic,dipole_x,1,4,amg0,1702,432,47.828125,1261.8947368421052,464.02945705181685,2,0.014805300000261923,0.01626349999969534,0.031068799999957264,16,0,3.7563408082838866e-10,True,1.342046388457675
96,1000.0,disconnected,shift_x,arithmetic,dipole_x,1,5,jacobi,1702,432,47.828125,1261.8947368421052,464.02945705181685,2,5.7700000070326496e-05,0.018801000000166823,0.01885870000023715,336,0,8.543504510463124e-10,True,0.0
96,1000.0,disconnected,shift_x,arithmetic,ones,1,6,jacobi,1702,432,47.828125,1261.8947368421052,464.02945705181685,2,5.719999990105862e-05,0.020653300000049057,0.020710499999950116,352,0,9.536179824784279e-10,True,0.0
96,1000.0,disconnected,shift_x,arithmetic,random,1,7,amg0,1702,432,47.828125,1261.8947368421052,464.02945705181685,2,0.015336800000113726,0.014963100000386476,0.0302999000005002,14,0,7.377390446107574e-10,True,1.342046388457675
96,1000.0,disconnected,shift_x,arithmetic,dipole_x,2,0,amg0,1703,432,47.828125,1261.8947368421052,464.02945705181685,2,0.014806400000452413,0.01661699999931443,0.03142339999976684,16,0,3.772553263161641e-10,True,1.342046388457675
96,1000.0,disconnected,shift_x,arithmetic,dipole_x,2,1,jacobi,1703,432,47.828125,1261.8947368421052,464.02945705181685,2,5.880000026081689e-05,0.01848619999964285,0.018544999999903666,336,0,8.543504510463124e-10,True,0.0
96,1000.0,disconnected,shift_x,arithmetic,dipole_y,2,2,amg0,1703,432,47.828125,1261.8947368421052,464.02945705181685,2,0.013930799999798182,0.015011800000138464,0.028942599999936647,16,0,4.287533321688155e-10,True,1.342046388457675
96,1000.0,disconnected,shift_x,arithmetic,random,2,3,jacobi,1703,432,47.828125,1261.8947368421052,464.02945705181685,2,5.559999954130035e-05,0.026489699999729055,0.026545299999270355,469,0,9.751255544367017e-10,True,0.0
96,1000.0,disconnected,shift_x,arithmetic,ones,2,4,jacobi,1703,432,47.828125,1261.8947368421052,464.02945705181685,2,5.510000028152717e-05,0.01900779999959923,0.019062899999880756,352,0,9.536179824784279e-10,True,0.0
96,1000.0,disconnected,shift_x,arithmetic,dipole_y,2,5,jacobi,1703,432,47.828125,1261.8947368421052,464.02945705181685,2,5.529999998543644e-05,0.017991900000197347,0.018047200000182784,306,0,9.39143095115245e-10,True,0.0
96,1000.0,disconnected,shift_x,arithmetic,random,2,6,amg0,1703,432,47.828125,1261.8947368421052,464.02945705181685,2,0.014635100000305101,0.013751899999988382,0.028387000000293483,14,0,7.403546452653887e-10,True,1.342046388457675
96,1000.0,disconnected,shift_x,arithmetic,ones,2,7,amg0,1703,432,47.828125,1261.8947368421052,464.02945705181685,2,0.014022599999407248,0.01583459999983461,0.029857199999241857,16,0,5.359186072147686e-10,True,1.342046388457675
96,1000.0,disconnected,shift_x,arithmetic,dipole_y,3,0,amg0,1704,432,47.828125,1261.8947368421052,464.02945705181685,2,0.014198199999555072,0.01535650000005262,0.029554699999607692,16,0,4.287167508735835e-10,True,1.342046388457675
96,1000.0,disconnected,shift_x,arithmetic,random,3,1,amg0,1704,432,47.828125,1261.8947368421052,464.02945705181685,2,0.014210499999535386,0.013526099999580765,0.02773659999911615,14,0,7.437434621856995e-10,True,1.342046388457675
96,1000.0,disconnected,shift_x,arithmetic,random,3,2,jacobi,1704,432,47.828125,1261.8947368421052,464.02945705181685,2,5.63000003239722e-05,0.024461799999698997,0.02451810000002297,469,0,9.751255544367017e-10,True,0.0
96,1000.0,disconnected,shift_x,arithmetic,dipole_x,3,3,jacobi,1704,432,47.828125,1261.8947368421052,464.02945705181685,2,5.1500000154192094e-05,0.018036999999822,0.018088499999976193,336,0,8.543504510463124e-10,True,0.0
96,1000.0,disconnected,shift_x,arithmetic,ones,3,4,jacobi,1704,432,47.828125,1261.8947368421052,464.02945705181685,2,5.469999996421393e-05,0.01965219999965484,0.019706899999619054,352,0,9.536179824784279e-10,True,0.0
96,1000.0,disconnected,shift_x,arithmetic,dipole_x,3,5,amg0,1704,432,47.828125,1261.8947368421052,464.02945705181685,2,0.014414600000236533,0.014992399999755435,0.029406999999991967,16,0,3.793637045812269e-10,True,1.342046388457675
96,1000.0,disconnected,shift_x,arithmetic,ones,3,6,amg0,1704,432,47.828125,1261.8947368421052,464.02945705181685,2,0.014598699999623932,0.015137099999265047,0.02973579999888898,16,0,5.455617087972508e-10,True,1.342046388457675
96,1000.0,disconnected,shift_x,arithmetic,dipole_y,3,7,jacobi,1704,432,47.828125,1261.8947368421052,464.02945705181685,2,5.419999979494605e-05,0.01718110000001616,0.017235299999811104,306,0,9.39143095115245e-10,True,0.0
96,1000.0,disconnected,shift_x,arithmetic,random,4,0,jacobi,1705,432,47.828125,1261.8947368421052,464.02945705181685,2,5.2600000344682485e-05,0.025455399999373185,0.025507999999717867,469,0,9.751255544367017e-10,True,0.0
96,1000.0,disconnected,shift_x,arithmetic,dipole_y,4,1,amg0,1705,432,47.828125,1261.8947368421052,464.02945705181685,2,0.014096199999585224,0.015399599999909697,0.02949579999949492,16,0,4.1957488772725437e-10,True,1.342046388457675
96,1000.0,disconnected,shift_x,arithmetic,dipole_y,4,2,jacobi,1705,432,47.828125,1261.8947368421052,464.02945705181685,2,8.400000024266774e-05,0.016672099999595957,0.016756099999838625,306,0,9.39143095115245e-10,True,0.0
96,1000.0,disconnected,shift_x,arithmetic,random,4,3,amg0,1705,432,47.828125,1261.8947368421052,464.02945705181685,2,0.014387799999894924,0.013699900000574416,0.02808770000046934,14,0,7.402559927084638e-10,True,1.342046388457675
96,1000.0,disconnected,shift_x,arithmetic,dipole_x,4,4,jacobi,1705,432,47.828125,1261.8947368421052,464.02945705181685,2,5.3900000239082146e-05,0.017984800000704126,0.01803870000094321,336,0,8.543504510463124e-10,True,0.0
96,1000.0,disconnected,shift_x,arithmetic,ones,4,5,amg0,1705,432,47.828125,1261.8947368421052,464.02945705181685,2,0.014465199999904144,0.016539499999453255,0.0310046999993574,16,0,5.362003053916375e-10,True,1.342046388457675
96,1000.0,disconnected,shift_x,arithmetic,ones,4,6,jacobi,1705,432,47.828125,1261.8947368421052,464.02945705181685,2,6.83999996908824e-05,0.018837599999642407,0.01890599999933329,352,0,9.536179824784279e-10,True,0.0
96,1000.0,disconnected,shift_x,arithmetic,dipole_x,4,7,amg0,1705,432,47.828125,1261.8947368421052,464.02945705181685,2,0.013824099999510508,0.014911899999788147,0.028735999999298656,16,0,3.768793221318199e-10,True,1.342046388457675
96,1000.0,connected,shift_x,harmonic,random,0,0,jacobi,1701,432,47.828125,1261.8947368421052,464.02945705181685,1,5.4400000408350024e-05,0.024731399999836867,0.024785800000245217,434,0,9.068133163267647e-10,True,0.0
96,1000.0,connected,shift_x,harmonic,dipole_x,0,1,jacobi,1701,432,47.828125,1261.8947368421052,464.02945705181685,1,6.880000000819564e-05,0.026598700000249664,0.02666750000025786,437,0,9.220434464355267e-10,True,0.0
96,1000.0,connected,shift_x,harmonic,dipole_y,0,2,jacobi,1701,432,47.828125,1261.8947368421052,464.02945705181685,1,7.520000053773401e-05,0.02424449999944045,0.024319699999978184,451,0,9.152036792933944e-10,True,0.0
96,1000.0,connected,shift_x,harmonic,dipole_y,0,3,amg0,1701,432,47.828125,1261.8947368421052,464.02945705181685,1,0.014633100000537524,0.01289959999940038,0.027532699999937904,13,0,1.4620725831501197e-10,True,1.342046388457675
96,1000.0,connected,shift_x,harmonic,ones,0,4,amg0,1701,432,47.828125,1261.8947368421052,464.02945705181685,1,0.013949099999990722,0.01132439999946655,0.025273499999457272,12,0,7.68719010973509e-10,True,1.342046388457675
96,1000.0,connected,shift_x,harmonic,ones,0,5,jacobi,1701,432,47.828125,1261.8947368421052,464.02945705181685,1,5.610000062006293e-05,0.02400720000059664,0.024063300001216703,444,0,1.1008488055105337e-09,True,0.0
96,1000.0,connected,shift_x,harmonic,random,0,6,amg0,1701,432,47.828125,1261.8947368421052,464.02945705181685,1,0.01459930000055465,0.010573499999736669,0.025172800000291318,11,0,1.1201904221975707e-10,True,1.342046388457675
96,1000.0,connected,shift_x,harmonic,dipole_x,0,7,amg0,1701,432,47.828125,1261.8947368421052,464.02945705181685,1,0.013860600000043632,0.01209270000072138,0.02595330000076501,12,0,4.854097466433068e-10,True,1.342046388457675
96,1000.0,connected,shift_x,harmonic,dipole_x,1,0,amg0,1702,432,47.828125,1261.8947368421052,464.02945705181685,1,0.014969599999858474,0.011552099999789789,0.026521699999648263,12,0,4.815203614779981e-10,True,1.342046388457675
96,1000.0,connected,shift_x,harmonic,ones,1,1,amg0,1702,432,47.828125,1261.8947368421052,464.02945705181685,1,0.01398719999997411,0.01164729999982228,0.02563449999979639,12,0,7.53163638176682e-10,True,1.342046388457675
96,1000.0,connected,shift_x,harmonic,ones,1,2,jacobi,1702,432,47.828125,1261.8947368421052,464.02945705181685,1,5.48999996681232e-05,0.02546959999926912,0.025524499998937245,444,0,1.1008488055105337e-09,True,0.0
96,1000.0,connected,shift_x,harmonic,dipole_y,1,3,amg0,1702,432,47.828125,1261.8947368421052,464.02945705181685,1,0.014517399999931513,0.012950099999216036,0.02746749999914755,13,0,1.4466076237576045e-10,True,1.342046388457675
96,1000.0,connected,shift_x,harmonic,dipole_y,1,4,jacobi,1702,432,47.828125,1261.8947368421052,464.02945705181685,1,5.9699999837903306e-05,0.02590429999963817,0.025963999999476073,451,0,9.152036792933944e-10,True,0.0
96,1000.0,connected,shift_x,harmonic,dipole_x,1,5,jacobi,1702,432,47.828125,1261.8947368421052,464.02945705181685,1,5.469999996421393e-05,0.02603830000043672,0.026093000000400934,437,0,9.220434464355267e-10,True,0.0
96,1000.0,connected,shift_x,harmonic,random,1,6,amg0,1702,432,47.828125,1261.8947368421052,464.02945705181685,1,0.01473939999959839,0.011727600000085658,0.02646699999968405,11,0,1.1136523043264216e-10,True,1.342046388457675
96,1000.0,connected,shift_x,harmonic,random,1,7,jacobi,1702,432,47.828125,1261.8947368421052,464.02945705181685,1,8.580000030633528e-05,0.025636099999246653,0.02572189999955299,434,0,9.068133163267647e-10,True,0.0
96,1000.0,connected,shift_x,harmonic,ones,2,0,amg0,1703,432,47.828125,1261.8947368421052,464.02945705181685,1,0.01445640000019921,0.011772900000323716,0.026229300000522926,12,0,7.626491531275726e-10,True,1.342046388457675
96,1000.0,connected,shift_x,harmonic,random,2,1,amg0,1703,432,47.828125,1261.8947368421052,464.02945705181685,1,0.01400270000067394,0.010489100000086182,0.024491800000760122,11,0,1.125316952716957e-10,True,1.342046388457675
96,1000.0,connected,shift_x,harmonic,dipole_y,2,2,jacobi,1703,432,47.828125,1261.8947368421052,464.02945705181685,1,5.599999985861359e-05,0.02425169999969512,0.024307699999553734,451,0,9.152036792933944e-10,True,0.0
96,1000.0,connected,shift_x,harmonic,random,2,3,jacobi,1703,432,47.828125,1261.8947368421052,464.02945705181685,1,5.3200000365905e-05,0.02335640000001149,0.023409600000377395,434,0,9.068133163267647e-10,True,0.0
96,1000.0,connected,shift_x,harmonic,dipole_y,2,4,amg0,1703,432,47.828125,1261.8947368421052,464.02945705181685,1,0.014937900000404625,0.01313060000029509,0.028068500000699714,13,0,1.4640474661946793e-10,True,1.342046388457675
96,1000.0,connected,shift_x,harmonic,ones,2,5,jacobi,1703,432,47.828125,1261.8947368421052,464.02945705181685,1,6.799999937356915e-05,0.026184199999988778,0.026252199999362347,444,0,1.1008488055105337e-09,True,0.0
96,1000.0,connected,shift_x,harmonic,dipole_x,2,6,jacobi,1703,432,47.828125,1261.8947368421052,464.02945705181685,1,5.619999956252286e-05,0.02501589999974385,0.025072099999306374,437,0,9.220434464355267e-10,True,0.0
96,1000.0,connected,shift_x,harmonic,dipole_x,2,7,amg0,1703,432,47.828125,1261.8947368421052,464.02945705181685,1,0.014408199999706994,0.012029099999381287,0.026437299999088282,12,0,4.855397634714027e-10,True,1.342046388457675
96,1000.0,connected,shift_x,harmonic,dipole_x,3,0,jacobi,1704,432,47.828125,1261.8947368421052,464.02945705181685,1,6.239999947865726e-05,0.024310400000103982,0.02437279999958264,437,0,9.220434464355267e-10,True,0.0
96,1000.0,connected,shift_x,harmonic,ones,3,1,jacobi,1704,432,47.828125,1261.8947368421052,464.02945705181685,1,5.400000009103678e-05,0.024343099999896367,0.024397099999987404,444,0,1.1008488055105337e-09,True,0.0
96,1000.0,connected,shift_x,harmonic,dipole_y,3,2,jacobi,1704,432,47.828125,1261.8947368421052,464.02945705181685,1,5.449999935080996e-05,0.025245799999538576,0.025300299998889386,451,0,9.152036792933944e-10,True,0.0
96,1000.0,connected,shift_x,harmonic,dipole_y,3,3,amg0,1704,432,47.828125,1261.8947368421052,464.02945705181685,1,0.015441499999724329,0.013273900000058347,0.028715399999782676,13,0,1.4590063021955462e-10,True,1.342046388457675
96,1000.0,connected,shift_x,harmonic,random,3,4,jacobi,1704,432,47.828125,1261.8947368421052,464.02945705181685,1,5.6599999879836105e-05,0.022937499999898137,0.022994099999777973,434,0,9.068133163267647e-10,True,0.0
96,1000.0,connected,shift_x,harmonic,ones,3,5,amg0,1704,432,47.828125,1261.8947368421052,464.02945705181685,1,0.014763900000616559,0.011750600000596023,0.026514500001212582,12,0,7.581165505290414e-10,True,1.342046388457675
96,1000.0,connected,shift_x,harmonic,dipole_x,3,6,amg0,1704,432,47.828125,1261.8947368421052,464.02945705181685,1,0.014603099999476399,0.011419399999795132,0.02602249999927153,12,0,4.855472419791675e-10,True,1.342046388457675
96,1000.0,connected,shift_x,harmonic,random,3,7,amg0,1704,432,47.828125,1261.8947368421052,464.02945705181685,1,0.015068099999552942,0.011169299999892246,0.026237399999445188,11,0,1.121828970032901e-10,True,1.342046388457675
96,1000.0,connected,shift_x,harmonic,ones,4,0,jacobi,1705,432,47.828125,1261.8947368421052,464.02945705181685,1,5.4400000408350024e-05,0.0238681999999244,0.02392260000033275,444,0,1.1008488055105337e-09,True,0.0
96,1000.0,connected,shift_x,harmonic,dipole_y,4,1,jacobi,1705,432,47.828125,1261.8947368421052,464.02945705181685,1,5.449999935080996e-05,0.025061000000278,0.02511549999962881,451,0,9.152036792933944e-10,True,0.0
96,1000.0,connected,shift_x,harmonic,ones,4,2,amg0,1705,432,47.828125,1261.8947368421052,464.02945705181685,1,0.014457199999924342,0.012910100000226521,0.027367300000150863,12,0,7.595288354977581e-10,True,1.342046388457675
96,1000.0,connected,shift_x,harmonic,random,4,3,amg0,1705,432,47.828125,1261.8947368421052,464.02945705181685,1,0.013834000000315427,0.010822600000210514,0.02465660000052594,11,0,1.1179859395382545e-10,True,1.342046388457675
96,1000.0,connected,shift_x,harmonic,random,4,4,jacobi,1705,432,47.828125,1261.8947368421052,464.02945705181685,1,5.2400000640773214e-05,0.02338750000035361,0.023439900000994385,434,0,9.068133163267647e-10,True,0.0
96,1000.0,connected,shift_x,harmonic,dipole_x,4,5,jacobi,1705,432,47.828125,1261.8947368421052,464.02945705181685,1,6.539999958476983e-05,0.02329490000010992,0.02336029999969469,437,0,9.220434464355267e-10,True,0.0
96,1000.0,connected,shift_x,harmonic,dipole_y,4,6,amg0,1705,432,47.828125,1261.8947368421052,464.02945705181685,1,0.014689300000100047,0.013128699999469973,0.02781799999957002,13,0,1.4555412348490027e-10,True,1.342046388457675
96,1000.0,connected,shift_x,harmonic,dipole_x,4,7,amg0,1705,432,47.828125,1261.8947368421052,464.02945705181685,1,0.014488200000414508,0.011886399999639252,0.02637460000005376,12,0,4.839150592569948e-10,True,1.342046388457675
192,1000.0,connected,shift_x,arithmetic,dipole_x,0,0,amg0,1701,1728,47.828125,1255.2879581151833,932.943434704179,1,0.042615399999704096,0.04954710000038176,0.09216250000008586,15,0,3.9169180572630345e-10,True,1.3386725269834205
192,1000.0,connected,shift_x,arithmetic,ones,0,1,jacobi,1701,1728,47.828125,1255.2879581151833,932.943434704179,1,0.00018230000023322646,0.16373840000051132,0.16392070000074455,918,0,2.809085708045797e-09,True,0.0
192,1000.0,connected,shift_x,arithmetic,dipole_y,0,2,jacobi,1701,1728,47.828125,1255.2879581151833,932.943434704179,1,0.00016330000016751,0.15966449999996257,0.15982780000013008,916,0,9.527058435595497e-10,True,0.0
192,1000.0,connected,shift_x,arithmetic,ones,0,3,amg0,1701,1728,47.828125,1255.2879581151833,932.943434704179,1,0.04330030000073748,0.05068490000030579,0.09398520000104327,15,0,8.977528454260592e-10,True,1.3386725269834205
192,1000.0,connected,shift_x,arithmetic,random,0,4,jacobi,1701,1728,47.828125,1255.2879581151833,932.943434704179,1,0.00012909999986732146,0.1543565000001763,0.15448560000004363,890,0,9.608087689793998e-10,True,0.0
192,1000.0,connected,shift_x,arithmetic,random,0,5,amg0,1701,1728,47.828125,1255.2879581151833,932.943434704179,1,0.04622639999979583,0.04415919999973994,0.09038559999953577,13,0,9.906122163302398e-10,True,1.3386725269834205
192,1000.0,connected,shift_x,arithmetic,dipole_y,0,6,amg0,1701,1728,47.828125,1255.2879581151833,932.943434704179,1,0.04783840000072814,0.04967839999972057,0.09751680000044871,15,0,8.381355336385574e-10,True,1.3386725269834205
192,1000.0,connected,shift_x,arithmetic,dipole_x,0,7,jacobi,1701,1728,47.828125,1255.2879581151833,932.943434704179,1,0.00017549999938637484,0.15603370000008,0.15620919999946636,889,0,9.504270886077595e-10,True,0.0
192,1000.0,connected,shift_x,arithmetic,ones,1,0,jacobi,1702,1728,47.828125,1255.2879581151833,932.943434704179,1,0.00017050000042218016,0.16381780000028812,0.1639883000007103,918,0,2.809085708045797e-09,True,0.0
192,1000.0,connected,shift_x,arithmetic,random,1,1,amg0,1702,1728,47.828125,1255.2879581151833,932.943434704179,1,0.04443360000004759,0.043018499999561755,0.08745209999960935,13,0,9.860588777843216e-10,True,1.3386725269834205
192,1000.0,connected,shift_x,arithmetic,dipole_y,1,2,amg0,1702,1728,47.828125,1255.2879581151833,932.943434704179,1,0.045598599999721046,0.04870200000004843,0.09430059999976947,15,0,8.351852083128867e-10,True,1.3386725269834205
192,1000.0,connected,shift_x,arithmetic,ones,1,3,amg0,1702,1728,47.828125,1255.2879581151833,932.943434704179,1,0.04249280000021827,0.04818080000040936,0.09067360000062763,15,0,8.863471756689044e-10,True,1.3386725269834205
192,1000.0,connected,shift_x,arithmetic,dipole_x,1,4,amg0,1702,1728,47.828125,1255.2879581151833,932.943434704179,1,0.04348340000069584,0.04891399999996793,0.09239740000066377,15,0,3.897400308817917e-10,True,1.3386725269834205
192,1000.0,connected,shift_x,arithmetic,random,1,5,jacobi,1702,1728,47.828125,1255.2879581151833,932.943434704179,1,0.0001551000004837988,0.15524829999958456,0.15540340000006836,890,0,9.608087689793998e-10,True,0.0
192,1000.0,connected,shift_x,arithmetic,dipole_y,1,6,jacobi,1702,1728,47.828125,1255.2879581151833,932.943434704179,1,0.00015269999948941404,0.1598837999999887,0.1600364999994781,916,0,9.527058435595497e-10,True,0.0
192,1000.0,connected,shift_x,arithmetic,dipole_x,1,7,jacobi,1702,1728,47.828125,1255.2879581151833,932.943434704179,1,0.00014029999965714524,0.16880899999978283,0.16894929999943997,889,0,9.504270886077595e-10,True,0.0
192,1000.0,connected,shift_x,arithmetic,dipole_y,2,0,amg0,1703,1728,47.828125,1255.2879581151833,932.943434704179,1,0.046734799999285315,0.04969540000001871,0.09643019999930402,15,0,8.396579237123253e-10,True,1.3386725269834205
192,1000.0,connected,shift_x,arithmetic,dipole_x,2,1,jacobi,1703,1728,47.828125,1255.2879581151833,932.943434704179,1,0.000167199999850709,0.1595167000004949,0.1596839000003456,889,0,9.504270886077595e-10,True,0.0
192,1000.0,connected,shift_x,arithmetic,ones,2,2,amg0,1703,1728,47.828125,1255.2879581151833,932.943434704179,1,0.045072300000356336,0.04778150000038295,0.09285380000073928,15,0,8.93024379035468e-10,True,1.3386725269834205
192,1000.0,connected,shift_x,arithmetic,random,2,3,amg0,1703,1728,47.828125,1255.2879581151833,932.943434704179,1,0.04429809999965073,0.04287659999954485,0.08717469999919558,13,0,9.918776463932297e-10,True,1.3386725269834205
192,1000.0,connected,shift_x,arithmetic,ones,2,4,jacobi,1703,1728,47.828125,1255.2879581151833,932.943434704179,1,0.00017289999959757552,0.16629230000035022,0.1664651999999478,918,0,2.809085708045797e-09,True,0.0
192,1000.0,connected,shift_x,arithmetic,dipole_y,2,5,jacobi,1703,1728,47.828125,1255.2879581151833,932.943434704179,1,0.00015590000020893058,0.16271560000041063,0.16287150000061956,916,0,9.527058435595497e-10,True,0.0
192,1000.0,connected,shift_x,arithmetic,dipole_x,2,6,amg0,1703,1728,47.828125,1255.2879581151833,932.943434704179,1,0.04576629999974102,0.04837300000053801,0.09413930000027904,15,0,3.9241415671786294e-10,True,1.3386725269834205
192,1000.0,connected,shift_x,arithmetic,random,2,7,jacobi,1703,1728,47.828125,1255.2879581151833,932.943434704179,1,0.0001536999998279498,0.154230600000119,0.15438429999994696,890,0,9.608087689793998e-10,True,0.0
192,1000.0,connected,shift_x,arithmetic,dipole_x,3,0,jacobi,1704,1728,47.828125,1255.2879581151833,932.943434704179,1,0.00017299999944953015,0.16478640000059386,0.1649594000000434,889,0,9.504270886077595e-10,True,0.0
192,1000.0,connected,shift_x,arithmetic,random,3,1,amg0,1704,1728,47.828125,1255.2879581151833,932.943434704179,1,0.04790769999999611,0.04497639999954117,0.09288409999953728,13,0,9.86218996486839e-10,True,1.3386725269834205
192,1000.0,connected,shift_x,arithmetic,ones,3,2,amg0,1704,1728,47.828125,1255.2879581151833,932.943434704179,1,0.049704400000337046,0.05100550000042858,0.10070990000076563,15,0,8.981413256778836e-10,True,1.3386725269834205
192,1000.0,connected,shift_x,arithmetic,random,3,3,jacobi,1704,1728,47.828125,1255.2879581151833,932.943434704179,1,0.00016090000008261995,0.17676959999971587,0.17693049999979849,890,0,9.608087689793998e-10,True,0.0
192,1000.0,connected,shift_x,arithmetic,dipole_x,3,4,amg0,1704,1728,47.828125,1255.2879581151833,932.943434704179,1,0.04727219999949739,0.06947579999996378,0.11674799999946117,15,0,3.9011466174066613e-10,True,1.3386725269834205
192,1000.0,connected,shift_x,arithmetic,dipole_y,3,5,jacobi,1704,1728,47.828125,1255.2879581151833,932.943434704179,1,0.0007585000003018649,0.2111402000000453,0.21189870000034716,916,0,9.527058435595497e-10,True,0.0
192,1000.0,connected,shift_x,arithmetic,ones,3,6,jacobi,1704,1728,47.828125,1255.2879581151833,932.943434704179,1,0.00018350000027567148,0.19953020000048127,0.19971370000075694,918,0,2.809085708045797e-09,True,0.0
192,1000.0,connected,shift_x,arithmetic,dipole_y,3,7,amg0,1704,1728,47.828125,1255.2879581151833,932.943434704179,1,0.055925999999999476,0.0628433000001678,0.11876930000016728,15,0,8.340106805179279e-10,True,1.3386725269834205
192,1000.0,connected,shift_x,arithmetic,dipole_x,4,0,jacobi,1705,1728,47.828125,1255.2879581151833,932.943434704179,1,0.0001615999999557971,0.18792089999988093,0.18808249999983673,889,0,9.504270886077595e-10,True,0.0
192,1000.0,connected,shift_x,arithmetic,ones,4,1,amg0,1705,1728,47.828125,1255.2879581151833,932.943434704179,1,0.053724700000202574,0.05418809999991936,0.10791280000012193,15,0,9.038711961363316e-10,True,1.3386725269834205
192,1000.0,connected,shift_x,arithmetic,dipole_x,4,2,amg0,1705,1728,47.828125,1255.2879581151833,932.943434704179,1,0.05146079999940412,0.05388729999958741,0.10534809999899153,15,0,3.906753519969509e-10,True,1.3386725269834205
192,1000.0,connected,shift_x,arithmetic,dipole_y,4,3,amg0,1705,1728,47.828125,1255.2879581151833,932.943434704179,1,0.04463190000024042,0.04905830000006972,0.09369020000031014,15,0,8.35223333947557e-10,True,1.3386725269834205
192,1000.0,connected,shift_x,arithmetic,ones,4,4,jacobi,1705,1728,47.828125,1255.2879581151833,932.943434704179,1,0.00013000000035390258,0.1647584000002098,0.1648884000005637,918,0,2.809085708045797e-09,True,0.0
192,1000.0,connected,shift_x,arithmetic,random,4,5,jacobi,1705,1728,47.828125,1255.2879581151833,932.943434704179,1,0.0001695000000836444,0.16074610000032408,0.16091560000040772,890,0,9.608087689793998e-10,True,0.0
192,1000.0,connected,shift_x,arithmetic,dipole_y,4,6,jacobi,1705,1728,47.828125,1255.2879581151833,932.943434704179,1,0.00017519999983051093,0.16656690000036178,0.1667421000001923,916,0,9.527058435595497e-10,True,0.0
192,1000.0,connected,shift_x,arithmetic,random,4,7,amg0,1705,1728,47.828125,1255.2879581151833,932.943434704179,1,0.044541100000060396,0.04382629999963683,0.08836739999969723,13,0,9.86924342867027e-10,True,1.3386725269834205
192,1000.0,connected,transpose,arithmetic,ones,0,0,amg0,1701,1728,47.828125,1255.2879581151833,932.943434704179,1,0.04303369999979623,0.04547510000065813,0.08850880000045436,14,0,4.695965125657127e-10,True,1.3386725269834205
192,1000.0,connected,transpose,arithmetic,dipole_y,0,1,amg0,1701,1728,47.828125,1255.2879581151833,932.943434704179,1,0.04396530000030907,0.04533519999949931,0.08930049999980838,14,0,3.048690123214479e-10,True,1.3386725269834205
192,1000.0,connected,transpose,arithmetic,random,0,2,jacobi,1701,1728,47.828125,1255.2879581151833,932.943434704179,1,0.0001253000000360771,0.16142110000055254,0.16154640000058862,888,0,9.401028522473934e-10,True,0.0
192,1000.0,connected,transpose,arithmetic,dipole_x,0,3,jacobi,1701,1728,47.828125,1255.2879581151833,932.943434704179,1,0.00013929999931860948,0.1639325000005556,0.1640717999998742,888,0,9.599487301932233e-10,True,0.0
192,1000.0,connected,transpose,arithmetic,dipole_x,0,4,amg0,1701,1728,47.828125,1255.2879581151833,932.943434704179,1,0.040843100000529375,0.045097500000338187,0.08594060000086756,14,0,3.0280758830131516e-10,True,1.3386725269834205
192,1000.0,connected,transpose,arithmetic,random,0,5,amg0,1701,1728,47.828125,1255.2879581151833,932.943434704179,1,0.042076300000189804,0.03889470000012807,0.08097100000031787,12,0,4.4367996483517326e-10,True,1.3386725269834205
192,1000.0,connected,transpose,arithmetic,dipole_y,0,6,jacobi,1701,1728,47.828125,1255.2879581151833,932.943434704179,1,0.0001283999999941443,0.16875970000000962,0.16888810000000376,915,0,9.59821806408032e-10,True,0.0
192,1000.0,connected,transpose,arithmetic,ones,0,7,jacobi,1701,1728,47.828125,1255.2879581151833,932.943434704179,1,0.00013720000060857274,0.1647886999999173,0.16492590000052587,918,0,2.9390363753989255e-09,True,0.0
192,1000.0,connected,transpose,arithmetic,dipole_y,1,0,amg0,1702,1728,47.828125,1255.2879581151833,932.943434704179,1,0.041208800000276824,0.04570179999973334,0.08691060000001016,14,0,3.076847748541636e-10,True,1.3386725269834205
192,1000.0,connected,transpose,arithmetic,random,1,1,jacobi,1702,1728,47.828125,1255.2879581151833,932.943434704179,1,0.0001281000004382804,0.15399129999968864,0.15411940000012692,888,0,9.401028522473934e-10,True,0.0
192,1000.0,connected,transpose,arithmetic,dipole_y,1,2,jacobi,1702,1728,47.828125,1255.2879581151833,932.943434704179,1,0.0001295000001846347,0.16790319999927306,0.1680326999994577,915,0,9.59821806408032e-10,True,0.0
192,1000.0,connected,transpose,arithmetic,dipole_x,1,3,amg0,1702,1728,47.828125,1255.2879581151833,932.943434704179,1,0.041858399999910034,0.05103570000028412,0.09289410000019416,14,0,3.057515581392363e-10,True,1.3386725269834205
192,1000.0,connected,transpose,arithmetic,ones,1,4,jacobi,1702,1728,47.828125,1255.2879581151833,932.943434704179,1,0.0001666999996814411,0.18959589999940363,0.18976259999908507,918,0,2.9390363753989255e-09,True,0.0
192,1000.0,connected,transpose,arithmetic,dipole_x,1,5,jacobi,1702,1728,47.828125,1255.2879581151833,932.943434704179,1,0.00015239999993355013,0.17692129999977624,0.1770736999997098,888,0,9.599487301932233e-10,True,0.0
192,1000.0,connected,transpose,arithmetic,ones,1,6,amg0,1702,1728,47.828125,1255.2879581151833,932.943434704179,1,0.04249329999947804,0.045469100000445906,0.08796239999992395,14,0,4.733992522791506e-10,True,1.3386725269834205
192,1000.0,connected,transpose,arithmetic,random,1,7,amg0,1702,1728,47.828125,1255.2879581151833,932.943434704179,1,0.039640699999836215,0.03999400000066089,0.0796347000004971,12,0,4.4168520402698646e-10,True,1.3386725269834205
192,1000.0,connected,transpose,arithmetic,dipole_y,2,0,jacobi,1703,1728,47.828125,1255.2879581151833,932.943434704179,1,0.00013250000029074727,0.15554980000069918,0.15568230000098993,915,0,9.59821806408032e-10,True,0.0
192,1000.0,connected,transpose,arithmetic,ones,2,1,jacobi,1703,1728,47.828125,1255.2879581151833,932.943434704179,1,0.00013630000012199162,0.15800940000008268,0.15814570000020467,918,0,2.9390363753989255e-09,True,0.0
192,1000.0,connected,transpose,arithmetic,dipole_x,2,2,amg0,1703,1728,47.828125,1255.2879581151833,932.943434704179,1,0.04274329999952897,0.04498619999958464,0.08772949999911361,14,0,3.08549076293564e-10,True,1.3386725269834205
192,1000.0,connected,transpose,arithmetic,random,2,3,amg0,1703,1728,47.828125,1255.2879581151833,932.943434704179,1,0.04182330000003276,0.0392372999995132,0.08106059999954596,12,0,4.44666492005626e-10,True,1.3386725269834205
192,1000.0,connected,transpose,arithmetic,ones,2,4,amg0,1703,1728,47.828125,1255.2879581151833,932.943434704179,1,0.041198600000825536,0.04524969999965833,0.08644830000048387,14,0,4.618630962392535e-10,True,1.3386725269834205
192,1000.0,connected,transpose,arithmetic,dipole_x,2,5,jacobi,1703,1728,47.828125,1255.2879581151833,932.943434704179,1,0.00013550000039685983,0.15664929999911692,0.15678479999951378,888,0,9.599487301932233e-10,True,0.0
192,1000.0,connected,transpose,arithmetic,random,2,6,jacobi,1703,1728,47.828125,1255.2879581151833,932.943434704179,1,0.00013639999997394625,0.17296369999985473,0.17310009999982867,888,0,9.401028522473934e-10,True,0.0
192,1000.0,connected,transpose,arithmetic,dipole_y,2,7,amg0,1703,1728,47.828125,1255.2879581151833,932.943434704179,1,0.04295689999980823,0.0466735999998491,0.08963049999965733,14,0,3.110288976249434e-10,True,1.3386725269834205
192,1000.0,connected,transpose,arithmetic,random,3,0,jacobi,1704,1728,47.828125,1255.2879581151833,932.943434704179,1,0.00013070000022707973,0.1565772999992987,0.15670799999952578,888,0,9.401028522473934e-10,True,0.0
192,1000.0,connected,transpose,arithmetic,ones,3,1,jacobi,1704,1728,47.828125,1255.2879581151833,932.943434704179,1,0.00013330000001587905,0.1781633000000511,0.17829660000006697,918,0,2.9390363753989255e-09,True,0.0
192,1000.0,connected,transpose,arithmetic,ones,3,2,amg0,1704,1728,47.828125,1255.2879581151833,932.943434704179,1,0.04940370000076655,0.058014299999740615,0.10741800000050716,14,0,4.710254289578425e-10,True,1.3386725269834205
192,1000.0,connected,transpose,arithmetic,dipole_x,3,3,jacobi,1704,1728,47.828125,1255.2879581151833,932.943434704179,1,0.0001602000002094428,0.19575929999973596,0.1959194999999454,888,0,9.599487301932233e-10,True,0.0
192,1000.0,connected,transpose,arithmetic,dipole_y,3,4,amg0,1704,1728,47.828125,1255.2879581151833,932.943434704179,1,0.05975910000051954,0.05713869999999588,0.11689780000051542,14,0,3.091305438647014e-10,True,1.3386725269834205
192,1000.0,connected,transpose,arithmetic,dipole_x,3,5,amg0,1704,1728,47.828125,1255.2879581151833,932.943434704179,1,0.05764409999937925,0.04942449999998644,0.10706859999936569,14,0,3.0604596259086026e-10,True,1.3386725269834205
192,1000.0,connected,transpose,arithmetic,random,3,6,amg0,1704,1728,47.828125,1255.2879581151833,932.943434704179,1,0.05209569999988162,0.044060999999601336,0.09615669999948295,12,0,4.425871052536607e-10,True,1.3386725269834205
192,1000.0,connected,transpose,arithmetic,dipole_y,3,7,jacobi,1704,1728,47.828125,1255.2879581151833,932.943434704179,1,0.00029210000047896756,0.17660069999965344,0.1768928000001324,915,0,9.59821806408032e-10,True,0.0
192,1000.0,connected,transpose,arithmetic,dipole_x,4,0,jacobi,1705,1728,47.828125,1255.2879581151833,932.943434704179,1,0.00013380000018514693,0.16002130000015313,0.16015510000033828,888,0,9.599487301932233e-10,True,0.0
192,1000.0,connected,transpose,arithmetic,dipole_x,4,1,amg0,1705,1728,47.828125,1255.2879581151833,932.943434704179,1,0.046920800000407326,0.04584739999972953,0.09276820000013686,14,0,3.0632529427185746e-10,True,1.3386725269834205
192,1000.0,connected,transpose,arithmetic,dipole_y,4,2,jacobi,1705,1728,47.828125,1255.2879581151833,932.943434704179,1,0.00027630000022327295,0.15918449999935547,0.15946079999957874,915,0,9.59821806408032e-10,True,0.0
192,1000.0,connected,transpose,arithmetic,dipole_y,4,3,amg0,1705,1728,47.828125,1255.2879581151833,932.943434704179,1,0.046727300000384275,0.04856019999988348,0.09528750000026776,14,0,3.090435695358763e-10,True,1.3386725269834205
192,1000.0,connected,transpose,arithmetic,random,4,4,jacobi,1705,1728,47.828125,1255.2879581151833,932.943434704179,1,0.00012960000003658934,0.15889339999921503,0.15902299999925162,888,0,9.401028522473934e-10,True,0.0
192,1000.0,connected,transpose,arithmetic,ones,4,5,jacobi,1705,1728,47.828125,1255.2879581151833,932.943434704179,1,0.00013980000039737206,0.17324619999999413,0.1733860000003915,918,0,2.9390363753989255e-09,True,0.0
192,1000.0,connected,transpose,arithmetic,ones,4,6,amg0,1705,1728,47.828125,1255.2879581151833,932.943434704179,1,0.048971500000334345,0.047222299999702955,0.0961938000000373,14,0,4.804468114661665e-10,True,1.3386725269834205
192,1000.0,connected,transpose,arithmetic,random,4,7,amg0,1705,1728,47.828125,1255.2879581151833,932.943434704179,1,0.04691240000011021,0.04310370000075636,0.09001610000086657,12,0,4.418304883727962e-10,True,1.3386725269834205
192,1000.0,disconnected,transpose,harmonic,ones,0,0,jacobi,1701,1728,47.828125,1255.2879581151833,932.943434704179,2,0.00016830000004119938,0.12571979999938776,0.12588809999942896,556,0,2.1773403786542635e-09,True,0.0
192,1000.0,disconnected,transpose,harmonic,random,0,1,jacobi,1701,1728,47.828125,1255.2879581151833,932.943434704179,2,0.00016989999949146295,0.2080575999998473,0.20822749999933876,949,0,9.951557917096495e-10,True,0.0
192,1000.0,disconnected,transpose,harmonic,dipole_y,0,2,jacobi,1701,1728,47.828125,1255.2879581151833,932.943434704179,2,0.0001419000000169035,0.09581770000022516,0.09595960000024206,495,0,1.3421375490019974e-09,True,0.0
192,1000.0,disconnected,transpose,harmonic,dipole_x,0,3,amg0,1701,1728,47.828125,1255.2879581151833,932.943434704179,2,0.04514339999968797,0.05831860000034794,0.10346200000003591,17,0,5.822779406651134e-10,True,1.3386725269834205
192,1000.0,disconnected,transpose,harmonic,dipole_y,0,4,amg0,1701,1728,47.828125,1255.2879581151833,932.943434704179,2,0.04480439999952068,0.058020000000396976,0.10282439999991766,17,0,5.834094107341469e-10,True,1.3386725269834205
192,1000.0,disconnected,transpose,harmonic,random,0,5,amg0,1701,1728,47.828125,1255.2879581151833,932.943434704179,2,0.04448619999948278,0.050272299999960524,0.0947584999994433,15,0,8.992395293999181e-10,True,1.3386725269834205
192,1000.0,disconnected,transpose,harmonic,ones,0,6,amg0,1701,1728,47.828125,1255.2879581151833,932.943434704179,2,0.04448750000028667,0.0597459999999046,0.10423350000019127,17,0,8.432397861662831e-10,True,1.3386725269834205
192,1000.0,disconnected,transpose,harmonic,dipole_x,0,7,jacobi,1701,1728,47.828125,1255.2879581151833,932.943434704179,2,0.00015099999927770114,0.07360779999999068,0.07375879999926838,403,0,9.076276306242268e-10,True,0.0
192,1000.0,disconnected,transpose,harmonic,dipole_y,1,0,jacobi,1702,1728,47.828125,1255.2879581151833,932.943434704179,2,0.0001350999991700519,0.08601090000047407,0.08614599999964412,495,0,1.3421375490019974e-09,True,0.0
192,1000.0,disconnected,transpose,harmonic,random,1,1,amg0,1702,1728,47.828125,1255.2879581151833,932.943434704179,2,0.04387189999943075,0.04903420000027836,0.09290609999970911,15,0,8.964950346984691e-10,True,1.3386725269834205
192,1000.0,disconnected,transpose,harmonic,dipole_x,1,2,amg0,1702,1728,47.828125,1255.2879581151833,932.943434704179,2,0.04170140000042011,0.055199100000209,0.09690050000062911,17,0,5.792005353395437e-10,True,1.3386725269834205
192,1000.0,disconnected,transpose,harmonic,dipole_x,1,3,jacobi,1702,1728,47.828125,1255.2879581151833,932.943434704179,2,0.00014699999974254752,0.07084630000008474,0.07099329999982729,403,0,9.076276306242268e-10,True,0.0
192,1000.0,disconnected,transpose,harmonic,ones,1,4,amg0,1702,1728,47.828125,1255.2879581151833,932.943434704179,2,0.04491109999980836,0.05927759999940463,0.10418869999921299,17,0,8.611980452833515e-10,True,1.3386725269834205
192,1000.0,disconnected,transpose,harmonic,random,1,5,jacobi,1702,1728,47.828125,1255.2879581151833,932.943434704179,2,0.00017130000014731195,0.17205060000014782,0.17222190000029514,949,0,9.951557917096495e-10,True,0.0
192,1000.0,disconnected,transpose,harmonic,dipole_y,1,6,amg0,1702,1728,47.828125,1255.2879581151833,932.943434704179,2,0.04471079999984795,0.05683649999991758,0.10154729999976553,17,0,5.73262044069163e-10,True,1.3386725269834205
192,1000.0,disconnected,transpose,harmonic,ones,1,7,jacobi,1702,1728,47.828125,1255.2879581151833,932.943434704179,2,0.00015700000039942097,0.09637879999991128,0.0965358000003107,556,0,2.1773403786542635e-09,True,0.0
192,1000.0,disconnected,transpose,harmonic,random,2,0,jacobi,1703,1728,47.828125,1255.2879581151833,932.943434704179,2,0.0001292000006287708,0.165574600000582,0.16570380000121077,949,0,9.951557917096495e-10,True,0.0
192,1000.0,disconnected,transpose,harmonic,dipole_x,2,1,jacobi,1703,1728,47.828125,1255.2879581151833,932.943434704179,2,0.00021180000021558953,0.06955239999933838,0.06976419999955397,403,0,9.076276306242268e-10,True,0.0
192,1000.0,disconnected,transpose,harmonic,dipole_y,2,2,amg0,1703,1728,47.828125,1255.2879581151833,932.943434704179,2,0.042598299999554,0.05567540000083682,0.09827370000039082,17,0,5.805748904968999e-10,True,1.3386725269834205
192,1000.0,disconnected,transpose,harmonic,dipole_x,2,3,amg0,1703,1728,47.828125,1255.2879581151833,932.943434704179,2,0.042307000000619155,0.05595100000027742,0.09825800000089657,17,0,5.821768047624012e-10,True,1.3386725269834205
192,1000.0,disconnected,transpose,harmonic,random,2,4,amg0,1703,1728,47.828125,1255.2879581151833,932.943434704179,2,0.04215329999988171,0.04904850000002625,0.09120179999990796,15,0,8.995196926920715e-10,True,1.3386725269834205
192,1000.0,disconnected,transpose,harmonic,ones,2,5,amg0,1703,1728,47.828125,1255.2879581151833,932.943434704179,2,0.04372770000009041,0.05619459999979881,0.09992229999988922,17,0,8.62245511452154e-10,True,1.3386725269834205
192,1000.0,disconnected,transpose,harmonic,dipole_y,2,6,jacobi,1703,1728,47.828125,1255.2879581151833,932.943434704179,2,0.00016169999980775174,0.08905239999967307,0.08921409999948082,495,0,1.3421375490019974e-09,True,0.0
192,1000.0,disconnected,transpose,harmonic,ones,2,7,jacobi,1703,1728,47.828125,1255.2879581151833,932.943434704179,2,0.00014740000005986076,0.11725380000007135,0.11740120000013121,556,0,2.1773403786542635e-09,True,0.0
192,1000.0,disconnected,transpose,harmonic,dipole_x,3,0,jacobi,1704,1728,47.828125,1255.2879581151833,932.943434704179,2,0.0001914000004035188,0.07665340000039578,0.0768448000007993,403,0,9.076276306242268e-10,True,0.0
192,1000.0,disconnected,transpose,harmonic,random,3,1,jacobi,1704,1728,47.828125,1255.2879581151833,932.943434704179,2,0.00018810000074154232,0.16543090000050142,0.16561900000124297,949,0,9.951557917096495e-10,True,0.0
192,1000.0,disconnected,transpose,harmonic,ones,3,2,amg0,1704,1728,47.828125,1255.2879581151833,932.943434704179,2,0.04250969999975496,0.06598619999931543,0.10849589999907039,17,0,8.327051758834188e-10,True,1.3386725269834205
192,1000.0,disconnected,transpose,harmonic,dipole_y,3,3,jacobi,1704,1728,47.828125,1255.2879581151833,932.943434704179,2,0.00017289999959757552,0.0840611000003264,0.08423399999992398,495,0,1.3421375490019974e-09,True,0.0
192,1000.0,disconnected,transpose,harmonic,dipole_x,3,4,amg0,1704,1728,47.828125,1255.2879581151833,932.943434704179,2,0.04292600000007951,0.0557637000001705,0.09868970000025001,17,0,5.791952595245466e-10,True,1.3386725269834205
192,1000.0,disconnected,transpose,harmonic,ones,3,5,jacobi,1704,1728,47.828125,1255.2879581151833,932.943434704179,2,0.0001249999995707185,0.0978371999999581,0.09796219999952882,556,0,2.1773403786542635e-09,True,0.0
192,1000.0,disconnected,transpose,harmonic,random,3,6,amg0,1704,1728,47.828125,1255.2879581151833,932.943434704179,2,0.040987500000483124,0.04845050000039919,0.08943800000088231,15,0,8.961907371287051e-10,True,1.3386725269834205
192,1000.0,disconnected,transpose,harmonic,dipole_y,3,7,amg0,1704,1728,47.828125,1255.2879581151833,932.943434704179,2,0.04093399999965186,0.05520239999987098,0.09613639999952284,17,0,5.754791313807021e-10,True,1.3386725269834205
192,1000.0,disconnected,transpose,harmonic,dipole_x,4,0,jacobi,1705,1728,47.828125,1255.2879581151833,932.943434704179,2,0.0001506000007793773,0.07239100000060716,0.07254160000138654,403,0,9.076276306242268e-10,True,0.0
192,1000.0,disconnected,transpose,harmonic,ones,4,1,amg0,1705,1728,47.828125,1255.2879581151833,932.943434704179,2,0.04378900000028807,0.05743590000020049,0.10122490000048856,17,0,8.485254713034164e-10,True,1.3386725269834205
192,1000.0,disconnected,transpose,harmonic,dipole_y,4,2,amg0,1705,1728,47.828125,1255.2879581151833,932.943434704179,2,0.04511129999991681,0.05591569999978674,0.10102699999970355,17,0,5.814052061339758e-10,True,1.3386725269834205
192,1000.0,disconnected,transpose,harmonic,dipole_y,4,3,jacobi,1705,1728,47.828125,1255.2879581151833,932.943434704179,2,0.0001640999998926418,0.10292500000014115,0.1030891000000338,495,0,1.3421375490019974e-09,True,0.0
192,1000.0,disconnected,transpose,harmonic,ones,4,4,jacobi,1705,1728,47.828125,1255.2879581151833,932.943434704179,2,0.00014180000016494887,0.10824240000056307,0.10838420000072801,556,0,2.1773403786542635e-09,True,0.0
192,1000.0,disconnected,transpose,harmonic,dipole_x,4,5,amg0,1705,1728,47.828125,1255.2879581151833,932.943434704179,2,0.04337479999958305,0.055568200000379875,0.09894299999996292,17,0,5.799347027601016e-10,True,1.3386725269834205
192,1000.0,disconnected,transpose,harmonic,random,4,6,jacobi,1705,1728,47.828125,1255.2879581151833,932.943434704179,2,0.00015749999965919415,0.16628159999982017,0.16643909999947937,949,0,9.951557917096495e-10,True,0.0
192,1000.0,disconnected,transpose,harmonic,random,4,7,amg0,1705,1728,47.828125,1255.2879581151833,932.943434704179,2,0.04255810000086058,0.0486401999996815,0.09119830000054208,15,0,8.976084384323689e-10,True,1.3386725269834205
96,1000.0,connected,shift_x,arithmetic,random,0,0,amg0,1701,432,47.828125,1261.8947368421052,464.02945705181685,1,0.014864400000078604,0.011735500000213506,0.02659990000029211,12,0,3.340933807058397e-10,True,1.342046388457675
96,1000.0,connected,shift_x,arithmetic,dipole_x,0,1,amg0,1701,432,47.828125,1261.8947368421052,464.02945705181685,1,0.014328899999782152,0.01310009999997419,0.027428999999756343,13,0,8.122935551972933e-10,True,1.342046388457675
96,1000.0,connected,shift_x,arithmetic,random,0,2,jacobi,1701,432,47.828125,1261.8947368421052,464.02945705181685,1,6.099999973230297e-05,0.023862000000008265,0.02392299999974057,442,0,9.189572051723579e-10,True,0.0
96,1000.0,connected,shift_x,arithmetic,ones,0,3,amg0,1701,432,47.828125,1261.8947368421052,464.02945705181685,1,0.014690800000607851,0.013968199999908393,0.028659000000516244,14,0,2.2823659248118117e-10,True,1.342046388457675
96,1000.0,connected,shift_x,arithmetic,dipole_x,0,4,jacobi,1701,432,47.828125,1261.8947368421052,464.02945705181685,1,7.270000060088933e-05,0.02317140000013751,0.0232441000007384,440,0,8.942789972554029e-10,True,0.0
96,1000.0,connected,shift_x,arithmetic,ones,0,5,jacobi,1701,432,47.828125,1261.8947368421052,464.02945705181685,1,6.780000057915458e-05,0.024282899999889196,0.02435070000046835,455,0,9.979426983036418e-10,True,0.0
96,1000.0,connected,shift_x,arithmetic,dipole_y,0,6,amg0,1701,432,47.828125,1261.8947368421052,464.02945705181685,1,0.015467300000636897,0.014954199999920093,0.03042150000055699,14,0,3.7357142323535613e-10,True,1.342046388457675
96,1000.0,connected,shift_x,arithmetic,dipole_y,0,7,jacobi,1701,432,47.828125,1261.8947368421052,464.02945705181685,1,6.289999964792514e-05,0.027266799999779323,0.027329699999427248,451,0,9.983137773360147e-10,True,0.0
96,1000.0,connected,shift_x,arithmetic,random,1,0,jacobi,1702,432,47.828125,1261.8947368421052,464.02945705181685,1,5.400000009103678e-05,0.023512000000664557,0.023566000000755594,442,0,9.189572051723579e-10,True,0.0
96,1000.0,connected,shift_x,arithmetic,dipole_x,1,1,jacobi,1702,432,47.828125,1261.8947368421052,464.02945705181685,1,5.2600000344682485e-05,0.02451939999991737,0.02457200000026205,440,0,8.942789972554029e-10,True,0.0
96,1000.0,connected,shift_x,arithmetic,dipole_y,1,2,jacobi,1702,432,47.828125,1261.8947368421052,464.02945705181685,1,6.0599999414989725e-05,0.02428680000048189,0.02434739999989688,451,0,9.983137773360147e-10,True,0.0
96,1000.0,connected,shift_x,arithmetic,ones,1,3,jacobi,1702,432,47.828125,1261.8947368421052,464.02945705181685,1,7.579999964946182e-05,0.025797700000111945,0.025873499999761407,455,0,9.979426983036418e-10,True,0.0
96,1000.0,connected,shift_x,arithmetic,dipole_y,1,4,amg0,1702,432,47.828125,1261.8947368421052,464.02945705181685,1,0.015051800000037474,0.013653699999849778,0.028705499999887252,14,0,3.713758145887886e-10,True,1.342046388457675
96,1000.0,connected,shift_x,arithmetic,dipole_x,1,5,amg0,1702,432,47.828125,1261.8947368421052,464.02945705181685,1,0.015347600000495731,0.013083199999528006,0.028430800000023737,13,0,8.088060032735113e-10,True,1.342046388457675
96,1000.0,connected,shift_x,arithmetic,random,1,6,amg0,1702,432,47.828125,1261.8947368421052,464.02945705181685,1,0.014505999999528285,0.01162449999992532,0.026130499999453605,12,0,3.331540697209275e-10,True,1.342046388457675
96,1000.0,connected,shift_x,arithmetic,ones,1,7,amg0,1702,432,47.828125,1261.8947368421052,464.02945705181685,1,0.014979799999309762,0.013627000000269618,0.02860679999957938,14,0,2.2768782354736545e-10,True,1.342046388457675
96,1000.0,connected,shift_x,arithmetic,dipole_y,2,0,jacobi,1703,432,47.828125,1261.8947368421052,464.02945705181685,1,5.520000013348181e-05,0.023907300000246323,0.023962500000379805,451,0,9.983137773360147e-10,True,0.0
96,1000.0,connected,shift_x,arithmetic,random,2,1,amg0,1703,432,47.828125,1261.8947368421052,464.02945705181685,1,0.014678700000331446,0.011390100000426173,0.02606880000075762,12,0,3.348716234369692e-10,True,1.342046388457675
96,1000.0,connected,shift_x,arithmetic,ones,2,2,amg0,1703,432,47.828125,1261.8947368421052,464.02945705181685,1,0.015241200000673416,0.013630700000248908,0.028871900000922324,14,0,2.2530149850249044e-10,True,1.342046388457675
96,1000.0,connected,shift_x,arithmetic,ones,2,3,jacobi,1703,432,47.828125,1261.8947368421052,464.02945705181685,1,5.710000004910398e-05,0.02470050000010815,0.024757600000157254,455,0,9.979426983036418e-10,True,0.0
96,1000.0,connected,shift_x,arithmetic,dipole_x,2,4,jacobi,1703,432,47.828125,1261.8947368421052,464.02945705181685,1,6.800000028306386e-05,0.023686699999416305,0.02375469999969937,440,0,8.942789972554029e-10,True,0.0
96,1000.0,connected,shift_x,arithmetic,dipole_y,2,5,amg0,1703,432,47.828125,1261.8947368421052,464.02945705181685,1,0.015555599999970582,0.013653500000145868,0.02920910000011645,14,0,3.750871812242113e-10,True,1.342046388457675
96,1000.0,connected,shift_x,arithmetic,dipole_x,2,6,amg0,1703,432,47.828125,1261.8947368421052,464.02945705181685,1,0.015802500000063446,0.01274589999957243,0.028548399999635876,13,0,8.146731518009933e-10,True,1.342046388457675
96,1000.0,connected,shift_x,arithmetic,random,2,7,jacobi,1703,432,47.828125,1261.8947368421052,464.02945705181685,1,5.809999947814504e-05,0.023796599999514,0.023854699998992146,442,0,9.189572051723579e-10,True,0.0
96,1000.0,connected,shift_x,arithmetic,dipole_y,3,0,jacobi,1704,432,47.828125,1261.8947368421052,464.02945705181685,1,5.609999971056823e-05,0.024966699999822595,0.025022799999533163,451,0,9.983137773360147e-10,True,0.0
96,1000.0,connected,shift_x,arithmetic,random,3,1,amg0,1704,432,47.828125,1261.8947368421052,464.02945705181685,1,0.015341099999204744,0.012201000000459317,0.02754209999966406,12,0,3.3379746633028045e-10,True,1.342046388457675
96,1000.0,connected,shift_x,arithmetic,dipole_x,3,2,amg0,1704,432,47.828125,1261.8947368421052,464.02945705181685,1,0.015548800000033225,0.013197999999647436,0.02874679999968066,13,0,8.116649181603735e-10,True,1.342046388457675
96,1000.0,connected,shift_x,arithmetic,ones,3,3,jacobi,1704,432,47.828125,1261.8947368421052,464.02945705181685,1,6.330000087473309e-05,0.02552819999982603,0.025591500000700762,455,0,9.979426983036418e-10,True,0.0
96,1000.0,connected,shift_x,arithmetic,random,3,4,jacobi,1704,432,47.828125,1261.8947368421052,464.02945705181685,1,5.480000072566327e-05,0.024027500000556756,0.02408230000128242,442,0,9.189572051723579e-10,True,0.0
96,1000.0,connected,shift_x,arithmetic,dipole_y,3,5,amg0,1704,432,47.828125,1261.8947368421052,464.02945705181685,1,0.014563100000486884,0.014155699999719218,0.0287188000002061,14,0,3.7297903103888545e-10,True,1.342046388457675
96,1000.0,connected,shift_x,arithmetic,ones,3,6,amg0,1704,432,47.828125,1261.8947368421052,464.02945705181685,1,0.01392149999992398,0.013793699999951059,0.02771519999987504,14,0,2.28203671712762e-10,True,1.342046388457675
96,1000.0,connected,shift_x,arithmetic,dipole_x,3,7,jacobi,1704,432,47.828125,1261.8947368421052,464.02945705181685,1,5.5699999393254984e-05,0.02421440000034636,0.024270099999739614,440,0,8.942789972554029e-10,True,0.0
96,1000.0,connected,shift_x,arithmetic,random,4,0,amg0,1705,432,47.828125,1261.8947368421052,464.02945705181685,1,0.015501799999583454,0.01139190000048984,0.026893700000073295,12,0,3.3329359952633886e-10,True,1.342046388457675
96,1000.0,connected,shift_x,arithmetic,dipole_y,4,1,jacobi,1705,432,47.828125,1261.8947368421052,464.02945705181685,1,5.760000021837186e-05,0.023662900000090303,0.023720500000308675,451,0,9.983137773360147e-10,True,0.0
96,1000.0,connected,shift_x,arithmetic,ones,4,2,amg0,1705,432,47.828125,1261.8947368421052,464.02945705181685,1,0.014905400000316149,0.013252300000203832,0.02815770000051998,14,0,2.2639289971613901e-10,True,1.342046388457675
96,1000.0,connected,shift_x,arithmetic,dipole_x,4,3,jacobi,1705,432,47.828125,1261.8947368421052,464.02945705181685,1,8.230000003095483e-05,0.02300600000035047,0.023088300000381423,440,0,8.942789972554029e-10,True,0.0
96,1000.0,connected,shift_x,arithmetic,ones,4,4,jacobi,1705,432,47.828125,1261.8947368421052,464.02945705181685,1,5.2999999752501026e-05,0.023876299999756156,0.023929299999508657,455,0,9.979426983036418e-10,True,0.0
96,1000.0,connected,shift_x,arithmetic,dipole_x,4,5,amg0,1705,432,47.828125,1261.8947368421052,464.02945705181685,1,0.015409100000397302,0.012571199999911187,0.02798030000030849,13,0,8.090677568772316e-10,True,1.342046388457675
96,1000.0,connected,shift_x,arithmetic,random,4,6,jacobi,1705,432,47.828125,1261.8947368421052,464.02945705181685,1,5.500000042957254e-05,0.02947440000025381,0.02952940000068338,442,0,9.189572051723579e-10,True,0.0
96,1000.0,connected,shift_x,arithmetic,dipole_y,4,7,amg0,1705,432,47.828125,1261.8947368421052,464.02945705181685,1,0.017730500000652683,0.014795000000049185,0.03252550000070187,14,0,3.711336115757056e-10,True,1.342046388457675
192,1000.0,connected,shift_x,harmonic,ones,0,0,amg0,1701,1728,47.828125,1255.2879581151833,932.943434704179,1,0.0524489999997968,0.04825879999953031,0.10070779999932711,14,0,4.900838196869879e-10,True,1.3386725269834205
192,1000.0,connected,shift_x,harmonic,dipole_x,0,1,jacobi,1701,1728,47.828125,1255.2879581151833,932.943434704179,1,0.0001568000006955117,0.15892119999989518,0.1590780000005907,885,0,9.793492952124553e-10,True,0.0
192,1000.0,connected,shift_x,harmonic,dipole_x,0,2,amg0,1701,1728,47.828125,1255.2879581151833,932.943434704179,1,0.04490630000054807,0.046748000000661705,0.09165430000120978,14,0,3.648494989076813e-10,True,1.3386725269834205
192,1000.0,connected,shift_x,harmonic,random,0,3,jacobi,1701,1728,47.828125,1255.2879581151833,932.943434704179,1,0.0001526000005469541,0.16591029999926832,0.16606289999981527,869,0,9.57401449347267e-10,True,0.0
192,1000.0,connected,shift_x,harmonic,random,0,4,amg0,1701,1728,47.828125,1255.2879581151833,932.943434704179,1,0.12382400000024063,0.10110050000002957,0.2249245000002702,12,0,6.083830181255448e-10,True,1.3386725269834205
192,1000.0,connected,shift_x,harmonic,dipole_y,0,5,jacobi,1701,1728,47.828125,1255.2879581151833,932.943434704179,1,0.00028279999969527125,0.2756867999996757,0.275969599999371,898,0,9.601369177774057e-10,True,0.0
192,1000.0,connected,shift_x,harmonic,ones,0,6,jacobi,1701,1728,47.828125,1255.2879581151833,932.943434704179,1,0.00022850000004837057,0.2870235000000321,0.28725200000008044,904,0,2.7971373794493682e-09,True,0.0
192,1000.0,connected,shift_x,harmonic,dipole_y,0,7,amg0,1701,1728,47.828125,1255.2879581151833,932.943434704179,1,0.061863699999776145,0.05857510000078037,0.12043880000055651,14,0,4.2113139503126653e-10,True,1.3386725269834205
192,1000.0,connected,shift_x,harmonic,random,1,0,jacobi,1702,1728,47.828125,1255.2879581151833,932.943434704179,1,0.0001909000002342509,0.2063919000001988,0.20658280000043305,869,0,9.57401449347267e-10,True,0.0
192,1000.0,connected,shift_x,harmonic,random,1,1,amg0,1702,1728,47.828125,1255.2879581151833,932.943434704179,1,0.05962309999995341,0.051009699999667646,0.11063279999962106,12,0,6.064418380508484e-10,True,1.3386725269834205
192,1000.0,connected,shift_x,harmonic,dipole_y,1,2,amg0,1702,1728,47.828125,1255.2879581151833,932.943434704179,1,0.05978240000058577,0.06073910000031901,0.12052150000090478,14,0,4.207271683355951e-10,True,1.3386725269834205
192,1000.0,connected,shift_x,harmonic,ones,1,3,jacobi,1702,1728,47.828125,1255.2879581151833,932.943434704179,1,0.00015050000001792796,0.19381669999984297,0.1939671999998609,904,0,2.7971373794493682e-09,True,0.0
192,1000.0,connected,shift_x,harmonic,dipole_x,1,4,amg0,1702,1728,47.828125,1255.2879581151833,932.943434704179,1,0.059409499999674154,0.062057000000095286,0.12146649999976944,14,0,3.6330118615699343e-10,True,1.3386725269834205
192,1000.0,connected,shift_x,harmonic,ones,1,5,amg0,1702,1728,47.828125,1255.2879581151833,932.943434704179,1,0.0524967999999717,0.056671299999834446,0.10916809999980615,14,0,4.776661759176708e-10,True,1.3386725269834205
192,1000.0,connected,shift_x,harmonic,dipole_y,1,6,jacobi,1702,1728,47.828125,1255.2879581151833,932.943434704179,1,0.00015419999999721767,0.17791199999919627,0.1780661999991935,898,0,9.601369177774057e-10,True,0.0
192,1000.0,connected,shift_x,harmonic,dipole_x,1,7,jacobi,1702,1728,47.828125,1255.2879581151833,932.943434704179,1,0.00013729999955103267,0.18061440000019502,0.18075169999974605,885,0,9.793492952124553e-10,True,0.0
192,1000.0,connected,shift_x,harmonic,random,2,0,amg0,1703,1728,47.828125,1255.2879581151833,932.943434704179,1,0.05779970000003232,0.044405599999663536,0.10220529999969585,12,0,6.076956838007833e-10,True,1.3386725269834205
192,1000.0,connected,shift_x,harmonic,ones,2,1,amg0,1703,1728,47.828125,1255.2879581151833,932.943434704179,1,0.05770210000082443,0.051463699999658274,0.1091658000004827,14,0,4.899133832410383e-10,True,1.3386725269834205
192,1000.0,connected,shift_x,harmonic,dipole_y,2,2,amg0,1703,1728,47.828125,1255.2879581151833,932.943434704179,1,0.05739519999951881,0.05645860000004177,0.11385379999956058,14,0,4.205841536918534e-10,True,1.3386725269834205
192,1000.0,connected,shift_x,harmonic,ones,2,3,jacobi,1703,1728,47.828125,1255.2879581151833,932.943434704179,1,0.00015100000018719584,0.19390180000027613,0.19405280000046332,904,0,2.7971373794493682e-09,True,0.0
192,1000.0,connected,shift_x,harmonic,dipole_x,2,4,jacobi,1703,1728,47.828125,1255.2879581151833,932.943434704179,1,0.00013969999963592272,0.20425729999988107,0.204396999999517,885,0,9.793492952124553e-10,True,0.0
192,1000.0,connected,shift_x,harmonic,dipole_x,2,5,amg0,1703,1728,47.828125,1255.2879581151833,932.943434704179,1,0.05705789999956323,0.05486060000021098,0.11191849999977421,14,0,3.638140110406141e-10,True,1.3386725269834205
192,1000.0,connected,shift_x,harmonic,random,2,6,jacobi,1703,1728,47.828125,1255.2879581151833,932.943434704179,1,0.00013630000012199162,0.19705680000060966,0.19719310000073165,869,0,9.57401449347267e-10,True,0.0
192,1000.0,connected,shift_x,harmonic,dipole_y,2,7,jacobi,1703,1728,47.828125,1255.2879581151833,932.943434704179,1,0.00014069999997445848,0.18503460000010818,0.18517530000008264,898,0,9.601369177774057e-10,True,0.0
192,1000.0,connected,shift_x,harmonic,dipole_x,3,0,amg0,1704,1728,47.828125,1255.2879581151833,932.943434704179,1,0.05148600000029546,0.05167379999966215,0.10315979999995761,14,0,3.632341950826978e-10,True,1.3386725269834205
192,1000.0,connected,shift_x,harmonic,dipole_y,3,1,jacobi,1704,1728,47.828125,1255.2879581151833,932.943434704179,1,0.00013630000012199162,0.23922070000025997,0.23935700000038196,898,0,9.601369177774057e-10,True,0.0
192,1000.0,connected,shift_x,harmonic,dipole_x,3,2,jacobi,1704,1728,47.828125,1255.2879581151833,932.943434704179,1,0.00013839999974152306,0.17447450000054232,0.17461290000028384,885,0,9.793492952124553e-10,True,0.0
192,1000.0,connected,shift_x,harmonic,random,3,3,amg0,1704,1728,47.828125,1255.2879581151833,932.943434704179,1,0.0525857000002361,0.04414450000058423,0.09673020000082033,12,0,6.067040469780718e-10,True,1.3386725269834205
192,1000.0,connected,shift_x,harmonic,dipole_y,3,4,amg0,1704,1728,47.828125,1255.2879581151833,932.943434704179,1,0.05293020000044635,0.055148600000393344,0.10807880000083969,14,0,4.1995043378002157e-10,True,1.3386725269834205
192,1000.0,connected,shift_x,harmonic,ones,3,5,jacobi,1704,1728,47.828125,1255.2879581151833,932.943434704179,1,0.00018589999945106683,0.19130129999939527,0.19148719999884634,904,0,2.7971373794493682e-09,True,0.0
192,1000.0,connected,shift_x,harmonic,random,3,6,jacobi,1704,1728,47.828125,1255.2879581151833,932.943434704179,1,0.00016830000004119938,0.17527479999989737,0.17544309999993857,869,0,9.57401449347267e-10,True,0.0
192,1000.0,connected,shift_x,harmonic,ones,3,7,amg0,1704,1728,47.828125,1255.2879581151833,932.943434704179,1,0.05306569999993371,0.05233259999931761,0.10539829999925132,14,0,4.875844552407442e-10,True,1.3386725269834205
192,1000.0,connected,shift_x,harmonic,random,4,0,amg0,1705,1728,47.828125,1255.2879581151833,932.943434704179,1,0.051214600000093924,0.046907500000088476,0.0981221000001824,12,0,5.997760133752937e-10,True,1.3386725269834205
192,1000.0,connected,shift_x,harmonic,dipole_y,4,1,amg0,1705,1728,47.828125,1255.2879581151833,932.943434704179,1,0.04808430000048247,0.05012280000028113,0.0982071000007636,14,0,4.1288217528429194e-10,True,1.3386725269834205
192,1000.0,connected,shift_x,harmonic,ones,4,2,amg0,1705,1728,47.828125,1255.2879581151833,932.943434704179,1,0.04754659999980504,0.051677899999958754,0.0992244999997638,14,0,4.976457660910051e-10,True,1.3386725269834205
192,1000.0,connected,shift_x,harmonic,dipole_x,4,3,jacobi,1705,1728,47.828125,1255.2879581151833,932.943434704179,1,0.00015900000016699778,0.17271209999944404,0.17287109999961103,885,0,9.793492952124553e-10,True,0.0
192,1000.0,connected,shift_x,harmonic,ones,4,4,jacobi,1705,1728,47.828125,1255.2879581151833,932.943434704179,1,0.00018600000021251617,0.17914099999961763,0.17932699999983015,904,0,2.7971373794493682e-09,True,0.0
192,1000.0,connected,shift_x,harmonic,dipole_x,4,5,amg0,1705,1728,47.828125,1255.2879581151833,932.943434704179,1,0.045783700000356475,0.05230980000033014,0.09809350000068662,14,0,3.5465308516075056e-10,True,1.3386725269834205
192,1000.0,connected,shift_x,harmonic,dipole_y,4,6,jacobi,1705,1728,47.828125,1255.2879581151833,932.943434704179,1,0.00014450000071519753,0.19154270000035467,0.19168720000106987,898,0,9.601369177774057e-10,True,0.0
192,1000.0,connected,shift_x,harmonic,random,4,7,jacobi,1705,1728,47.828125,1255.2879581151833,932.943434704179,1,0.00013760000001639128,0.17707470000004832,0.17721230000006472,869,0,9.57401449347267e-10,True,0.0
128,1000.0,connected,shift_x,arithmetic,dipole_y,0,0,amg0,1701,768,47.828125,1258.5826771653544,620.3341162692709,1,0.026619299999765644,0.024831699999595003,0.05145099999936065,14,0,1.6048040894399824e-10,True,1.3399006034788783
128,1000.0,connected,shift_x,arithmetic,dipole_x,0,1,amg0,1701,768,47.828125,1258.5826771653544,620.3341162692709,1,0.02501109999957407,0.023491500000091037,0.04850259999966511,13,0,7.785080006976985e-10,True,1.3399006034788783
128,1000.0,connected,shift_x,arithmetic,dipole_y,0,2,jacobi,1701,768,47.828125,1258.5826771653544,620.3341162692709,1,7.829999958630651e-05,0.06071869999959745,0.060796999999183754,606,0,9.157119695430457e-10,True,0.0
128,1000.0,connected,shift_x,arithmetic,random,0,3,jacobi,1701,768,47.828125,1258.5826771653544,620.3341162692709,1,8.549999984097667e-05,0.05643289999989065,0.05651839999973163,585,0,9.327654222058994e-10,True,0.0
128,1000.0,connected,shift_x,arithmetic,ones,0,4,jacobi,1701,768,47.828125,1258.5826771653544,620.3341162692709,1,9.450000015931437e-05,0.05748070000026928,0.057575200000428595,609,0,1.488814685406063e-09,True,0.0
128,1000.0,connected,shift_x,arithmetic,dipole_x,0,5,jacobi,1701,768,47.828125,1258.5826771653544,620.3341162692709,1,7.850000019971048e-05,0.05637879999994766,0.05645730000014737,590,0,9.147381255022884e-10,True,0.0
128,1000.0,connected,shift_x,arithmetic,random,0,6,amg0,1701,768,47.828125,1258.5826771653544,620.3341162692709,1,0.029134699999303848,0.022413599999708822,0.05154829999901267,12,0,2.559195086097933e-10,True,1.3399006034788783
128,1000.0,connected,shift_x,arithmetic,ones,0,7,amg0,1701,768,47.828125,1258.5826771653544,620.3341162692709,1,0.025421999999707623,0.022769899999730114,0.04819189999943774,13,0,8.804623612804438e-10,True,1.3399006034788783
128,1000.0,connected,shift_x,arithmetic,ones,1,0,amg0,1702,768,47.828125,1258.5826771653544,620.3341162692709,1,0.0261077999994086,0.022169099999700848,0.048276899999109446,13,0,8.596472286665969e-10,True,1.3399006034788783
128,1000.0,connected,shift_x,arithmetic,dipole_y,1,1,amg0,1702,768,47.828125,1258.5826771653544,620.3341162692709,1,0.026192600000285893,0.025301199999375967,0.05149379999966186,14,0,1.5961011309368881e-10,True,1.3399006034788783
128,1000.0,connected,shift_x,arithmetic,dipole_x,1,2,jacobi,1702,768,47.828125,1258.5826771653544,620.3341162692709,1,0.00013080000007903436,0.05793900000026042,0.058069800000339455,590,0,9.147381255022884e-10,True,0.0
128,1000.0,connected,shift_x,arithmetic,ones,1,3,jacobi,1702,768,47.828125,1258.5826771653544,620.3341162692709,1,8.149999939632835e-05,0.05728830000043672,0.05736979999983305,609,0,1.488814685406063e-09,True,0.0
128,1000.0,connected,shift_x,arithmetic,dipole_y,1,4,jacobi,1702,768,47.828125,1258.5826771653544,620.3341162692709,1,7.949999962875154e-05,0.05895260000033886,0.05903209999996761,606,0,9.157119695430457e-10,True,0.0
128,1000.0,connected,shift_x,arithmetic,random,1,5,jacobi,1702,768,47.828125,1258.5826771653544,620.3341162692709,1,0.00010849999944184674,0.05515960000047926,0.055268099999921105,585,0,9.327654222058994e-10,True,0.0
128,1000.0,connected,shift_x,arithmetic,random,1,6,amg0,1702,768,47.828125,1258.5826771653544,620.3341162692709,1,0.025337299999591778,0.021200799999860465,0.04653809999945224,12,0,2.5555867226026515e-10,True,1.3399006034788783
128,1000.0,connected,shift_x,arithmetic,dipole_x,1,7,amg0,1702,768,47.828125,1258.5826771653544,620.3341162692709,1,0.025933099999747355,0.023536100000455917,0.04946920000020327,13,0,7.764809676890239e-10,True,1.3399006034788783
128,1000.0,connected,shift_x,arithmetic,random,2,0,amg0,1703,768,47.828125,1258.5826771653544,620.3341162692709,1,0.027101699999548146,0.022165100000165694,0.04926679999971384,12,0,2.554613671038303e-10,True,1.3399006034788783
128,1000.0,connected,shift_x,arithmetic,ones,2,1,jacobi,1703,768,47.828125,1258.5826771653544,620.3341162692709,1,0.00012010000045847846,0.06312919999982114,0.06324930000027962,609,0,1.488814685406063e-09,True,0.0
128,1000.0,connected,shift_x,arithmetic,dipole_y,2,2,jacobi,1703,768,47.828125,1258.5826771653544,620.3341162692709,1,8.139999954437371e-05,0.061606899999787856,0.06168829999933223,606,0,9.157119695430457e-10,True,0.0
128,1000.0,connected,shift_x,arithmetic,dipole_x,2,3,jacobi,1703,768,47.828125,1258.5826771653544,620.3341162692709,1,7.949999962875154e-05,0.0584750999996686,0.05855459999929735,590,0,9.147381255022884e-10,True,0.0
128,1000.0,connected,shift_x,arithmetic,dipole_x,2,4,amg0,1703,768,47.828125,1258.5826771653544,620.3341162692709,1,0.028631400000449503,0.024432100000012724,0.05306350000046223,13,0,7.766969361234995e-10,True,1.3399006034788783
128,1000.0,connected,shift_x,arithmetic,ones,2,5,amg0,1703,768,47.828125,1258.5826771653544,620.3341162692709,1,0.027787899999566434,0.022688400000333786,0.05047629999990022,13,0,8.731501065039272e-10,True,1.3399006034788783
128,1000.0,connected,shift_x,arithmetic,dipole_y,2,6,amg0,1703,768,47.828125,1258.5826771653544,620.3341162692709,1,0.02608520000012504,0.02420429999983753,0.05028949999996257,14,0,1.5984432807720398e-10,True,1.3399006034788783
128,1000.0,connected,shift_x,arithmetic,random,2,7,jacobi,1703,768,47.828125,1258.5826771653544,620.3341162692709,1,7.679999998799758e-05,0.05607220000001689,0.05614900000000489,585,0,9.327654222058994e-10,True,0.0
128,1000.0,connected,shift_x,arithmetic,ones,3,0,amg0,1704,768,47.828125,1258.5826771653544,620.3341162692709,1,0.026117299999896204,0.023646099999496073,0.04976339999939228,13,0,8.210807408250432e-10,True,1.3399006034788783
128,1000.0,connected,shift_x,arithmetic,random,3,1,amg0,1704,768,47.828125,1258.5826771653544,620.3341162692709,1,0.028950900000381807,0.021278199999869685,0.05022910000025149,12,0,2.4442085308892576e-10,True,1.3399006034788783
128,1000.0,connected,shift_x,arithmetic,dipole_x,3,2,jacobi,1704,768,47.828125,1258.5826771653544,620.3341162692709,1,0.00014069999997445848,0.057377099999939674,0.05751779999991413,590,0,9.147381255022884e-10,True,0.0
128,1000.0,connected,shift_x,arithmetic,random,3,3,jacobi,1704,768,47.828125,1258.5826771653544,620.3341162692709,1,7.980000009411015e-05,0.05760370000007242,0.05768350000016653,585,0,9.327654222058994e-10,True,0.0
128,1000.0,connected,shift_x,arithmetic,dipole_y,3,4,jacobi,1704,768,47.828125,1258.5826771653544,620.3341162692709,1,7.820000064384658e-05,0.05800750000071275,0.0580857000013566,606,0,9.157119695430457e-10,True,0.0
128,1000.0,connected,shift_x,arithmetic,dipole_x,3,5,amg0,1704,768,47.828125,1258.5826771653544,620.3341162692709,1,0.025211699999999837,0.023588000000017928,0.048799700000017765,13,0,7.550622407406804e-10,True,1.3399006034788783
128,1000.0,connected,shift_x,arithmetic,ones,3,6,jacobi,1704,768,47.828125,1258.5826771653544,620.3341162692709,1,9.270000009564683e-05,0.05821949999972276,0.058312199999818404,609,0,1.488814685406063e-09,True,0.0
128,1000.0,connected,shift_x,arithmetic,dipole_y,3,7,amg0,1704,768,47.828125,1258.5826771653544,620.3341162692709,1,0.026503699999921082,0.02408980000018346,0.05059350000010454,14,0,1.5187698806339563e-10,True,1.3399006034788783
128,1000.0,connected,shift_x,arithmetic,dipole_y,4,0,jacobi,1705,768,47.828125,1258.5826771653544,620.3341162692709,1,0.00011009999980160501,0.05796970000028523,0.058079800000086834,606,0,9.157119695430457e-10,True,0.0
128,1000.0,connected,shift_x,arithmetic,ones,4,1,jacobi,1705,768,47.828125,1258.5826771653544,620.3341162692709,1,7.970000024215551e-05,0.0573140999995303,0.057393799999772455,609,0,1.488814685406063e-09,True,0.0
128,1000.0,connected,shift_x,arithmetic,ones,4,2,amg0,1705,768,47.828125,1258.5826771653544,620.3341162692709,1,0.028684599999905913,0.023017499999696156,0.05170209999960207,13,0,8.734823980704938e-10,True,1.3399006034788783
128,1000.0,connected,shift_x,arithmetic,dipole_x,4,3,amg0,1705,768,47.828125,1258.5826771653544,620.3341162692709,1,0.026209599999674538,0.023954099999173195,0.05016369999884773,13,0,7.786502664281062e-10,True,1.3399006034788783
128,1000.0,connected,shift_x,arithmetic,random,4,4,amg0,1705,768,47.828125,1258.5826771653544,620.3341162692709,1,0.026108199999725912,0.021034200000030978,0.04714239999975689,12,0,2.5637582050089233e-10,True,1.3399006034788783
128,1000.0,connected,shift_x,arithmetic,random,4,5,jacobi,1705,768,47.828125,1258.5826771653544,620.3341162692709,1,9.620000037102727e-05,0.056346299999859184,0.05644250000023021,585,0,9.327654222058994e-10,True,0.0
128,1000.0,connected,shift_x,arithmetic,dipole_y,4,6,amg0,1705,768,47.828125,1258.5826771653544,620.3341162692709,1,0.026006999999481195,0.02499420000003738,0.051001199999518576,14,0,1.610451134086478e-10,True,1.3399006034788783
128,1000.0,connected,shift_x,arithmetic,dipole_x,4,7,jacobi,1705,768,47.828125,1258.5826771653544,620.3341162692709,1,9.870000030787196e-05,0.058124400000451715,0.05822310000075959,590,0,9.147381255022884e-10,True,0.0
192,1000.0,disconnected,transpose,arithmetic,dipole_y,0,0,jacobi,1701,1728,47.828125,1255.2879581151833,932.943434704179,2,0.00018790000012813834,0.10828200000014476,0.1084699000002729,494,0,1.2958982200994546e-09,True,0.0
192,1000.0,disconnected,transpose,arithmetic,dipole_x,0,1,amg0,1701,1728,47.828125,1255.2879581151833,932.943434704179,2,0.04924530000062077,0.06520579999960319,0.11445110000022396,17,0,7.549074921659516e-10,True,1.3386725269834205
192,1000.0,disconnected,transpose,arithmetic,ones,0,2,amg0,1701,1728,47.828125,1255.2879581151833,932.943434704179,2,0.0486601000002338,0.06447089999983291,0.1131310000000667,17,0,1.0737476190353321e-09,True,1.3386725269834205
192,1000.0,disconnected,transpose,arithmetic,dipole_x,0,3,jacobi,1701,1728,47.828125,1255.2879581151833,932.943434704179,2,0.0001370999998471234,0.07924660000026051,0.07938370000010764,404,0,9.682781469450217e-10,True,0.0
192,1000.0,disconnected,transpose,arithmetic,dipole_y,0,4,amg0,1701,1728,47.828125,1255.2879581151833,932.943434704179,2,0.04753609999988839,0.06382010000015725,0.11135620000004565,17,0,6.742608616266842e-10,True,1.3386725269834205
192,1000.0,disconnected,transpose,arithmetic,random,0,5,amg0,1701,1728,47.828125,1255.2879581151833,932.943434704179,2,0.04824370000005729,0.05531410000003234,0.10355780000008963,15,0,8.898165020551272e-10,True,1.3386725269834205
192,1000.0,disconnected,transpose,arithmetic,ones,0,6,jacobi,1701,1728,47.828125,1255.2879581151833,932.943434704179,2,0.00013580000086221844,0.11700890000065556,0.11714470000151778,555,0,2.1865666575878597e-09,True,0.0
192,1000.0,disconnected,transpose,arithmetic,random,0,7,jacobi,1701,1728,47.828125,1255.2879581151833,932.943434704179,2,0.0001711999993858626,0.20367189999979018,0.20384309999917605,947,0,9.76147875336899e-10,True,0.0
192,1000.0,disconnected,transpose,arithmetic,ones,1,0,amg0,1702,1728,47.828125,1255.2879581151833,932.943434704179,2,0.04791459999978542,0.06151430000045366,0.10942890000023908,17,0,1.0697192327988123e-09,True,1.3386725269834205
192,1000.0,disconnected,transpose,arithmetic,dipole_x,1,1,amg0,1702,1728,47.828125,1255.2879581151833,932.943434704179,2,0.04525270000067394,0.056779999999889696,0.10203270000056364,17,0,7.571823597065402e-10,True,1.3386725269834205
192,1000.0,disconnected,transpose,arithmetic,random,1,2,amg0,1702,1728,47.828125,1255.2879581151833,932.943434704179,2,0.04350350000004255,0.050683200000094075,0.09418670000013663,15,0,8.913200783957406e-10,True,1.3386725269834205
192,1000.0,disconnected,transpose,arithmetic,ones,1,3,jacobi,1702,1728,47.828125,1255.2879581151833,932.943434704179,2,0.0001312000003963476,0.11158350000005157,0.11171470000044792,555,0,2.1865666575878597e-09,True,0.0
192,1000.0,disconnected,transpose,arithmetic,dipole_x,1,4,jacobi,1702,1728,47.828125,1255.2879581151833,932.943434704179,2,0.00013240000043879263,0.07363129999976081,0.0737637000001996,404,0,9.682781469450217e-10,True,0.0
192,1000.0,disconnected,transpose,arithmetic,dipole_y,1,5,jacobi,1702,1728,47.828125,1255.2879581151833,932.943434704179,2,0.00013359999957174296,0.08838310000010097,0.08851669999967271,494,0,1.2958982200994546e-09,True,0.0
192,1000.0,disconnected,transpose,arithmetic,dipole_y,1,6,amg0,1702,1728,47.828125,1255.2879581151833,932.943434704179,2,0.045376199999736855,0.056140299999242416,0.10151649999897927,17,0,6.761610178261727e-10,True,1.3386725269834205
192,1000.0,disconnected,transpose,arithmetic,random,1,7,jacobi,1702,1728,47.828125,1255.2879581151833,932.943434704179,2,0.00013579999995272374,0.17215099999975791,0.17228679999971064,947,0,9.76147875336899e-10,True,0.0
192,1000.0,disconnected,transpose,arithmetic,random,2,0,amg0,1703,1728,47.828125,1255.2879581151833,932.943434704179,2,0.04370250000010856,0.050274000000172236,0.0939765000002808,15,0,8.913984425530991e-10,True,1.3386725269834205
192,1000.0,disconnected,transpose,arithmetic,random,2,1,jacobi,1703,1728,47.828125,1255.2879581151833,932.943434704179,2,0.00015419999999721767,0.17030100000010862,0.17045520000010583,947,0,9.76147875336899e-10,True,0.0
192,1000.0,disconnected,transpose,arithmetic,dipole_x,2,2,jacobi,1703,1728,47.828125,1255.2879581151833,932.943434704179,2,0.00014710000050399685,0.06983079999918118,0.06997789999968518,404,0,9.682781469450217e-10,True,0.0
192,1000.0,disconnected,transpose,arithmetic,dipole_x,2,3,amg0,1703,1728,47.828125,1255.2879581151833,932.943434704179,2,0.04339419999996608,0.056491499999538064,0.09988569999950414,17,0,7.57114445463318e-10,True,1.3386725269834205
192,1000.0,disconnected,transpose,arithmetic,ones,2,4,amg0,1703,1728,47.828125,1255.2879581151833,932.943434704179,2,0.04346499999974185,0.05792999999994208,0.10139499999968393,17,0,1.0832296507918928e-09,True,1.3386725269834205
192,1000.0,disconnected,transpose,arithmetic,dipole_y,2,5,amg0,1703,1728,47.828125,1255.2879581151833,932.943434704179,2,0.04253860000062559,0.055831900000157475,0.09837050000078307,17,0,6.695386294594089e-10,True,1.3386725269834205
192,1000.0,disconnected,transpose,arithmetic,dipole_y,2,6,jacobi,1703,1728,47.828125,1255.2879581151833,932.943434704179,2,0.00017010000010486692,0.09378579999975045,0.09395589999985532,494,0,1.2958982200994546e-09,True,0.0
192,1000.0,disconnected,transpose,arithmetic,ones,2,7,jacobi,1703,1728,47.828125,1255.2879581151833,932.943434704179,2,0.0001426999997420353,0.10671079999974609,0.10685349999948812,555,0,2.1865666575878597e-09,True,0.0
192,1000.0,disconnected,transpose,arithmetic,dipole_x,3,0,amg0,1704,1728,47.828125,1255.2879581151833,932.943434704179,2,0.049112699999568576,0.05815009999969334,0.10726279999926192,17,0,7.580985088855722e-10,True,1.3386725269834205
192,1000.0,disconnected,transpose,arithmetic,dipole_x,3,1,jacobi,1704,1728,47.828125,1255.2879581151833,932.943434704179,2,0.00012829999923269497,0.07308160000047792,0.07320989999971061,404,0,9.682781469450217e-10,True,0.0
192,1000.0,disconnected,transpose,arithmetic,dipole_y,3,2,jacobi,1704,1728,47.828125,1255.2879581151833,932.943434704179,2,0.00018539999928179896,0.09920690000035393,0.09939229999963572,494,0,1.2958982200994546e-09,True,0.0
192,1000.0,disconnected,transpose,arithmetic,random,3,3,amg0,1704,1728,47.828125,1255.2879581151833,932.943434704179,2,0.04588719999992463,0.053781599999638274,0.09966879999956291,15,0,8.923012159144959e-10,True,1.3386725269834205
192,1000.0,disconnected,transpose,arithmetic,ones,3,4,jacobi,1704,1728,47.828125,1255.2879581151833,932.943434704179,2,0.00014389999978448031,0.11764419999963138,0.11778809999941586,555,0,2.1865666575878597e-09,True,0.0
192,1000.0,disconnected,transpose,arithmetic,ones,3,5,amg0,1704,1728,47.828125,1255.2879581151833,932.943434704179,2,0.045962600000166276,0.059118999999554944,0.10508159999972122,17,0,1.0713687877874213e-09,True,1.3386725269834205
192,1000.0,disconnected,transpose,arithmetic,dipole_y,3,6,amg0,1704,1728,47.828125,1255.2879581151833,932.943434704179,2,0.0459500000006301,0.06113970000023983,0.10708970000086993,17,0,6.672595949646806e-10,True,1.3386725269834205
192,1000.0,disconnected,transpose,arithmetic,random,3,7,jacobi,1704,1728,47.828125,1255.2879581151833,932.943434704179,2,0.00015129999974305974,0.16722000000027037,0.16737130000001343,947,0,9.76147875336899e-10,True,0.0
192,1000.0,disconnected,transpose,arithmetic,ones,4,0,jacobi,1705,1728,47.828125,1255.2879581151833,932.943434704179,2,0.00019019999945157906,0.09988359999988461,0.10007379999933619,555,0,2.1865666575878597e-09,True,0.0
192,1000.0,disconnected,transpose,arithmetic,random,4,1,amg0,1705,1728,47.828125,1255.2879581151833,932.943434704179,2,0.04336490000059712,0.053965600000083214,0.09733050000068033,15,0,8.908288586527782e-10,True,1.3386725269834205
192,1000.0,disconnected,transpose,arithmetic,dipole_y,4,2,amg0,1705,1728,47.828125,1255.2879581151833,932.943434704179,2,0.04669659999944997,0.05966069999976753,0.1063572999992175,17,0,6.758652840462183e-10,True,1.3386725269834205
192,1000.0,disconnected,transpose,arithmetic,dipole_x,4,3,jacobi,1705,1728,47.828125,1255.2879581151833,932.943434704179,2,0.00015139999959501438,0.07533320000038657,0.07548459999998158,404,0,9.682781469450217e-10,True,0.0
192,1000.0,disconnected,transpose,arithmetic,random,4,4,jacobi,1705,1728,47.828125,1255.2879581151833,932.943434704179,2,0.00017010000010486692,0.1671494000001985,0.16731950000030338,947,0,9.76147875336899e-10,True,0.0
192,1000.0,disconnected,transpose,arithmetic,dipole_y,4,5,jacobi,1705,1728,47.828125,1255.2879581151833,932.943434704179,2,0.00019549999979062704,0.08613640000021405,0.08633190000000468,494,0,1.2958982200994546e-09,True,0.0
192,1000.0,disconnected,transpose,arithmetic,ones,4,6,amg0,1705,1728,47.828125,1255.2879581151833,932.943434704179,2,0.04339879999952245,0.05848580000019865,0.1018845999997211,17,0,1.0798176974492879e-09,True,1.3386725269834205
192,1000.0,disconnected,transpose,arithmetic,dipole_x,4,7,amg0,1705,1728,47.828125,1255.2879581151833,932.943434704179,2,0.04547649999949499,0.05774399999972957,0.10322049999922456,17,0,7.564384846965624e-10,True,1.3386725269834205
96,1000.0,disconnected,shift_x,harmonic,dipole_x,0,0,amg0,1701,432,47.828125,1261.8947368421052,464.02945705181685,2,0.01440329999968526,0.014479400000709575,0.028882700000394834,15,0,1.9118982606219998e-10,True,1.342046388457675
96,1000.0,disconnected,shift_x,harmonic,dipole_x,0,1,jacobi,1701,432,47.828125,1261.8947368421052,464.02945705181685,2,5.4799999816168565e-05,0.017765200000212644,0.017820000000028813,336,0,9.784214399938253e-10,True,0.0
96,1000.0,disconnected,shift_x,harmonic,ones,0,2,jacobi,1701,432,47.828125,1261.8947368421052,464.02945705181685,2,5.0800000281014945e-05,0.018769700000120793,0.018820500000401807,351,0,1.0405627993303632e-09,True,0.0
96,1000.0,disconnected,shift_x,harmonic,random,0,3,jacobi,1701,432,47.828125,1261.8947368421052,464.02945705181685,2,5.109999983687885e-05,0.02607949999946868,0.02613059999930556,473,0,9.402780609630928e-10,True,0.0
96,1000.0,disconnected,shift_x,harmonic,ones,0,4,amg0,1701,432,47.828125,1261.8947368421052,464.02945705181685,2,0.013492300000507385,0.014251399999920977,0.027743700000428362,15,0,2.439991334273408e-10,True,1.342046388457675
96,1000.0,disconnected,shift_x,harmonic,random,0,5,amg0,1701,432,47.828125,1261.8947368421052,464.02945705181685,2,0.01362150000022666,0.01329280000027211,0.02691430000049877,13,0,5.091720056611953e-10,True,1.342046388457675
96,1000.0,disconnected,shift_x,harmonic,dipole_y,0,6,jacobi,1701,432,47.828125,1261.8947368421052,464.02945705181685,2,5.3199999456410296e-05,0.016898500000024796,0.016951699999481207,307,0,8.784522641030796e-10,True,0.0
96,1000.0,disconnected,shift_x,harmonic,dipole_y,0,7,amg0,1701,432,47.828125,1261.8947368421052,464.02945705181685,2,0.013693800000510237,0.014556699999957345,0.028250500000467582,15,0,2.173439653221188e-10,True,1.342046388457675
96,1000.0,disconnected,shift_x,harmonic,dipole_x,1,0,jacobi,1702,432,47.828125,1261.8947368421052,464.02945705181685,2,6.819999998697313e-05,0.019548700000086683,0.019616900000073656,336,0,9.784214399938253e-10,True,0.0
96,1000.0,disconnected,shift_x,harmonic,random,1,1,amg0,1702,432,47.828125,1261.8947368421052,464.02945705181685,2,0.012958500000422646,0.013638100000207487,0.026596600000630133,13,0,5.060360012033564e-10,True,1.342046388457675
96,1000.0,disconnected,shift_x,harmonic,ones,1,2,amg0,1702,432,47.828125,1261.8947368421052,464.02945705181685,2,0.013610299999527342,0.014275099999395024,0.027885399998922367,15,0,2.465312891244493e-10,True,1.342046388457675
96,1000.0,disconnected,shift_x,harmonic,dipole_y,1,3,amg0,1702,432,47.828125,1261.8947368421052,464.02945705181685,2,0.01373799999964831,0.015380199999526667,0.029118199999174976,15,0,2.1529156869454617e-10,True,1.342046388457675
96,1000.0,disconnected,shift_x,harmonic,ones,1,4,jacobi,1702,432,47.828125,1261.8947368421052,464.02945705181685,2,5.739999960496789e-05,0.019562499999665306,0.019619899999270274,351,0,1.0405627993303632e-09,True,0.0
96,1000.0,disconnected,shift_x,harmonic,random,1,5,jacobi,1702,432,47.828125,1261.8947368421052,464.02945705181685,2,5.719999990105862e-05,0.025131299999884504,0.025188499999785563,473,0,9.402780609630928e-10,True,0.0
96,1000.0,disconnected,shift_x,harmonic,dipole_y,1,6,jacobi,1702,432,47.828125,1261.8947368421052,464.02945705181685,2,5.3499999921768904e-05,0.017569100000400795,0.017622600000322564,307,0,8.784522641030796e-10,True,0.0
96,1000.0,disconnected,shift_x,harmonic,dipole_x,1,7,amg0,1702,432,47.828125,1261.8947368421052,464.02945705181685,2,0.012827700000343611,0.015352200000052107,0.02817990000039572,15,0,1.8892548988705586e-10,True,1.342046388457675
96,1000.0,disconnected,shift_x,harmonic,ones,2,0,amg0,1703,432,47.828125,1261.8947368421052,464.02945705181685,2,0.015118500000426138,0.01603789999990113,0.031156400000327267,15,0,2.480771683969843e-10,True,1.342046388457675
96,1000.0,disconnected,shift_x,harmonic,dipole_x,2,1,amg0,1703,432,47.828125,1261.8947368421052,464.02945705181685,2,0.01466199999958917,0.015066099999785365,0.029728099999374535,15,0,1.9077972375731964e-10,True,1.342046388457675
96,1000.0,disconnected,shift_x,harmonic,random,2,2,jacobi,1703,432,47.828125,1261.8947368421052,464.02945705181685,2,6.240000038815197e-05,0.0261385000003429,0.026200900000731053,473,0,9.402780609630928e-10,True,0.0
96,1000.0,disconnected,shift_x,harmonic,dipole_y,2,3,jacobi,1703,432,47.828125,1261.8947368421052,464.02945705181685,2,5.650000002788147e-05,0.018855899999834946,0.018912399999862828,307,0,8.784522641030796e-10,True,0.0
96,1000.0,disconnected,shift_x,harmonic,ones,2,4,jacobi,1703,432,47.828125,1261.8947368421052,464.02945705181685,2,6.38999999864609e-05,0.019410599999901024,0.019474499999887485,351,0,1.0405627993303632e-09,True,0.0
96,1000.0,disconnected,shift_x,harmonic,dipole_y,2,5,amg0,1703,432,47.828125,1261.8947368421052,464.02945705181685,2,0.01511819999996078,0.014899499999955879,0.03001769999991666,15,0,2.1643750808072183e-10,True,1.342046388457675
96,1000.0,disconnected,shift_x,harmonic,dipole_x,2,6,jacobi,1703,432,47.828125,1261.8947368421052,464.02945705181685,2,6.0200000007171184e-05,0.020136699999966368,0.02019689999997354,336,0,9.784214399938253e-10,True,0.0
96,1000.0,disconnected,shift_x,harmonic,random,2,7,amg0,1703,432,47.828125,1261.8947368421052,464.02945705181685,2,0.015605399999913061,0.01307859999997163,0.02868399999988469,13,0,5.096089936084997e-10,True,1.342046388457675
96,1000.0,disconnected,shift_x,harmonic,random,3,0,jacobi,1704,432,47.828125,1261.8947368421052,464.02945705181685,2,5.8399999943503644e-05,0.026832200000171724,0.026890600000115228,473,0,9.402780609630928e-10,True,0.0
96,1000.0,disconnected,shift_x,harmonic,dipole_y,3,1,jacobi,1704,432,47.828125,1261.8947368421052,464.02945705181685,2,6.310000026132911e-05,0.01810939999995753,0.01817250000021886,307,0,8.784522641030796e-10,True,0.0
96,1000.0,disconnected,shift_x,harmonic,random,3,2,amg0,1704,432,47.828125,1261.8947368421052,464.02945705181685,2,0.014946600000257604,0.013771400000223366,0.02871800000048097,13,0,5.086214144174298e-10,True,1.342046388457675
96,1000.0,disconnected,shift_x,harmonic,ones,3,3,amg0,1704,432,47.828125,1261.8947368421052,464.02945705181685,2,0.01484489999984362,0.015776899999764282,0.0306217999996079,15,0,2.425662507899958e-10,True,1.342046388457675
96,1000.0,disconnected,shift_x,harmonic,dipole_y,3,4,amg0,1704,432,47.828125,1261.8947368421052,464.02945705181685,2,0.014820200000031036,0.014993800000411284,0.02981400000044232,15,0,2.1384685553183442e-10,True,1.342046388457675
96,1000.0,disconnected,shift_x,harmonic,dipole_x,3,5,amg0,1704,432,47.828125,1261.8947368421052,464.02945705181685,2,0.014731600000231992,0.014222400000107882,0.028954000000339875,15,0,1.9132442469004297e-10,True,1.342046388457675
96,1000.0,disconnected,shift_x,harmonic,dipole_x,3,6,jacobi,1704,432,47.828125,1261.8947368421052,464.02945705181685,2,5.4999999520077836e-05,0.01877310000054422,0.018828100000064296,336,0,9.784214399938253e-10,True,0.0
96,1000.0,disconnected,shift_x,harmonic,ones,3,7,jacobi,1704,432,47.828125,1261.8947368421052,464.02945705181685,2,5.400000009103678e-05,0.01853819999996631,0.018592200000057346,351,0,1.0405627993303632e-09,True,0.0
96,1000.0,disconnected,shift_x,harmonic,dipole_y,4,0,amg0,1705,432,47.828125,1261.8947368421052,464.02945705181685,2,0.014138900000034482,0.014130800000202726,0.028269700000237208,15,0,2.136020613472294e-10,True,1.342046388457675
96,1000.0,disconnected,shift_x,harmonic,dipole_x,4,1,amg0,1705,432,47.828125,1261.8947368421052,464.02945705181685,2,0.014389599999958591,0.01647170000069309,0.03086130000065168,15,0,1.9042149712689546e-10,True,1.342046388457675
96,1000.0,disconnected,shift_x,harmonic,ones,4,2,jacobi,1705,432,47.828125,1261.8947368421052,464.02945705181685,2,5.560000045079505e-05,0.019749199999751,0.019804800000201794,351,0,1.0405627993303632e-09,True,0.0
96,1000.0,disconnected,shift_x,harmonic,random,4,3,amg0,1705,432,47.828125,1261.8947368421052,464.02945705181685,2,0.014536599999701139,0.013651000000209024,0.028187599999910162,13,0,5.079368084037887e-10,True,1.342046388457675
96,1000.0,disconnected,shift_x,harmonic,dipole_x,4,4,jacobi,1705,432,47.828125,1261.8947368421052,464.02945705181685,2,5.539999983739108e-05,0.02192560000003141,0.0219809999998688,336,0,9.784214399938253e-10,True,0.0
96,1000.0,disconnected,shift_x,harmonic,ones,4,5,amg0,1705,432,47.828125,1261.8947368421052,464.02945705181685,2,0.014818499999819323,0.01697630000035133,0.03179480000017065,15,0,2.5014669913928346e-10,True,1.342046388457675
96,1000.0,disconnected,shift_x,harmonic,dipole_y,4,6,jacobi,1705,432,47.828125,1261.8947368421052,464.02945705181685,2,6.759999996575061e-05,0.01760999999987689,0.01767759999984264,307,0,8.784522641030796e-10,True,0.0
96,1000.0,disconnected,shift_x,harmonic,random,4,7,jacobi,1705,432,47.828125,1261.8947368421052,464.02945705181685,2,6.589999975403771e-05,0.029336599999624013,0.02940249999937805,473,0,9.402780609630928e-10,True,0.0
128,1000.0,disconnected,shift_x,harmonic,dipole_y,0,0,amg0,1701,768,47.828125,1258.5826771653544,620.3341162692709,2,0.023667799999202543,0.025535900000249967,0.04920369999945251,15,0,2.420328279527054e-10,True,1.3399006034788783
128,1000.0,disconnected,shift_x,harmonic,random,0,1,amg0,1701,768,47.828125,1258.5826771653544,620.3341162692709,2,0.04872609999983979,0.02370139999948151,0.0724274999993213,13,0,4.6070437355241275e-10,True,1.3399006034788783
128,1000.0,disconnected,shift_x,harmonic,dipole_x,0,2,jacobi,1701,768,47.828125,1258.5826771653544,620.3341162692709,2,0.000113999999484804,0.047367099999974016,0.04748109999945882,450,0,9.092451541869095e-10,True,0.0
128,1000.0,disconnected,shift_x,harmonic,dipole_y,0,3,jacobi,1701,768,47.828125,1258.5826771653544,620.3341162692709,2,9.020000015880214e-05,0.04438829999980953,0.044478499999968335,412,0,8.823308278763512e-10,True,0.0
128,1000.0,disconnected,shift_x,harmonic,random,0,4,jacobi,1701,768,47.828125,1258.5826771653544,620.3341162692709,2,8.129999969241908e-05,0.0643383000005997,0.06441960000029212,634,0,9.301557341646773e-10,True,0.0
128,1000.0,disconnected,shift_x,harmonic,dipole_x,0,5,amg0,1701,768,47.828125,1258.5826771653544,620.3341162692709,2,0.025129300000116928,0.026719100000264007,0.051848400000380934,15,0,2.144125366775352e-10,True,1.3399006034788783
128,1000.0,disconnected,shift_x,harmonic,ones,0,6,jacobi,1701,768,47.828125,1258.5826771653544,620.3341162692709,2,0.00012460000016289996,0.049082999999882304,0.049207600000045204,465,0,1.4490840733554655e-09,True,0.0
128,1000.0,disconnected,shift_x,harmonic,ones,0,7,amg0,1701,768,47.828125,1258.5826771653544,620.3341162692709,2,0.02671680000003107,0.027873400000316906,0.05459020000034798,15,0,3.4221814510044593e-10,True,1.3399006034788783
128,1000.0,disconnected,shift_x,harmonic,dipole_y,1,0,amg0,1702,768,47.828125,1258.5826771653544,620.3341162692709,2,0.028432299999622046,0.02723040000000765,0.055662699999629695,15,0,2.446597222827972e-10,True,1.3399006034788783
128,1000.0,disconnected,shift_x,harmonic,dipole_x,1,1,jacobi,1702,768,47.828125,1258.5826771653544,620.3341162692709,2,0.00016489999961777357,0.0443345000003319,0.044499399999949674,450,0,9.092451541869095e-10,True,0.0
128,1000.0,disconnected,shift_x,harmonic,ones,1,2,jacobi,1702,768,47.828125,1258.5826771653544,620.3341162692709,2,0.00011010000071109971,0.04953520000071876,0.04964530000142986,465,0,1.4490840733554655e-09,True,0.0
128,1000.0,disconnected,shift_x,harmonic,random,1,3,amg0,1702,768,47.828125,1258.5826771653544,620.3341162692709,2,0.027403600000070583,0.024468399999932444,0.05187200000000303,13,0,4.74440425948683e-10,True,1.3399006034788783
128,1000.0,disconnected,shift_x,harmonic,random,1,4,jacobi,1702,768,47.828125,1258.5826771653544,620.3341162692709,2,0.00011019999965355964,0.06729009999980917,0.06740029999946273,634,0,9.301557341646773e-10,True,0.0
128,1000.0,disconnected,shift_x,harmonic,dipole_y,1,5,jacobi,1702,768,47.828125,1258.5826771653544,620.3341162692709,2,8.770000022195745e-05,0.04286359999969136,0.04295129999991332,412,0,8.823308278763512e-10,True,0.0
128,1000.0,disconnected,shift_x,harmonic,ones,1,6,amg0,1702,768,47.828125,1258.5826771653544,620.3341162692709,2,0.02985640000042622,0.02676100000007864,0.05661740000050486,15,0,3.3985893588195456e-10,True,1.3399006034788783
128,1000.0,disconnected,shift_x,harmonic,dipole_x,1,7,amg0,1702,768,47.828125,1258.5826771653544,620.3341162692709,2,0.027331100000083097,0.026740199999949255,0.05407130000003235,15,0,2.198007659209899e-10,True,1.3399006034788783
128,1000.0,disconnected,shift_x,harmonic,dipole_x,2,0,jacobi,1703,768,47.828125,1258.5826771653544,620.3341162692709,2,8.35999999253545e-05,0.04551869999977498,0.045602299999700335,450,0,9.092451541869095e-10,True,0.0
128,1000.0,disconnected,shift_x,harmonic,dipole_y,2,1,amg0,1703,768,47.828125,1258.5826771653544,620.3341162692709,2,0.02741630000036821,0.027067400000305497,0.05448370000067371,15,0,2.438106266028583e-10,True,1.3399006034788783
128,1000.0,disconnected,shift_x,harmonic,random,2,2,jacobi,1703,768,47.828125,1258.5826771653544,620.3341162692709,2,9.129999943979783e-05,0.06262760000026901,0.06271889999970881,634,0,9.301557341646773e-10,True,0.0
128,1000.0,disconnected,shift_x,harmonic,ones,2,3,jacobi,1703,768,47.828125,1258.5826771653544,620.3341162692709,2,8.510000043315813e-05,0.044809999999415595,0.04489509999984875,465,0,1.4490840733554655e-09,True,0.0
128,1000.0,disconnected,shift_x,harmonic,random,2,4,amg0,1703,768,47.828125,1258.5826771653544,620.3341162692709,2,0.02527769999960583,0.021647200000188604,0.046924899999794434,13,0,4.750828684681805e-10,True,1.3399006034788783
128,1000.0,disconnected,shift_x,harmonic,dipole_y,2,5,jacobi,1703,768,47.828125,1258.5826771653544,620.3341162692709,2,7.839999943826115e-05,0.03718430000026274,0.037262699999701,412,0,8.823308278763512e-10,True,0.0
128,1000.0,disconnected,shift_x,harmonic,ones,2,6,amg0,1703,768,47.828125,1258.5826771653544,620.3341162692709,2,0.02655700000013894,0.025101800000811636,0.05165880000095058,15,0,3.4327641093678836e-10,True,1.3399006034788783
128,1000.0,disconnected,shift_x,harmonic,dipole_x,2,7,amg0,1703,768,47.828125,1258.5826771653544,620.3341162692709,2,0.025240699999812932,0.02490120000038587,0.0501419000001988,15,0,2.202191606955941e-10,True,1.3399006034788783
128,1000.0,disconnected,shift_x,harmonic,dipole_y,3,0,jacobi,1704,768,47.828125,1258.5826771653544,620.3341162692709,2,9.940000018104911e-05,0.035657200000059674,0.035756600000240724,412,0,8.823308278763512e-10,True,0.0
128,1000.0,disconnected,shift_x,harmonic,random,3,1,amg0,1704,768,47.828125,1258.5826771653544,620.3341162692709,2,0.023937899999509682,0.020475599999372207,0.04441349999888189,13,0,4.754153571308219e-10,True,1.3399006034788783
128,1000.0,disconnected,shift_x,harmonic,random,3,2,jacobi,1704,768,47.828125,1258.5826771653544,620.3341162692709,2,7.690000074944692e-05,0.054799600000478677,0.05487650000122812,634,0,9.301557341646773e-10,True,0.0
128,1000.0,disconnected,shift_x,harmonic,ones,3,3,amg0,1704,768,47.828125,1258.5826771653544,620.3341162692709,2,0.023482200000216835,0.024247100000138744,0.04772930000035558,15,0,3.519171514907289e-10,True,1.3399006034788783
128,1000.0,disconnected,shift_x,harmonic,dipole_y,3,4,amg0,1704,768,47.828125,1258.5826771653544,620.3341162692709,2,0.024003999999877124,0.0230797000003804,0.04708370000025752,15,0,2.4778348310883967e-10,True,1.3399006034788783
128,1000.0,disconnected,shift_x,harmonic,ones,3,5,jacobi,1704,768,47.828125,1258.5826771653544,620.3341162692709,2,7.379999988188501e-05,0.040957000000162225,0.04103080000004411,465,0,1.4490840733554655e-09,True,0.0
128,1000.0,disconnected,shift_x,harmonic,dipole_x,3,6,amg0,1704,768,47.828125,1258.5826771653544,620.3341162692709,2,0.023708900000201538,0.02285940000001574,0.04656830000021728,15,0,2.2058723520811923e-10,True,1.3399006034788783
128,1000.0,disconnected,shift_x,harmonic,dipole_x,3,7,jacobi,1704,768,47.828125,1258.5826771653544,620.3341162692709,2,8.420000085607171e-05,0.038229100000535254,0.038313300001391326,450,0,9.092451541869095e-10,True,0.0
128,1000.0,disconnected,shift_x,harmonic,random,4,0,amg0,1705,768,47.828125,1258.5826771653544,620.3341162692709,2,0.023741699999845878,0.020583699999406235,0.04432539999925211,13,0,4.757654630930417e-10,True,1.3399006034788783
128,1000.0,disconnected,shift_x,harmonic,ones,4,1,jacobi,1705,768,47.828125,1258.5826771653544,620.3341162692709,2,7.830000049580121e-05,0.04017599999951926,0.040254300000015064,465,0,1.4490840733554655e-09,True,0.0
128,1000.0,disconnected,shift_x,harmonic,ones,4,2,amg0,1705,768,47.828125,1258.5826771653544,620.3341162692709,2,0.023655800000597083,0.02395630000046367,0.04761210000106075,15,0,3.6500745406396206e-10,True,1.3399006034788783
128,1000.0,disconnected,shift_x,harmonic,random,4,3,jacobi,1705,768,47.828125,1258.5826771653544,620.3341162692709,2,8.010000055946875e-05,0.053894900000159396,0.053975000000718865,634,0,9.301557341646773e-10,True,0.0
128,1000.0,disconnected,shift_x,harmonic,dipole_y,4,4,amg0,1705,768,47.828125,1258.5826771653544,620.3341162692709,2,0.02310159999979078,0.02326470000025438,0.04636630000004516,15,0,2.4604281186222206e-10,True,1.3399006034788783
128,1000.0,disconnected,shift_x,harmonic,dipole_x,4,5,jacobi,1705,768,47.828125,1258.5826771653544,620.3341162692709,2,0.00012109999988751952,0.03951099999994767,0.03963209999983519,450,0,9.092451541869095e-10,True,0.0
128,1000.0,disconnected,shift_x,harmonic,dipole_y,4,6,jacobi,1705,768,47.828125,1258.5826771653544,620.3341162692709,2,7.249999998748535e-05,0.034992099999726634,0.03506459999971412,412,0,8.823308278763512e-10,True,0.0
128,1000.0,disconnected,shift_x,harmonic,dipole_x,4,7,amg0,1705,768,47.828125,1258.5826771653544,620.3341162692709,2,0.024527199999283766,0.0237384000001839,0.04826559999946767,15,0,2.2039088344385168e-10,True,1.3399006034788783
128,1000.0,connected,centered,arithmetic,random,0,0,amg0,1701,768,47.828125,1258.5826771653544,620.3341162692709,1,0.02460849999988568,0.020151200000327663,0.04475970000021334,12,0,8.397365028260508e-10,True,1.3399006034788783
128,1000.0,connected,centered,arithmetic,random,0,1,jacobi,1701,768,47.828125,1258.5826771653544,620.3341162692709,1,9.959999988495838e-05,0.05178129999967496,0.051880899999559915,578,0,9.357024475435316e-10,True,0.0
128,1000.0,connected,centered,arithmetic,dipole_y,0,2,jacobi,1701,768,47.828125,1258.5826771653544,620.3341162692709,1,7.310000000870787e-05,0.0536670999999842,0.05374019999999291,605,0,9.981650865034545e-10,True,0.0
128,1000.0,connected,centered,arithmetic,dipole_x,0,3,amg0,1701,768,47.828125,1258.5826771653544,620.3341162692709,1,0.023999500000172702,0.02363839999998163,0.04763790000015433,14,0,2.912627675538769e-10,True,1.3399006034788783
128,1000.0,connected,centered,arithmetic,dipole_y,0,4,amg0,1701,768,47.828125,1258.5826771653544,620.3341162692709,1,0.024893300000258023,0.021755200000370678,0.0466485000006287,14,0,6.700132977976204e-10,True,1.3399006034788783
128,1000.0,connected,centered,arithmetic,dipole_x,0,5,jacobi,1701,768,47.828125,1258.5826771653544,620.3341162692709,1,7.850000019971048e-05,0.05348229999981413,0.05356080000001384,589,0,9.193781446403434e-10,True,0.0
128,1000.0,connected,centered,arithmetic,ones,0,6,jacobi,1701,768,47.828125,1258.5826771653544,620.3341162692709,1,7.550000009359792e-05,0.051686000000700005,0.0517615000007936,608,0,1.5338059864787499e-09,True,0.0
128,1000.0,connected,centered,arithmetic,ones,0,7,amg0,1701,768,47.828125,1258.5826771653544,620.3341162692709,1,0.023564700000861194,0.02362509999966278,0.047189800000523974,14,0,5.321119036492823e-10,True,1.3399006034788783
128,1000.0,connected,centered,arithmetic,ones,1,0,jacobi,1702,768,47.828125,1258.5826771653544,620.3341162692709,1,0.00010560000009718351,0.0511584000005314,0.051264000000628585,608,0,1.5338059864787499e-09,True,0.0
128,1000.0,connected,centered,arithmetic,random,1,1,amg0,1702,768,47.828125,1258.5826771653544,620.3341162692709,1,0.02581929999996646,0.018751599999632163,0.04457089999959862,12,0,8.373829361487567e-10,True,1.3399006034788783
128,1000.0,connected,centered,arithmetic,dipole_x,1,2,amg0,1702,768,47.828125,1258.5826771653544,620.3341162692709,1,0.023713999999927182,0.022778000000471366,0.04649200000039855,14,0,2.9066229688489304e-10,True,1.3399006034788783
128,1000.0,connected,centered,arithmetic,random,1,3,jacobi,1702,768,47.828125,1258.5826771653544,620.3341162692709,1,0.0001320000001214794,0.05060380000031728,0.05073580000043876,578,0,9.357024475435316e-10,True,0.0
128,1000.0,connected,centered,arithmetic,dipole_y,1,4,amg0,1702,768,47.828125,1258.5826771653544,620.3341162692709,1,0.024226900000030582,0.021709800000280666,0.04593670000031125,14,0,6.664571573250516e-10,True,1.3399006034788783
128,1000.0,connected,centered,arithmetic,ones,1,5,amg0,1702,768,47.828125,1258.5826771653544,620.3341162692709,1,0.02398449999964214,0.02402170000004844,0.04800619999969058,14,0,5.214912790645627e-10,True,1.3399006034788783
128,1000.0,connected,centered,arithmetic,dipole_y,1,6,jacobi,1702,768,47.828125,1258.5826771653544,620.3341162692709,1,8.040000011533266e-05,0.060289900000498164,0.0603703000006135,605,0,9.981650865034545e-10,True,0.0
128,1000.0,connected,centered,arithmetic,dipole_x,1,7,jacobi,1702,768,47.828125,1258.5826771653544,620.3341162692709,1,7.549999918410322e-05,0.05544660000032309,0.05552209999950719,589,0,9.193781446403434e-10,True,0.0
128,1000.0,connected,centered,arithmetic,random,2,0,jacobi,1703,768,47.828125,1258.5826771653544,620.3341162692709,1,7.449999975506216e-05,0.04948910000075557,0.04956360000051063,578,0,9.357024475435316e-10,True,0.0
128,1000.0,connected,centered,arithmetic,random,2,1,amg0,1703,768,47.828125,1258.5826771653544,620.3341162692709,1,0.023486300000513438,0.01968349999970087,0.04316980000021431,12,0,8.387308735930905e-10,True,1.3399006034788783
128,1000.0,connected,centered,arithmetic,dipole_y,2,2,jacobi,1703,768,47.828125,1258.5826771653544,620.3341162692709,1,7.790000017848797e-05,0.050818599999729486,0.050896499999907974,605,0,9.981650865034545e-10,True,0.0
128,1000.0,connected,centered,arithmetic,dipole_x,2,3,amg0,1703,768,47.828125,1258.5826771653544,620.3341162692709,1,0.026388500000393833,0.02126090000001568,0.047649400000409514,14,0,2.9084504740710405e-10,True,1.3399006034788783
128,1000.0,connected,centered,arithmetic,dipole_y,2,4,amg0,1703,768,47.828125,1258.5826771653544,620.3341162692709,1,0.023794800000359828,0.022563399999853573,0.0463582000002134,14,0,6.683664508084831e-10,True,1.3399006034788783
128,1000.0,connected,centered,arithmetic,dipole_x,2,5,jacobi,1703,768,47.828125,1258.5826771653544,620.3341162692709,1,7.74000000092201e-05,0.04927309999948193,0.04935049999949115,589,0,9.193781446403434e-10,True,0.0
128,1000.0,connected,centered,arithmetic,ones,2,6,amg0,1703,768,47.828125,1258.5826771653544,620.3341162692709,1,0.024141599999893515,0.02165450000029523,0.045796100000188744,14,0,5.307892950348755e-10,True,1.3399006034788783
128,1000.0,connected,centered,arithmetic,ones,2,7,jacobi,1703,768,47.828125,1258.5826771653544,620.3341162692709,1,7.880000066506909e-05,0.053962699999829056,0.054041500000494125,608,0,1.5338059864787499e-09,True,0.0
128,1000.0,connected,centered,arithmetic,random,3,0,jacobi,1704,768,47.828125,1258.5826771653544,620.3341162692709,1,8.600000001024455e-05,0.05482999999912863,0.054915999999138876,578,0,9.357024475435316e-10,True,0.0
128,1000.0,connected,centered,arithmetic,dipole_x,3,1,jacobi,1704,768,47.828125,1258.5826771653544,620.3341162692709,1,0.00010089999977935804,0.05737189999945258,0.05747279999923194,589,0,9.193781446403434e-10,True,0.0
128,1000.0,connected,centered,arithmetic,dipole_x,3,2,amg0,1704,768,47.828125,1258.5826771653544,620.3341162692709,1,0.024946199999249075,0.022696499999256048,0.04764269999850512,14,0,2.9096048796742084e-10,True,1.3399006034788783
128,1000.0,connected,centered,arithmetic,dipole_y,3,3,jacobi,1704,768,47.828125,1258.5826771653544,620.3341162692709,1,7.580000055895653e-05,0.05751890000010462,0.05759470000066358,605,0,9.981650865034545e-10,True,0.0
128,1000.0,connected,centered,arithmetic,dipole_y,3,4,amg0,1704,768,47.828125,1258.5826771653544,620.3341162692709,1,0.024066599999969185,0.021950100000140083,0.04601670000010927,14,0,6.681487433643799e-10,True,1.3399006034788783
128,1000.0,connected,centered,arithmetic,ones,3,5,amg0,1704,768,47.828125,1258.5826771653544,620.3341162692709,1,0.023519200000009732,0.021853299999747833,0.045372499999757565,14,0,5.192683319206036e-10,True,1.3399006034788783
128,1000.0,connected,centered,arithmetic,ones,3,6,jacobi,1704,768,47.828125,1258.5826771653544,620.3341162692709,1,7.919999916339293e-05,0.052982799999881536,0.05306199999904493,608,0,1.5338059864787499e-09,True,0.0
128,1000.0,connected,centered,arithmetic,random,3,7,amg0,1704,768,47.828125,1258.5826771653544,620.3341162692709,1,0.02487360000031913,0.019114400000034948,0.04398800000035408,12,0,8.388279494190092e-10,True,1.3399006034788783
128,1000.0,connected,centered,arithmetic,ones,4,0,amg0,1705,768,47.828125,1258.5826771653544,620.3341162692709,1,0.023150700000769575,0.02298960000007355,0.046140300000843126,14,0,5.222190701893338e-10,True,1.3399006034788783
128,1000.0,connected,centered,arithmetic,random,4,1,amg0,1705,768,47.828125,1258.5826771653544,620.3341162692709,1,0.023568600000544393,0.01907489999939571,0.042643499999940104,12,0,8.389641447581533e-10,True,1.3399006034788783
128,1000.0,connected,centered,arithmetic,dipole_y,4,2,amg0,1705,768,47.828125,1258.5826771653544,620.3341162692709,1,0.022983599999861326,0.02168340000025637,0.044667000000117696,14,0,6.684642422868655e-10,True,1.3399006034788783
128,1000.0,connected,centered,arithmetic,dipole_x,4,3,jacobi,1705,768,47.828125,1258.5826771653544,620.3341162692709,1,7.340000047406647e-05,0.05073620000075607,0.05080960000123014,589,0,9.193781446403434e-10,True,0.0
128,1000.0,connected,centered,arithmetic,dipole_y,4,4,jacobi,1705,768,47.828125,1258.5826771653544,620.3341162692709,1,7.300000015675323e-05,0.05056389999936073,0.05063689999951748,605,0,9.981650865034545e-10,True,0.0
128,1000.0,connected,centered,arithmetic,random,4,5,jacobi,1705,768,47.828125,1258.5826771653544,620.3341162692709,1,7.259999983943999e-05,0.05075589999978547,0.05082849999962491,578,0,9.357024475435316e-10,True,0.0
128,1000.0,connected,centered,arithmetic,ones,4,6,jacobi,1705,768,47.828125,1258.5826771653544,620.3341162692709,1,8.759999946050812e-05,0.0525857000002361,0.05267329999969661,608,0,1.5338059864787499e-09,True,0.0
128,1000.0,connected,centered,arithmetic,dipole_x,4,7,amg0,1705,768,47.828125,1258.5826771653544,620.3341162692709,1,0.025330000000394648,0.02172809999956371,0.04705809999995836,14,0,2.918025146407611e-10,True,1.3399006034788783
192,1000.0,connected,centered,harmonic,ones,0,0,amg0,1701,1728,47.828125,1255.2879581151833,932.943434704179,1,0.04313259999980801,0.04943379999986064,0.09256639999966865,15,0,5.998734567269709e-10,True,1.3386725269834205
192,1000.0,connected,centered,harmonic,ones,0,1,jacobi,1701,1728,47.828125,1255.2879581151833,932.943434704179,1,0.0001356999991912744,0.16889810000066063,0.1690337999998519,909,0,2.7570742276220587e-09,True,0.0
192,1000.0,connected,centered,harmonic,dipole_y,0,2,jacobi,1701,1728,47.828125,1255.2879581151833,932.943434704179,1,0.00015980000080162426,0.16488509999999224,0.16504490000079386,906,0,9.948467581205373e-10,True,0.0
192,1000.0,connected,centered,harmonic,random,0,3,amg0,1701,1728,47.828125,1255.2879581151833,932.943434704179,1,0.045399300000099174,0.046567399999730696,0.09196669999982987,13,0,4.4174522272921843e-10,True,1.3386725269834205
192,1000.0,connected,centered,harmonic,dipole_x,0,4,amg0,1701,1728,47.828125,1255.2879581151833,932.943434704179,1,0.0442905999998402,0.052322300000014366,0.09661289999985456,15,0,3.1349788241055425e-10,True,1.3386725269834205
192,1000.0,connected,centered,harmonic,dipole_y,0,5,amg0,1701,1728,47.828125,1255.2879581151833,932.943434704179,1,0.042672599999605154,0.04975589999958174,0.0924284999991869,15,0,3.383975751344183e-10,True,1.3386725269834205
192,1000.0,connected,centered,harmonic,dipole_x,0,6,jacobi,1701,1728,47.828125,1255.2879581151833,932.943434704179,1,0.00015309999980672728,0.15990720000081637,0.1600603000006231,886,0,1.0046020137480822e-09,True,0.0
192,1000.0,connected,centered,harmonic,random,0,7,jacobi,1701,1728,47.828125,1255.2879581151833,932.943434704179,1,0.0001280999995287857,0.164716899999803,0.16484499999933178,870,0,9.600083569394741e-10,True,0.0
192,1000.0,connected,centered,harmonic,ones,1,0,jacobi,1702,1728,47.828125,1255.2879581151833,932.943434704179,1,0.00015839999923628056,0.1622650999997859,0.16242349999902217,909,0,2.7570742276220587e-09,True,0.0
192,1000.0,connected,centered,harmonic,dipole_y,1,1,amg0,1702,1728,47.828125,1255.2879581151833,932.943434704179,1,0.047088000000258035,0.05069900000034977,0.0977870000006078,15,0,3.3703220969128756e-10,True,1.3386725269834205
192,1000.0,connected,centered,harmonic,dipole_y,1,2,jacobi,1702,1728,47.828125,1255.2879581151833,932.943434704179,1,0.00013490000037563732,0.17256480000014562,0.17269970000052126,906,0,9.948467581205373e-10,True,0.0
192,1000.0,connected,centered,harmonic,random,1,3,jacobi,1702,1728,47.828125,1255.2879581151833,932.943434704179,1,0.00013080000007903436,0.1654183999999077,0.16554919999998674,870,0,9.600083569394741e-10,True,0.0
192,1000.0,connected,centered,harmonic,dipole_x,1,4,amg0,1702,1728,47.828125,1255.2879581151833,932.943434704179,1,0.0470021999999517,0.05323599999974249,0.10023819999969419,15,0,3.135235006108671e-10,True,1.3386725269834205
192,1000.0,connected,centered,harmonic,ones,1,5,amg0,1702,1728,47.828125,1255.2879581151833,932.943434704179,1,0.045792200000505545,0.05222880000019359,0.09802100000069913,15,0,6.005655333394129e-10,True,1.3386725269834205
192,1000.0,connected,centered,harmonic,random,1,6,amg0,1702,1728,47.828125,1255.2879581151833,932.943434704179,1,0.04406620000008843,0.045767999999952735,0.08983420000004116,13,0,4.3950045692347967e-10,True,1.3386725269834205
192,1000.0,connected,centered,harmonic,dipole_x,1,7,jacobi,1702,1728,47.828125,1255.2879581151833,932.943434704179,1,0.00012940000033268007,0.16124519999993936,0.16137460000027204,886,0,1.0046020137480822e-09,True,0.0
192,1000.0,connected,centered,harmonic,dipole_y,2,0,jacobi,1703,1728,47.828125,1255.2879581151833,932.943434704179,1,0.00014509999982692534,0.16557860000011715,0.16572369999994407,906,0,9.948467581205373e-10,True,0.0
192,1000.0,connected,centered,harmonic,random,2,1,jacobi,1703,1728,47.828125,1255.2879581151833,932.943434704179,1,0.0001388000000588363,0.15659510000023147,0.1567339000002903,870,0,9.600083569394741e-10,True,0.0
192,1000.0,connected,centered,harmonic,dipole_y,2,2,amg0,1703,1728,47.828125,1255.2879581151833,932.943434704179,1,0.04346700000041892,0.05148710000048595,0.09495410000090487,15,0,3.3785685503821663e-10,True,1.3386725269834205
192,1000.0,connected,centered,harmonic,ones,2,3,amg0,1703,1728,47.828125,1255.2879581151833,932.943434704179,1,0.04362169999967591,0.0510322999998607,0.09465399999953661,15,0,5.862557921417383e-10,True,1.3386725269834205
192,1000.0,connected,centered,harmonic,dipole_x,2,4,jacobi,1703,1728,47.828125,1255.2879581151833,932.943434704179,1,0.0001489000005676644,0.15937459999986459,0.15952350000043225,886,0,1.0046020137480822e-09,True,0.0
192,1000.0,connected,centered,harmonic,random,2,5,amg0,1703,1728,47.828125,1255.2879581151833,932.943434704179,1,0.044931000000360655,0.048211799999990035,0.09314280000035069,13,0,4.400628639312084e-10,True,1.3386725269834205
192,1000.0,connected,centered,harmonic,dipole_x,2,6,amg0,1703,1728,47.828125,1255.2879581151833,932.943434704179,1,0.04843669999991107,0.058190599999761616,0.10662729999967269,15,0,3.1350080901569896e-10,True,1.3386725269834205
192,1000.0,connected,centered,harmonic,ones,2,7,jacobi,1703,1728,47.828125,1255.2879581151833,932.943434704179,1,0.00016110000069602393,0.19078499999977794,0.19094610000047396,909,0,2.7570742276220587e-09,True,0.0
192,1000.0,connected,centered,harmonic,random,3,0,jacobi,1704,1728,47.828125,1255.2879581151833,932.943434704179,1,0.00013159999980416615,0.16941339999993943,0.1695449999997436,870,0,9.600083569394741e-10,True,0.0
192,1000.0,connected,centered,harmonic,dipole_x,3,1,amg0,1704,1728,47.828125,1255.2879581151833,932.943434704179,1,0.057186600000022736,0.06057310000051075,0.11775970000053348,15,0,3.1318974619760986e-10,True,1.3386725269834205
192,1000.0,connected,centered,harmonic,dipole_y,3,2,amg0,1704,1728,47.828125,1255.2879581151833,932.943434704179,1,0.05089809999935824,0.05960200000026816,0.1105000999996264,15,0,3.363386533566816e-10,True,1.3386725269834205
192,1000.0,connected,centered,harmonic,ones,3,3,amg0,1704,1728,47.828125,1255.2879581151833,932.943434704179,1,0.04890699999941717,0.055729300000166404,0.10463629999958357,15,0,5.926232358997194e-10,True,1.3386725269834205
192,1000.0,connected,centered,harmonic,dipole_x,3,4,jacobi,1704,1728,47.828125,1255.2879581151833,932.943434704179,1,0.00018909999926108867,0.18231230000037613,0.18250139999963721,886,0,1.0046020137480822e-09,True,0.0
192,1000.0,connected,centered,harmonic,ones,3,5,jacobi,1704,1728,47.828125,1255.2879581151833,932.943434704179,1,0.0001426999997420353,0.1741122000003088,0.17425490000005084,909,0,2.7570742276220587e-09,True,0.0
192,1000.0,connected,centered,harmonic,random,3,6,amg0,1704,1728,47.828125,1255.2879581151833,932.943434704179,1,0.0491238999993584,0.046895299999960116,0.09601919999931852,13,0,4.3936740702106975e-10,True,1.3386725269834205
192,1000.0,connected,centered,harmonic,dipole_y,3,7,jacobi,1704,1728,47.828125,1255.2879581151833,932.943434704179,1,0.00014869999995426042,0.1910902999998143,0.19123899999976857,906,0,9.948467581205373e-10,True,0.0
192,1000.0,connected,centered,harmonic,random,4,0,jacobi,1705,1728,47.828125,1255.2879581151833,932.943434704179,1,0.00014279999959398992,0.17019960000016,0.17034239999975398,870,0,9.600083569394741e-10,True,0.0
192,1000.0,connected,centered,harmonic,dipole_y,4,1,jacobi,1705,1728,47.828125,1255.2879581151833,932.943434704179,1,0.00019499999962135917,0.1796373000006497,0.17983230000027106,906,0,9.948467581205373e-10,True,0.0
192,1000.0,connected,centered,harmonic,dipole_x,4,2,amg0,1705,1728,47.828125,1255.2879581151833,932.943434704179,1,0.04278200000044308,0.05015170000024227,0.09293370000068535,15,0,3.1258080724589125e-10,True,1.3386725269834205
192,1000.0,connected,centered,harmonic,ones,4,3,amg0,1705,1728,47.828125,1255.2879581151833,932.943434704179,1,0.03979909999998199,0.05221460000029765,0.09201370000027964,15,0,6.058797630633714e-10,True,1.3386725269834205
192,1000.0,connected,centered,harmonic,random,4,4,amg0,1705,1728,47.828125,1255.2879581151833,932.943434704179,1,0.04134539999995468,0.04369990000031976,0.08504530000027444,13,0,4.386428362025609e-10,True,1.3386725269834205
192,1000.0,connected,centered,harmonic,dipole_x,4,5,jacobi,1705,1728,47.828125,1255.2879581151833,932.943434704179,1,0.000130899999930989,0.16115480000007665,0.16128570000000764,886,0,1.0046020137480822e-09,True,0.0
192,1000.0,connected,centered,harmonic,dipole_y,4,6,amg0,1705,1728,47.828125,1255.2879581151833,932.943434704179,1,0.04291099999954895,0.05140099999971426,0.09431199999926321,15,0,3.3604948858160853e-10,True,1.3386725269834205
192,1000.0,connected,centered,harmonic,ones,4,7,jacobi,1705,1728,47.828125,1255.2879581151833,932.943434704179,1,0.00015760000042064348,0.16808229999969626,0.1682399000001169,909,0,2.7570742276220587e-09,True,0.0
96,1000.0,disconnected,transpose,arithmetic,dipole_x,0,0,jacobi,1701,432,47.828125,1261.8947368421052,464.02945705181685,2,6.099999973230297e-05,0.012391000000206986,0.01245199999993929,199,0,9.403063198193003e-10,True,0.0
96,1000.0,disconnected,transpose,arithmetic,dipole_x,0,1,amg0,1701,432,47.828125,1261.8947368421052,464.02945705181685,2,0.015340199999627657,0.01682729999993171,0.03216749999955937,16,0,3.6450751212671975e-10,True,1.342046388457675
96,1000.0,disconnected,transpose,arithmetic,dipole_y,0,2,jacobi,1701,432,47.828125,1261.8947368421052,464.02945705181685,2,6.159999975352548e-05,0.015511900000092282,0.015573499999845808,243,0,9.556965473856579e-10,True,0.0
96,1000.0,disconnected,transpose,arithmetic,dipole_y,0,3,amg0,1701,432,47.828125,1261.8947368421052,464.02945705181685,2,0.014767000000574626,0.01929310000014084,0.034060100000715465,16,0,3.708661260153161e-10,True,1.342046388457675
96,1000.0,disconnected,transpose,arithmetic,random,0,4,jacobi,1701,432,47.828125,1261.8947368421052,464.02945705181685,2,5.9499999224499334e-05,0.033506100000522565,0.033565599999747064,470,0,9.862819459200303e-10,True,0.0
96,1000.0,disconnected,transpose,arithmetic,ones,0,5,amg0,1701,432,47.828125,1261.8947368421052,464.02945705181685,2,0.014030800000000454,0.016459600000416685,0.03049040000041714,16,0,2.8513021064205804e-10,True,1.342046388457675
96,1000.0,disconnected,transpose,arithmetic,ones,0,6,jacobi,1701,432,47.828125,1261.8947368421052,464.02945705181685,2,5.7899999774235766e-05,0.016886499999600346,0.016944399999374582,275,0,9.459378857151915e-10,True,0.0
96,1000.0,disconnected,transpose,arithmetic,random,0,7,amg0,1701,432,47.828125,1261.8947368421052,464.02945705181685,2,0.014431699999477132,0.014522200000101293,0.028953899999578425,14,0,4.914902459889178e-10,True,1.342046388457675
96,1000.0,disconnected,transpose,arithmetic,random,1,0,amg0,1702,432,47.828125,1261.8947368421052,464.02945705181685,2,0.015125099999750091,0.014570400000593509,0.0296955000003436,14,0,4.947411576973361e-10,True,1.342046388457675
96,1000.0,disconnected,transpose,arithmetic,dipole_y,1,1,amg0,1702,432,47.828125,1261.8947368421052,464.02945705181685,2,0.015220000000226719,0.015687899999647925,0.030907899999874644,16,0,3.6821756403589893e-10,True,1.342046388457675
96,1000.0,disconnected,transpose,arithmetic,ones,1,2,jacobi,1702,432,47.828125,1261.8947368421052,464.02945705181685,2,5.429999964690069e-05,0.015128299999560113,0.015182599999207014,275,0,9.459378857151915e-10,True,0.0
96,1000.0,disconnected,transpose,arithmetic,dipole_y,1,3,jacobi,1702,432,47.828125,1261.8947368421052,464.02945705181685,2,5.450000026030466e-05,0.01342469999963214,0.013479199999892444,243,0,9.556965473856579e-10,True,0.0
96,1000.0,disconnected,transpose,arithmetic,ones,1,4,amg0,1702,432,47.828125,1261.8947368421052,464.02945705181685,2,0.014686199999232485,0.015987000000677654,0.03067319999991014,16,0,2.7437579117287893e-10,True,1.342046388457675
96,1000.0,disconnected,transpose,arithmetic,dipole_x,1,5,jacobi,1702,432,47.828125,1261.8947368421052,464.02945705181685,2,5.450000026030466e-05,0.011082600000008824,0.011137100000269129,199,0,9.403063198193003e-10,True,0.0
96,1000.0,disconnected,transpose,arithmetic,random,1,6,jacobi,1702,432,47.828125,1261.8947368421052,464.02945705181685,2,5.2099999265919905e-05,0.025350799999614537,0.025402899998880457,470,0,9.862819459200303e-10,True,0.0
96,1000.0,disconnected,transpose,arithmetic,dipole_x,1,7,amg0,1702,432,47.828125,1261.8947368421052,464.02945705181685,2,0.01448789999994915,0.015821300000425254,0.030309200000374403,16,0,3.657706244930531e-10,True,1.342046388457675
96,1000.0,disconnected,transpose,arithmetic,random,2,0,amg0,1703,432,47.828125,1261.8947368421052,464.02945705181685,2,0.01459069999964413,0.014174699999784934,0.028765399999429064,14,0,4.944884300712586e-10,True,1.342046388457675
96,1000.0,disconnected,transpose,arithmetic,dipole_y,2,1,jacobi,1703,432,47.828125,1261.8947368421052,464.02945705181685,2,7.209999967017211e-05,0.013766600000053586,0.013838699999723758,243,0,9.556965473856579e-10,True,0.0
96,1000.0,disconnected,transpose,arithmetic,dipole_y,2,2,amg0,1703,432,47.828125,1261.8947368421052,464.02945705181685,2,0.015078800000082992,0.01766180000049644,0.032740600000579434,16,0,3.707624670350411e-10,True,1.342046388457675
96,1000.0,disconnected,transpose,arithmetic,dipole_x,2,3,amg0,1703,432,47.828125,1261.8947368421052,464.02945705181685,2,0.014629999999669963,0.01530800000000454,0.029937999999674503,16,0,3.6597654818217553e-10,True,1.342046388457675
96,1000.0,disconnected,transpose,arithmetic,random,2,4,jacobi,1703,432,47.828125,1261.8947368421052,464.02945705181685,2,7.049999931041384e-05,0.026332299999921815,0.02640279999923223,470,0,9.862819459200303e-10,True,0.0
96,1000.0,disconnected,transpose,arithmetic,ones,2,5,amg0,1703,432,47.828125,1261.8947368421052,464.02945705181685,2,0.014235699999517237,0.01630029999978433,0.030535999999301566,16,0,2.748618504126397e-10,True,1.342046388457675
96,1000.0,disconnected,transpose,arithmetic,dipole_x,2,6,jacobi,1703,432,47.828125,1261.8947368421052,464.02945705181685,2,5.48999996681232e-05,0.010917499999777647,0.01097239999944577,199,0,9.403063198193003e-10,True,0.0
96,1000.0,disconnected,transpose,arithmetic,ones,2,7,jacobi,1703,432,47.828125,1261.8947368421052,464.02945705181685,2,5.3499999921768904e-05,0.015720800000053714,0.015774299999975483,275,0,9.459378857151915e-10,True,0.0
96,1000.0,disconnected,transpose,arithmetic,dipole_x,3,0,amg0,1704,432,47.828125,1261.8947368421052,464.02945705181685,2,0.014117000000624103,0.015968700000485114,0.030085700001109217,16,0,3.633623953116791e-10,True,1.342046388457675
96,1000.0,disconnected,transpose,arithmetic,dipole_y,3,1,amg0,1704,432,47.828125,1261.8947368421052,464.02945705181685,2,0.013811300000270421,0.015447800000401912,0.029259100000672333,16,0,3.6742839506985383e-10,True,1.342046388457675
96,1000.0,disconnected,transpose,arithmetic,ones,3,2,amg0,1704,432,47.828125,1261.8947368421052,464.02945705181685,2,0.0131706000001941,0.01712599999973463,0.03029659999992873,16,0,2.793634790300716e-10,True,1.342046388457675
96,1000.0,disconnected,transpose,arithmetic,random,3,3,amg0,1704,432,47.828125,1261.8947368421052,464.02945705181685,2,0.013293500000145286,0.013713800000004994,0.02700730000015028,14,0,4.907070723104297e-10,True,1.342046388457675
96,1000.0,disconnected,transpose,arithmetic,dipole_y,3,4,jacobi,1704,432,47.828125,1261.8947368421052,464.02945705181685,2,6.469999971159268e-05,0.013792499999908614,0.013857199999620207,243,0,9.556965473856579e-10,True,0.0
96,1000.0,disconnected,transpose,arithmetic,ones,3,5,jacobi,1704,432,47.828125,1261.8947368421052,464.02945705181685,2,5.919999966863543e-05,0.015551899999991292,0.015611099999659928,275,0,9.459378857151915e-10,True,0.0
96,1000.0,disconnected,transpose,arithmetic,dipole_x,3,6,jacobi,1704,432,47.828125,1261.8947368421052,464.02945705181685,2,7.189999996626284e-05,0.0106140999996569,0.010685999999623164,199,0,9.403063198193003e-10,True,0.0
96,1000.0,disconnected,transpose,arithmetic,random,3,7,jacobi,1704,432,47.828125,1261.8947368421052,464.02945705181685,2,6.0200000007171184e-05,0.027275100000224484,0.027335300000231655,470,0,9.862819459200303e-10,True,0.0
96,1000.0,disconnected,transpose,arithmetic,dipole_y,4,0,jacobi,1705,432,47.828125,1261.8947368421052,464.02945705181685,2,5.670000064128544e-05,0.013009600000259525,0.01306630000090081,243,0,9.556965473856579e-10,True,0.0
96,1000.0,disconnected,transpose,arithmetic,dipole_x,4,1,amg0,1705,432,47.828125,1261.8947368421052,464.02945705181685,2,0.014164100000016333,0.016336499999852094,0.030500599999868427,16,0,3.6513448007360177e-10,True,1.342046388457675
96,1000.0,disconnected,transpose,arithmetic,random,4,2,jacobi,1705,432,47.828125,1261.8947368421052,464.02945705181685,2,5.619999956252286e-05,0.026259700000082375,0.0263158999996449,470,0,9.862819459200303e-10,True,0.0
96,1000.0,disconnected,transpose,arithmetic,dipole_x,4,3,jacobi,1705,432,47.828125,1261.8947368421052,464.02945705181685,2,5.810000038763974e-05,0.010599700000057055,0.010657800000444695,199,0,9.403063198193003e-10,True,0.0
96,1000.0,disconnected,transpose,arithmetic,dipole_y,4,4,amg0,1705,432,47.828125,1261.8947368421052,464.02945705181685,2,0.01375000000007276,0.015309899999920162,0.029059899999992922,16,0,3.6943860076938347e-10,True,1.342046388457675
96,1000.0,disconnected,transpose,arithmetic,random,4,5,amg0,1705,432,47.828125,1261.8947368421052,464.02945705181685,2,0.014296400000603171,0.014507200000480225,0.028803600001083396,14,0,4.93903614437158e-10,True,1.342046388457675
96,1000.0,disconnected,transpose,arithmetic,ones,4,6,jacobi,1705,432,47.828125,1261.8947368421052,464.02945705181685,2,6.949999988137279e-05,0.015159999999923457,0.01522949999980483,275,0,9.459378857151915e-10,True,0.0
96,1000.0,disconnected,transpose,arithmetic,ones,4,7,amg0,1705,432,47.828125,1261.8947368421052,464.02945705181685,2,0.01409719999992376,0.016079800000625255,0.030177000000549015,16,0,2.761306916487086e-10,True,1.342046388457675
128,1000.0,connected,shift_x,harmonic,dipole_x,0,0,amg0,1701,768,47.828125,1258.5826771653544,620.3341162692709,1,0.0242459000000963,0.02034570000068925,0.04459160000078555,13,0,5.681810934821751e-10,True,1.3399006034788783
128,1000.0,connected,shift_x,harmonic,dipole_x,0,1,jacobi,1701,768,47.828125,1258.5826771653544,620.3341162692709,1,9.350000073027331e-05,0.0546518000001015,0.054745300000831776,585,0,9.571213408655863e-10,True,0.0
128,1000.0,connected,shift_x,harmonic,dipole_y,0,2,jacobi,1701,768,47.828125,1258.5826771653544,620.3341162692709,1,8.720000005268957e-05,0.055622300000322866,0.055709500000375556,604,0,9.28011702158318e-10,True,0.0
128,1000.0,connected,shift_x,harmonic,dipole_y,0,3,amg0,1701,768,47.828125,1258.5826771653544,620.3341162692709,1,0.0250212000000829,0.020768699999280216,0.045789899999363115,13,0,8.40567607729729e-10,True,1.3399006034788783
128,1000.0,connected,shift_x,harmonic,random,0,4,jacobi,1701,768,47.828125,1258.5826771653544,620.3341162692709,1,9.589999990566866e-05,0.05462900000020454,0.05472490000011021,577,0,9.305199660030066e-10,True,0.0
128,1000.0,connected,shift_x,harmonic,ones,0,5,jacobi,1701,768,47.828125,1258.5826771653544,620.3341162692709,1,8.119999984046444e-05,0.059924499999397085,0.06000569999923755,595,0,1.4727564180288683e-09,True,0.0
128,1000.0,connected,shift_x,harmonic,ones,0,6,amg0,1701,768,47.828125,1258.5826771653544,620.3341162692709,1,0.02424440000049799,0.021575599999778206,0.045820000000276195,13,0,4.772139526596924e-10,True,1.3399006034788783
128,1000.0,connected,shift_x,harmonic,random,0,7,amg0,1701,768,47.828125,1258.5826771653544,620.3341162692709,1,0.02387150000049587,0.019411199999922246,0.04328270000041812,12,0,2.603112721740361e-10,True,1.3399006034788783
128,1000.0,connected,shift_x,harmonic,dipole_x,1,0,jacobi,1702,768,47.828125,1258.5826771653544,620.3341162692709,1,7.900000036897836e-05,0.05540320000000065,0.05548220000036963,585,0,9.571213408655863e-10,True,0.0
128,1000.0,connected,shift_x,harmonic,dipole_y,1,1,jacobi,1702,768,47.828125,1258.5826771653544,620.3341162692709,1,8.35999999253545e-05,0.05579250000027969,0.05587610000020504,604,0,9.28011702158318e-10,True,0.0
128,1000.0,connected,shift_x,harmonic,dipole_y,1,2,amg0,1702,768,47.828125,1258.5826771653544,620.3341162692709,1,0.022795799999585142,0.020730899999762187,0.04352669999934733,13,0,8.335732348921359e-10,True,1.3399006034788783
128,1000.0,connected,shift_x,harmonic,ones,1,3,amg0,1702,768,47.828125,1258.5826771653544,620.3341162692709,1,0.023336599999311147,0.019998799999484618,0.043335399998795765,13,0,4.700636108143199e-10,True,1.3399006034788783
128,1000.0,connected,shift_x,harmonic,random,1,4,amg0,1702,768,47.828125,1258.5826771653544,620.3341162692709,1,0.023427099999935308,0.01854490000005171,0.04197199999998702,12,0,2.5848003213022463e-10,True,1.3399006034788783
128,1000.0,connected,shift_x,harmonic,ones,1,5,jacobi,1702,768,47.828125,1258.5826771653544,620.3341162692709,1,8.340000022144523e-05,0.051193899999816495,0.05127730000003794,595,0,1.4727564180288683e-09,True,0.0
128,1000.0,connected,shift_x,harmonic,random,1,6,jacobi,1702,768,47.828125,1258.5826771653544,620.3341162692709,1,7.49000000723754e-05,0.05085289999988163,0.050927799999954004,577,0,9.305199660030066e-10,True,0.0
128,1000.0,connected,shift_x,harmonic,dipole_x,1,7,amg0,1702,768,47.828125,1258.5826771653544,620.3341162692709,1,0.02520289999938541,0.021048200000223005,0.046251099999608414,13,0,5.63945885990817e-10,True,1.3399006034788783
128,1000.0,connected,shift_x,harmonic,random,2,0,amg0,1703,768,47.828125,1258.5826771653544,620.3341162692709,1,0.023237800000060815,0.019015899999430985,0.0422536999994918,12,0,2.592818076626062e-10,True,1.3399006034788783
128,1000.0,connected,shift_x,harmonic,ones,2,1,amg0,1703,768,47.828125,1258.5826771653544,620.3341162692709,1,0.02259429999958229,0.020234999999956926,0.042829299999539217,13,0,4.792760780255582e-10,True,1.3399006034788783
128,1000.0,connected,shift_x,harmonic,dipole_y,2,2,amg0,1703,768,47.828125,1258.5826771653544,620.3341162692709,1,0.022777500000302098,0.020425799999429728,0.043203299999731826,13,0,8.37301180599983e-10,True,1.3399006034788783
128,1000.0,connected,shift_x,harmonic,dipole_x,2,3,jacobi,1703,768,47.828125,1258.5826771653544,620.3341162692709,1,7.14999996489496e-05,0.05144560000007914,0.05151709999972809,585,0,9.571213408655863e-10,True,0.0
128,1000.0,connected,shift_x,harmonic,random,2,4,jacobi,1703,768,47.828125,1258.5826771653544,620.3341162692709,1,7.400000049528899e-05,0.05138269999952172,0.05145670000001701,577,0,9.305199660030066e-10,True,0.0
128,1000.0,connected,shift_x,harmonic,dipole_y,2,5,jacobi,1703,768,47.828125,1258.5826771653544,620.3341162692709,1,7.730000015726546e-05,0.05780140000024403,0.057878700000401295,604,0,9.28011702158318e-10,True,0.0
128,1000.0,connected,shift_x,harmonic,ones,2,6,jacobi,1703,768,47.828125,1258.5826771653544,620.3341162692709,1,7.569999979750719e-05,0.05303309999999328,0.05310879999979079,595,0,1.4727564180288683e-09,True,0.0
128,1000.0,connected,shift_x,harmonic,dipole_x,2,7,amg0,1703,768,47.828125,1258.5826771653544,620.3341162692709,1,0.023639000000002852,0.021354299999984505,0.04499329999998736,13,0,5.654583716314297e-10,True,1.3399006034788783
128,1000.0,connected,shift_x,harmonic,ones,3,0,jacobi,1704,768,47.828125,1258.5826771653544,620.3341162692709,1,0.00011549999999260763,0.05191000000013446,0.05202550000012707,595,0,1.4727564180288683e-09,True,0.0
128,1000.0,connected,shift_x,harmonic,dipole_x,3,1,amg0,1704,768,47.828125,1258.5826771653544,620.3341162692709,1,0.024541400000089197,0.021620999999868218,0.046162399999957415,13,0,5.632726035751424e-10,True,1.3399006034788783
128,1000.0,connected,shift_x,harmonic,random,3,2,jacobi,1704,768,47.828125,1258.5826771653544,620.3341162692709,1,7.559999994555255e-05,0.04924800000026153,0.04932360000020708,577,0,9.305199660030066e-10,True,0.0
128,1000.0,connected,shift_x,harmonic,dipole_x,3,3,jacobi,1704,768,47.828125,1258.5826771653544,620.3341162692709,1,7.31999998606625e-05,0.050116200000047684,0.050189399999908346,585,0,9.571213408655863e-10,True,0.0
128,1000.0,connected,shift_x,harmonic,ones,3,4,amg0,1704,768,47.828125,1258.5826771653544,620.3341162692709,1,0.024885900000299443,0.020238300000528398,0.04512420000082784,13,0,4.6283704879114007e-10,True,1.3399006034788783
128,1000.0,connected,shift_x,harmonic,dipole_y,3,5,jacobi,1704,768,47.828125,1258.5826771653544,620.3341162692709,1,7.409999943774892e-05,0.05482560000018566,0.05489969999962341,604,0,9.28011702158318e-10,True,0.0
128,1000.0,connected,shift_x,harmonic,dipole_y,3,6,amg0,1704,768,47.828125,1258.5826771653544,620.3341162692709,1,0.026689499999520194,0.021306599999661557,0.04799609999918175,13,0,8.320273778755088e-10,True,1.3399006034788783
128,1000.0,connected,shift_x,harmonic,random,3,7,amg0,1704,768,47.828125,1258.5826771653544,620.3341162692709,1,0.025434000000132073,0.019697700000506302,0.045131700000638375,12,0,2.5815659985838065e-10,True,1.3399006034788783
128,1000.0,connected,shift_x,harmonic,dipole_y,4,0,jacobi,1705,768,47.828125,1258.5826771653544,620.3341162692709,1,7.950000053824624e-05,0.054805999999189225,0.05488549999972747,604,0,9.28011702158318e-10,True,0.0
128,1000.0,connected,shift_x,harmonic,ones,4,1,jacobi,1705,768,47.828125,1258.5826771653544,620.3341162692709,1,8.429999979853164e-05,0.05436759999975038,0.054451899999548914,595,0,1.4727564180288683e-09,True,0.0
128,1000.0,connected,shift_x,harmonic,ones,4,2,amg0,1705,768,47.828125,1258.5826771653544,620.3341162692709,1,0.024364800000512332,0.021564300000136427,0.04592910000064876,13,0,4.66814811412449e-10,True,1.3399006034788783
128,1000.0,connected,shift_x,harmonic,random,4,3,jacobi,1705,768,47.828125,1258.5826771653544,620.3341162692709,1,7.530000038968865e-05,0.053941999999551626,0.054017299999941315,577,0,9.305199660030066e-10,True,0.0
128,1000.0,connected,shift_x,harmonic,dipole_x,4,4,jacobi,1705,768,47.828125,1258.5826771653544,620.3341162692709,1,7.840000034775585e-05,0.052724099999977625,0.05280250000032538,585,0,9.571213408655863e-10,True,0.0
128,1000.0,connected,shift_x,harmonic,dipole_x,4,5,amg0,1705,768,47.828125,1258.5826771653544,620.3341162692709,1,0.023127499999645806,0.020423599999958242,0.04355109999960405,13,0,5.640058713070194e-10,True,1.3399006034788783
128,1000.0,connected,shift_x,harmonic,random,4,6,amg0,1705,768,47.828125,1258.5826771653544,620.3341162692709,1,0.024107199999889417,0.019307300000036776,0.04341449999992619,12,0,2.5823800493496523e-10,True,1.3399006034788783
128,1000.0,connected,shift_x,harmonic,dipole_y,4,7,amg0,1705,768,47.828125,1258.5826771653544,620.3341162692709,1,0.023897300000498944,0.02113869999993767,0.045036000000436616,13,0,8.329433037244023e-10,True,1.3399006034788783
192,1000.0,connected,centered,arithmetic,random,0,0,jacobi,1701,1728,47.828125,1255.2879581151833,932.943434704179,1,0.0001216000000567874,0.15724539999973786,0.15736699999979464,888,0,9.413058679098936e-10,True,0.0
192,1000.0,connected,centered,arithmetic,dipole_x,0,1,jacobi,1701,1728,47.828125,1255.2879581151833,932.943434704179,1,0.00018349999936617678,0.16302109999924141,0.1632045999986076,888,0,9.611456551844358e-10,True,0.0
192,1000.0,connected,centered,arithmetic,random,0,2,amg0,1701,1728,47.828125,1255.2879581151833,932.943434704179,1,0.049372800000128336,0.04460150000068097,0.09397430000080931,13,0,5.35008058621238e-10,True,1.3386725269834205
192,1000.0,connected,centered,arithmetic,dipole_x,0,3,amg0,1701,1728,47.828125,1255.2879581151833,932.943434704179,1,0.04452989999936108,0.051256300000204646,0.09578619999956572,15,0,2.490245982448683e-10,True,1.3386725269834205
192,1000.0,connected,centered,arithmetic,ones,0,4,jacobi,1701,1728,47.828125,1255.2879581151833,932.943434704179,1,0.00014959999953134684,0.1631201999998666,0.16326979999939795,918,0,2.896155605550217e-09,True,0.0
192,1000.0,connected,centered,arithmetic,dipole_y,0,5,amg0,1701,1728,47.828125,1255.2879581151833,932.943434704179,1,0.048627899999701185,0.05412559999967925,0.10275349999938044,15,0,5.310992376872195e-10,True,1.3386725269834205
192,1000.0,connected,centered,arithmetic,dipole_y,0,6,jacobi,1701,1728,47.828125,1255.2879581151833,932.943434704179,1,0.000172299999576353,0.1728651000003083,0.17303739999988466,915,0,9.581394324361504e-10,True,0.0
192,1000.0,connected,centered,arithmetic,ones,0,7,amg0,1701,1728,47.828125,1255.2879581151833,932.943434704179,1,0.04521350000050006,0.05179200000020501,0.09700550000070507,15,0,6.174116640132389e-10,True,1.3386725269834205
192,1000.0,connected,centered,arithmetic,random,1,0,jacobi,1702,1728,47.828125,1255.2879581151833,932.943434704179,1,0.000193099999705737,0.1561720999998215,0.15636519999952725,888,0,9.413058679098936e-10,True,0.0
192,1000.0,connected,centered,arithmetic,random,1,1,amg0,1702,1728,47.828125,1255.2879581151833,932.943434704179,1,0.044846299999335315,0.04513150000002497,0.08997779999936029,13,0,5.314114031056602e-10,True,1.3386725269834205
192,1000.0,connected,centered,arithmetic,dipole_y,1,2,amg0,1702,1728,47.828125,1255.2879581151833,932.943434704179,1,0.045888900000136346,0.048354700000345474,0.09424360000048182,15,0,5.263411891449541e-10,True,1.3386725269834205
192,1000.0,connected,centered,arithmetic,ones,1,3,jacobi,1702,1728,47.828125,1255.2879581151833,932.943434704179,1,0.00020190000032016542,0.17907889999969484,0.179280800000015,918,0,2.896155605550217e-09,True,0.0
192,1000.0,connected,centered,arithmetic,dipole_x,1,4,jacobi,1702,1728,47.828125,1255.2879581151833,932.943434704179,1,0.00013099999978294363,0.15653910000037285,0.1566701000001558,888,0,9.611456551844358e-10,True,0.0
192,1000.0,connected,centered,arithmetic,dipole_y,1,5,jacobi,1702,1728,47.828125,1255.2879581151833,932.943434704179,1,0.0001260999997612089,0.177598900000703,0.1777250000004642,915,0,9.581394324361504e-10,True,0.0
192,1000.0,connected,centered,arithmetic,ones,1,6,amg0,1702,1728,47.828125,1255.2879581151833,932.943434704179,1,0.04951100000016595,0.05273529999976745,0.1022462999999334,15,0,6.208512260541791e-10,True,1.3386725269834205
192,1000.0,connected,centered,arithmetic,dipole_x,1,7,amg0,1702,1728,47.828125,1255.2879581151833,932.943434704179,1,0.04966950000016368,0.053007399999842164,0.10267690000000584,15,0,2.4697543715068675e-10,True,1.3386725269834205
192,1000.0,connected,centered,arithmetic,ones,2,0,jacobi,1703,1728,47.828125,1255.2879581151833,932.943434704179,1,0.00013620000027003698,0.16311820000009902,0.16325440000036906,918,0,2.896155605550217e-09,True,0.0
192,1000.0,connected,centered,arithmetic,random,2,1,amg0,1703,1728,47.828125,1255.2879581151833,932.943434704179,1,0.046012400000108755,0.04494579999936832,0.09095819999947707,13,0,5.326050289812219e-10,True,1.3386725269834205
192,1000.0,connected,centered,arithmetic,dipole_y,2,2,amg0,1703,1728,47.828125,1255.2879581151833,932.943434704179,1,0.04450849999921047,0.049114299999928335,0.0936227999991388,15,0,5.290102838872395e-10,True,1.3386725269834205
192,1000.0,connected,centered,arithmetic,dipole_y,2,3,jacobi,1703,1728,47.828125,1255.2879581151833,932.943434704179,1,0.0001615999999557971,0.16259850000005827,0.16276010000001406,915,0,9.581394324361504e-10,True,0.0
192,1000.0,connected,centered,arithmetic,ones,2,4,amg0,1703,1728,47.828125,1255.2879581151833,932.943434704179,1,0.044082600000365346,0.050218600000334845,0.09430120000070019,15,0,6.353306877905711e-10,True,1.3386725269834205
192,1000.0,connected,centered,arithmetic,dipole_x,2,5,amg0,1703,1728,47.828125,1255.2879581151833,932.943434704179,1,0.04775580000023183,0.04975060000015219,0.09750640000038402,15,0,2.4831700120494774e-10,True,1.3386725269834205
192,1000.0,connected,centered,arithmetic,dipole_x,2,6,jacobi,1703,1728,47.828125,1255.2879581151833,932.943434704179,1,0.00013159999980416615,0.15642689999913273,0.1565584999989369,888,0,9.611456551844358e-10,True,0.0
192,1000.0,connected,centered,arithmetic,random,2,7,jacobi,1703,1728,47.828125,1255.2879581151833,932.943434704179,1,0.00017190000016853446,0.17182170000069164,0.17199360000086017,888,0,9.413058679098936e-10,True,0.0
192,1000.0,connected,centered,arithmetic,dipole_y,3,0,amg0,1704,1728,47.828125,1255.2879581151833,932.943434704179,1,0.04986709999957384,0.05605980000018462,0.10592689999975846,15,0,5.282116383846478e-10,True,1.3386725269834205
192,1000.0,connected,centered,arithmetic,dipole_y,3,1,jacobi,1704,1728,47.828125,1255.2879581151833,932.943434704179,1,0.00018319999981031287,0.19407020000016928,0.1942533999999796,915,0,9.581394324361504e-10,True,0.0
192,1000.0,connected,centered,arithmetic,random,3,2,amg0,1704,1728,47.828125,1255.2879581151833,932.943434704179,1,0.05051129999992554,0.04982120000022405,0.1003325000001496,13,0,5.316788470623818e-10,True,1.3386725269834205
192,1000.0,connected,centered,arithmetic,dipole_x,3,3,amg0,1704,1728,47.828125,1255.2879581151833,932.943434704179,1,0.04811340000014752,0.06066980000014155,0.10878320000028907,15,0,2.4777141699420617e-10,True,1.3386725269834205
192,1000.0,connected,centered,arithmetic,ones,3,4,amg0,1704,1728,47.828125,1255.2879581151833,932.943434704179,1,0.05122060000030615,0.062202699999943434,0.11342330000024958,15,0,6.316265681954209e-10,True,1.3386725269834205
192,1000.0,connected,centered,arithmetic,ones,3,5,jacobi,1704,1728,47.828125,1255.2879581151833,932.943434704179,1,0.0002845999997589388,0.18167059999996127,0.1819551999997202,918,0,2.896155605550217e-09,True,0.0
192,1000.0,connected,centered,arithmetic,dipole_x,3,6,jacobi,1704,1728,47.828125,1255.2879581151833,932.943434704179,1,0.0001449999999749707,0.17077730000073643,0.1709223000007114,888,0,9.611456551844358e-10,True,0.0
192,1000.0,connected,centered,arithmetic,random,3,7,jacobi,1704,1728,47.828125,1255.2879581151833,932.943434704179,1,0.00016090000008261995,0.16800080000029993,0.16816170000038255,888,0,9.413058679098936e-10,True,0.0
192,1000.0,connected,centered,arithmetic,dipole_x,4,0,jacobi,1705,1728,47.828125,1255.2879581151833,932.943434704179,1,0.00017019999995682156,0.18164770000021235,0.18181790000016917,888,0,9.611456551844358e-10,True,0.0
192,1000.0,connected,centered,arithmetic,ones,4,1,amg0,1705,1728,47.828125,1255.2879581151833,932.943434704179,1,0.05063350000000355,0.05400019999979122,0.10463369999979477,15,0,6.367812580644347e-10,True,1.3386725269834205
192,1000.0,connected,centered,arithmetic,dipole_x,4,2,amg0,1705,1728,47.828125,1255.2879581151833,932.943434704179,1,0.04668429999946966,0.04998209999939718,0.09666639999886684,15,0,2.4678691729562513e-10,True,1.3386725269834205
192,1000.0,connected,centered,arithmetic,dipole_y,4,3,amg0,1705,1728,47.828125,1255.2879581151833,932.943434704179,1,0.04525210000065272,0.050334500000644766,0.09558660000129748,15,0,5.272399286788713e-10,True,1.3386725269834205
192,1000.0,connected,centered,arithmetic,ones,4,4,jacobi,1705,1728,47.828125,1255.2879581151833,932.943434704179,1,0.0001289000001634122,0.161175700000058,0.1613046000002214,918,0,2.896155605550217e-09,True,0.0
192,1000.0,connected,centered,arithmetic,random,4,5,amg0,1705,1728,47.828125,1255.2879581151833,932.943434704179,1,0.04526890000033745,0.0429561000000831,0.08822500000042055,13,0,5.309269264746468e-10,True,1.3386725269834205
192,1000.0,connected,centered,arithmetic,dipole_y,4,6,jacobi,1705,1728,47.828125,1255.2879581151833,932.943434704179,1,0.00013810000018565916,0.16306279999935214,0.1632008999995378,915,0,9.581394324361504e-10,True,0.0
192,1000.0,connected,centered,arithmetic,random,4,7,jacobi,1705,1728,47.828125,1255.2879581151833,932.943434704179,1,0.00013279999984661117,0.17397749999963708,0.1741102999994837,888,0,9.413058679098936e-10,True,0.0
128,1000.0,connected,transpose,arithmetic,dipole_y,0,0,jacobi,1701,768,47.828125,1258.5826771653544,620.3341162692709,1,7.80000000304426e-05,0.05330690000027971,0.053384900000310154,605,0,1.0008735461071778e-09,True,0.0
128,1000.0,connected,transpose,arithmetic,random,0,1,jacobi,1701,768,47.828125,1258.5826771653544,620.3341162692709,1,8.580000030633528e-05,0.054554600000301434,0.05464040000060777,578,0,9.360284500119799e-10,True,0.0
128,1000.0,connected,transpose,arithmetic,dipole_y,0,2,amg0,1701,768,47.828125,1258.5826771653544,620.3341162692709,1,0.025124099999629834,0.023849600000175997,0.04897369999980583,14,0,2.2876322815703915e-10,True,1.3399006034788783
128,1000.0,connected,transpose,arithmetic,dipole_x,0,3,jacobi,1701,768,47.828125,1258.5826771653544,620.3341162692709,1,0.00011780000022554304,0.05447069999991072,0.054588500000136264,589,0,9.178264483422089e-10,True,0.0
128,1000.0,connected,transpose,arithmetic,ones,0,4,jacobi,1701,768,47.828125,1258.5826771653544,620.3341162692709,1,8.010000055946875e-05,0.05771519999962038,0.05779530000017985,608,0,1.4568808840087441e-09,True,0.0
128,1000.0,connected,transpose,arithmetic,ones,0,5,amg0,1701,768,47.828125,1258.5826771653544,620.3341162692709,1,0.025893799999721523,0.023103700000319805,0.04899750000004133,14,0,3.267641545668632e-10,True,1.3399006034788783
128,1000.0,connected,transpose,arithmetic,dipole_x,0,6,amg0,1701,768,47.828125,1258.5826771653544,620.3341162692709,1,0.02494250000017928,0.025020799999765586,0.049963299999944866,14,0,3.0434424852659453e-10,True,1.3399006034788783
128,1000.0,connected,transpose,arithmetic,random,0,7,amg0,1701,768,47.828125,1258.5826771653544,620.3341162692709,1,0.024083900000732683,0.019570800000110466,0.04365470000084315,12,0,7.997443710761315e-10,True,1.3399006034788783
128,1000.0,connected,transpose,arithmetic,ones,1,0,jacobi,1702,768,47.828125,1258.5826771653544,620.3341162692709,1,0.00011509999967529438,0.05589719999989029,0.056012299999565585,608,0,1.4568808840087441e-09,True,0.0
128,1000.0,connected,transpose,arithmetic,dipole_x,1,1,jacobi,1702,768,47.828125,1258.5826771653544,620.3341162692709,1,7.890000051702373e-05,0.049853299999995215,0.04993220000051224,589,0,9.178264483422089e-10,True,0.0
128,1000.0,connected,transpose,arithmetic,random,1,2,amg0,1702,768,47.828125,1258.5826771653544,620.3341162692709,1,0.02412910000020929,0.019057100000281935,0.043186200000491226,12,0,7.991110227611375e-10,True,1.3399006034788783
128,1000.0,connected,transpose,arithmetic,ones,1,3,amg0,1702,768,47.828125,1258.5826771653544,620.3341162692709,1,0.02383430000008957,0.021692400000574708,0.04552670000066428,14,0,3.3252052784629826e-10,True,1.3399006034788783
128,1000.0,connected,transpose,arithmetic,dipole_y,1,4,jacobi,1702,768,47.828125,1258.5826771653544,620.3341162692709,1,0.00011989999984507449,0.051002600000174425,0.0511225000000195,605,0,1.0008735461071778e-09,True,0.0
128,1000.0,connected,transpose,arithmetic,dipole_x,1,5,amg0,1702,768,47.828125,1258.5826771653544,620.3341162692709,1,0.02487340000061522,0.022066600000471226,0.046940000001086446,14,0,3.042011750253749e-10,True,1.3399006034788783
128,1000.0,connected,transpose,arithmetic,random,1,6,jacobi,1702,768,47.828125,1258.5826771653544,620.3341162692709,1,0.00011919999997189734,0.05085659999986092,0.050975799999832816,578,0,9.360284500119799e-10,True,0.0
128,1000.0,connected,transpose,arithmetic,dipole_y,1,7,amg0,1702,768,47.828125,1258.5826771653544,620.3341162692709,1,0.02495290000024397,0.02177979999942181,0.04673269999966578,14,0,2.2827228970173777e-10,True,1.3399006034788783
128,1000.0,connected,transpose,arithmetic,dipole_x,2,0,amg0,1703,768,47.828125,1258.5826771653544,620.3341162692709,1,0.023273900000276626,0.02208780000000843,0.045361700000285055,14,0,3.021147170974831e-10,True,1.3399006034788783
128,1000.0,connected,transpose,arithmetic,dipole_y,2,1,amg0,1703,768,47.828125,1258.5826771653544,620.3341162692709,1,0.024092699999528122,0.02218170000014652,0.04627439999967464,14,0,2.2730618824489978e-10,True,1.3399006034788783
128,1000.0,connected,transpose,arithmetic,random,2,2,amg0,1703,768,47.828125,1258.5826771653544,620.3341162692709,1,0.022848800000247138,0.019084700000348676,0.041933500000595814,12,0,7.954067901426798e-10,True,1.3399006034788783
128,1000.0,connected,transpose,arithmetic,dipole_x,2,3,jacobi,1703,768,47.828125,1258.5826771653544,620.3341162692709,1,0.00012129999959142879,0.052153200000248034,0.05227449999983946,589,0,9.178264483422089e-10,True,0.0
128,1000.0,connected,transpose,arithmetic,random,2,4,jacobi,1703,768,47.828125,1258.5826771653544,620.3341162692709,1,7.480000022042077e-05,0.049846400000205904,0.049921200000426325,578,0,9.360284500119799e-10,True,0.0
128,1000.0,connected,transpose,arithmetic,ones,2,5,jacobi,1703,768,47.828125,1258.5826771653544,620.3341162692709,1,7.49000000723754e-05,0.0545153000002756,0.05459020000034798,608,0,1.4568808840087441e-09,True,0.0
128,1000.0,connected,transpose,arithmetic,ones,2,6,amg0,1703,768,47.828125,1258.5826771653544,620.3341162692709,1,0.023865899999691464,0.022783700000218232,0.0466495999999097,14,0,3.407448187181751e-10,True,1.3399006034788783
128,1000.0,connected,transpose,arithmetic,dipole_y,2,7,jacobi,1703,768,47.828125,1258.5826771653544,620.3341162692709,1,0.00013550000039685983,0.053139200000259734,0.053274700000656594,605,0,1.0008735461071778e-09,True,0.0
128,1000.0,connected,transpose,arithmetic,ones,3,0,amg0,1704,768,47.828125,1258.5826771653544,620.3341162692709,1,0.02476329999990412,0.02254499999980908,0.0473082999997132,14,0,3.360693329273159e-10,True,1.3399006034788783
128,1000.0,connected,transpose,arithmetic,random,3,1,amg0,1704,768,47.828125,1258.5826771653544,620.3341162692709,1,0.023631200000636454,0.01928829999997106,0.04291950000060751,12,0,7.957534817644038e-10,True,1.3399006034788783
128,1000.0,connected,transpose,arithmetic,random,3,2,jacobi,1704,768,47.828125,1258.5826771653544,620.3341162692709,1,0.00015460000031453092,0.05041639999944891,0.050570999999763444,578,0,9.360284500119799e-10,True,0.0
128,1000.0,connected,transpose,arithmetic,ones,3,3,jacobi,1704,768,47.828125,1258.5826771653544,620.3341162692709,1,7.759999971312936e-05,0.05536209999991115,0.05543969999962428,608,0,1.4568808840087441e-09,True,0.0
128,1000.0,connected,transpose,arithmetic,dipole_y,3,4,amg0,1704,768,47.828125,1258.5826771653544,620.3341162692709,1,0.02434079999966343,0.021846400000868016,0.04618720000053145,14,0,2.2716578955388587e-10,True,1.3399006034788783
128,1000.0,connected,transpose,arithmetic,dipole_y,3,5,jacobi,1704,768,47.828125,1258.5826771653544,620.3341162692709,1,0.00012869999955000822,0.05617290000009234,0.05630159999964235,605,0,1.0008735461071778e-09,True,0.0
128,1000.0,connected,transpose,arithmetic,dipole_x,3,6,jacobi,1704,768,47.828125,1258.5826771653544,620.3341162692709,1,0.00012000000060652383,0.055053099999895494,0.05517310000050202,589,0,9.178264483422089e-10,True,0.0
128,1000.0,connected,transpose,arithmetic,dipole_x,3,7,amg0,1704,768,47.828125,1258.5826771653544,620.3341162692709,1,0.024873599999409635,0.022716399999808345,0.04758999999921798,14,0,3.0228793600162396e-10,True,1.3399006034788783
128,1000.0,connected,transpose,arithmetic,random,4,0,amg0,1705,768,47.828125,1258.5826771653544,620.3341162692709,1,0.026361900000665628,0.0195821999996042,0.04594410000026983,12,0,7.985223170109105e-10,True,1.3399006034788783
128,1000.0,connected,transpose,arithmetic,dipole_y,4,1,jacobi,1705,768,47.828125,1258.5826771653544,620.3341162692709,1,0.00016090000008261995,0.056746299999758776,0.056907199999841396,605,0,1.0008735461071778e-09,True,0.0
128,1000.0,connected,transpose,arithmetic,ones,4,2,amg0,1705,768,47.828125,1258.5826771653544,620.3341162692709,1,0.024926800000685034,0.024174100000891485,0.04910090000157652,14,0,3.4194007973872824e-10,True,1.3399006034788783
128,1000.0,connected,transpose,arithmetic,random,4,3,jacobi,1705,768,47.828125,1258.5826771653544,620.3341162692709,1,0.0001560000000608852,0.048432100000354694,0.04858810000041558,578,0,9.360284500119799e-10,True,0.0
128,1000.0,connected,transpose,arithmetic,ones,4,4,jacobi,1705,768,47.828125,1258.5826771653544,620.3341162692709,1,8.53000001370674e-05,0.05170360000010987,0.05178890000024694,608,0,1.4568808840087441e-09,True,0.0
128,1000.0,connected,transpose,arithmetic,dipole_x,4,5,jacobi,1705,768,47.828125,1258.5826771653544,620.3341162692709,1,7.410000034724362e-05,0.05278120000002673,0.05285530000037397,589,0,9.178264483422089e-10,True,0.0
128,1000.0,connected,transpose,arithmetic,dipole_x,4,6,amg0,1705,768,47.828125,1258.5826771653544,620.3341162692709,1,0.025266600000577455,0.023764600000504288,0.04903120000108174,14,0,3.030559511188399e-10,True,1.3399006034788783
128,1000.0,connected,transpose,arithmetic,dipole_y,4,7,amg0,1705,768,47.828125,1258.5826771653544,620.3341162692709,1,0.02547859999958746,0.02216690000022936,0.04764549999981682,14,0,2.274491666291897e-10,True,1.3399006034788783
192,1000.0,connected,transpose,harmonic,dipole_x,0,0,amg0,1701,1728,47.828125,1255.2879581151833,932.943434704179,1,0.041199199999937264,0.043081099999653816,0.08428029999959108,13,0,8.388774904616616e-10,True,1.3386725269834205
192,1000.0,connected,transpose,harmonic,dipole_y,0,1,jacobi,1701,1728,47.828125,1255.2879581151833,932.943434704179,1,0.00016419999974459643,0.16550069999993866,0.16566489999968326,906,0,9.97566573709954e-10,True,0.0
192,1000.0,connected,transpose,harmonic,ones,0,2,amg0,1701,1728,47.828125,1255.2879581151833,932.943434704179,1,0.041131400000267604,0.04428780000034749,0.08541920000061509,13,0,9.112957125516974e-10,True,1.3386725269834205
192,1000.0,connected,transpose,harmonic,dipole_y,0,3,amg0,1701,1728,47.828125,1255.2879581151833,932.943434704179,1,0.041836200000034296,0.04331720000027417,0.08515340000030847,13,0,6.524596795550661e-10,True,1.3386725269834205
192,1000.0,connected,transpose,harmonic,random,0,4,jacobi,1701,1728,47.828125,1255.2879581151833,932.943434704179,1,0.00014099999953032238,0.1542754000001878,0.15441639999971812,870,0,9.59855889891599e-10,True,0.0
192,1000.0,connected,transpose,harmonic,ones,0,5,jacobi,1701,1728,47.828125,1255.2879581151833,932.943434704179,1,0.00013409999974101083,0.17051339999943593,0.17064749999917694,909,0,2.821513728549962e-09,True,0.0
192,1000.0,connected,transpose,harmonic,dipole_x,0,6,jacobi,1701,1728,47.828125,1255.2879581151833,932.943434704179,1,0.00022320000061881728,0.1686078999991878,0.1688310999998066,886,0,1.0019569121554888e-09,True,0.0
192,1000.0,connected,transpose,harmonic,random,0,7,amg0,1701,1728,47.828125,1255.2879581151833,932.943434704179,1,0.040566499999840744,0.040676300000086485,0.08124279999992723,12,0,1.7257841050251893e-10,True,1.3386725269834205
192,1000.0,connected,transpose,harmonic,random,1,0,amg0,1702,1728,47.828125,1255.2879581151833,932.943434704179,1,0.043536399999538844,0.03877660000034666,0.0823129999998855,12,0,1.6448784306015769e-10,True,1.3386725269834205
192,1000.0,connected,transpose,harmonic,ones,1,1,amg0,1702,1728,47.828125,1255.2879581151833,932.943434704179,1,0.044205399999555084,0.04322719999981928,0.08743259999937436,13,0,1.0243019318652017e-09,True,1.3386725269834205
192,1000.0,connected,transpose,harmonic,ones,1,2,jacobi,1702,1728,47.828125,1255.2879581151833,932.943434704179,1,0.0001250000004802132,0.16239240000049904,0.16251740000097925,909,0,2.821513728549962e-09,True,0.0
192,1000.0,connected,transpose,harmonic,dipole_x,1,3,amg0,1702,1728,47.828125,1255.2879581151833,932.943434704179,1,0.043957099999715865,0.04371930000070279,0.08767640000041865,13,0,9.568229850299156e-10,True,1.3386725269834205
192,1000.0,connected,transpose,harmonic,dipole_y,1,4,jacobi,1702,1728,47.828125,1255.2879581151833,932.943434704179,1,0.00013380000018514693,0.1594400999993013,0.15957389999948646,906,0,9.97566573709954e-10,True,0.0
192,1000.0,connected,transpose,harmonic,dipole_y,1,5,amg0,1702,1728,47.828125,1255.2879581151833,932.943434704179,1,0.043802299999697425,0.04354419999981474,0.08734649999951216,13,0,7.643201350730498e-10,True,1.3386725269834205
192,1000.0,connected,transpose,harmonic,random,1,6,jacobi,1702,1728,47.828125,1255.2879581151833,932.943434704179,1,0.0001677999998719315,0.15477809999993042,0.15494589999980235,870,0,9.59855889891599e-10,True,0.0
192,1000.0,connected,transpose,harmonic,dipole_x,1,7,jacobi,1702,1728,47.828125,1255.2879581151833,932.943434704179,1,0.0001305999994656304,0.17844049999985145,0.17857109999931708,886,0,1.0019569121554888e-09,True,0.0
192,1000.0,connected,transpose,harmonic,dipole_y,2,0,amg0,1703,1728,47.828125,1255.2879581151833,932.943434704179,1,0.04386970000086876,0.04474489999938669,0.08861460000025545,13,0,7.665891487765352e-10,True,1.3386725269834205
192,1000.0,connected,transpose,harmonic,dipole_y,2,1,jacobi,1703,1728,47.828125,1255.2879581151833,932.943434704179,1,0.00013219999982538866,0.15852799999993294,0.15866019999975833,906,0,9.97566573709954e-10,True,0.0
192,1000.0,connected,transpose,harmonic,random,2,2,jacobi,1703,1728,47.828125,1255.2879581151833,932.943434704179,1,0.00020500000027823262,0.163226399999985,0.16343140000026324,870,0,9.59855889891599e-10,True,0.0
192,1000.0,connected,transpose,harmonic,dipole_x,2,3,jacobi,1703,1728,47.828125,1255.2879581151833,932.943434704179,1,0.00015210000037768623,0.15861109999968903,0.15876320000006672,886,0,1.0019569121554888e-09,True,0.0
192,1000.0,connected,transpose,harmonic,random,2,4,amg0,1703,1728,47.828125,1255.2879581151833,932.943434704179,1,0.04258110000046145,0.04067860000031942,0.08325970000078087,12,0,1.6445817682459722e-10,True,1.3386725269834205
192,1000.0,connected,transpose,harmonic,ones,2,5,jacobi,1703,1728,47.828125,1255.2879581151833,932.943434704179,1,0.00013899999976274557,0.15864330000022164,0.1587822999999844,909,0,2.821513728549962e-09,True,0.0
192,1000.0,connected,transpose,harmonic,ones,2,6,amg0,1703,1728,47.828125,1255.2879581151833,932.943434704179,1,0.042730500000288885,0.043635400000312075,0.08636590000060096,13,0,1.0204108120420542e-09,True,1.3386725269834205
192,1000.0,connected,transpose,harmonic,dipole_x,2,7,amg0,1703,1728,47.828125,1255.2879581151833,932.943434704179,1,0.04363250000005792,0.04304260000026261,0.08667510000032053,13,0,9.59373950251857e-10,True,1.3386725269834205
192,1000.0,connected,transpose,harmonic,ones,3,0,amg0,1704,1728,47.828125,1255.2879581151833,932.943434704179,1,0.04150939999999537,0.04292669999995269,0.08443609999994806,13,0,1.0263285174789315e-09,True,1.3386725269834205
192,1000.0,connected,transpose,harmonic,dipole_y,3,1,amg0,1704,1728,47.828125,1255.2879581151833,932.943434704179,1,0.041938399999708054,0.04577090000020689,0.08770929999991495,13,0,7.620773612817007e-10,True,1.3386725269834205
192,1000.0,connected,transpose,harmonic,dipole_x,3,2,jacobi,1704,1728,47.828125,1255.2879581151833,932.943434704179,1,0.00014519999967887998,0.17269909999959054,0.17284429999926942,886,0,1.0019569121554888e-09,True,0.0
192,1000.0,connected,transpose,harmonic,ones,3,3,jacobi,1704,1728,47.828125,1255.2879581151833,932.943434704179,1,0.00013339999986783369,0.1632179999996879,0.16335139999955572,909,0,2.821513728549962e-09,True,0.0
192,1000.0,connected,transpose,harmonic,random,3,4,jacobi,1704,1728,47.828125,1255.2879581151833,932.943434704179,1,0.00012849999984609894,0.15655819999938103,0.15668669999922713,870,0,9.59855889891599e-10,True,0.0
192,1000.0,connected,transpose,harmonic,dipole_y,3,5,jacobi,1704,1728,47.828125,1255.2879581151833,932.943434704179,1,0.00013240000043879263,0.17073450000043522,0.170866900000874,906,0,9.97566573709954e-10,True,0.0
192,1000.0,connected,transpose,harmonic,random,3,6,amg0,1704,1728,47.828125,1255.2879581151833,932.943434704179,1,0.041137199999866425,0.0399518000003809,0.08108900000024732,12,0,1.6417863458453739e-10,True,1.3386725269834205
192,1000.0,connected,transpose,harmonic,dipole_x,3,7,amg0,1704,1728,47.828125,1255.2879581151833,932.943434704179,1,0.04573120000077324,0.04434959999980492,0.09008080000057817,13,0,9.552485700430165e-10,True,1.3386725269834205
192,1000.0,connected,transpose,harmonic,random,4,0,jacobi,1705,1728,47.828125,1255.2879581151833,932.943434704179,1,0.00016959999993559904,0.15129710000019259,0.15146670000012818,870,0,9.59855889891599e-10,True,0.0
192,1000.0,connected,transpose,harmonic,dipole_y,4,1,amg0,1705,1728,47.828125,1255.2879581151833,932.943434704179,1,0.04519739999977901,0.0422870000002149,0.08748439999999391,13,0,7.660730754158274e-10,True,1.3386725269834205
192,1000.0,connected,transpose,harmonic,dipole_x,4,2,jacobi,1705,1728,47.828125,1255.2879581151833,932.943434704179,1,0.00015489999987039482,0.1711113999999725,0.17126629999984289,886,0,1.0019569121554888e-09,True,0.0
192,1000.0,connected,transpose,harmonic,ones,4,3,amg0,1705,1728,47.828125,1255.2879581151833,932.943434704179,1,0.04646890000003623,0.045608399999764515,0.09207729999980074,13,0,1.021408373062731e-09,True,1.3386725269834205
192,1000.0,connected,transpose,harmonic,random,4,4,amg0,1705,1728,47.828125,1255.2879581151833,932.943434704179,1,0.046586099999331054,0.039764399999512534,0.08635049999884359,12,0,1.6441249815420514e-10,True,1.3386725269834205
192,1000.0,connected,transpose,harmonic,ones,4,5,jacobi,1705,1728,47.828125,1255.2879581151833,932.943434704179,1,0.00018349999936617678,0.16569330000038462,0.1658767999997508,909,0,2.821513728549962e-09,True,0.0
192,1000.0,connected,transpose,harmonic,dipole_y,4,6,jacobi,1705,1728,47.828125,1255.2879581151833,932.943434704179,1,0.00013549999948736513,0.17009600000073988,0.17023150000022724,906,0,9.97566573709954e-10,True,0.0
192,1000.0,connected,transpose,harmonic,dipole_x,4,7,amg0,1705,1728,47.828125,1255.2879581151833,932.943434704179,1,0.04492480000044452,0.043342500000107975,0.0882673000005525,13,0,9.574170297519107e-10,True,1.3386725269834205
128,1000.0,disconnected,transpose,arithmetic,dipole_y,0,0,jacobi,1701,768,47.828125,1258.5826771653544,620.3341162692709,2,9.15000000532018e-05,0.029079299999466457,0.02917079999951966,327,0,9.905692070265295e-10,True,0.0
128,1000.0,disconnected,transpose,arithmetic,dipole_y,0,1,amg0,1701,768,47.828125,1258.5826771653544,620.3341162692709,2,0.02132569999957923,0.026744100000541948,0.04806980000012118,17,0,1.4415131397875364e-10,True,1.3399006034788783
128,1000.0,disconnected,transpose,arithmetic,ones,0,2,jacobi,1701,768,47.828125,1258.5826771653544,620.3341162692709,2,7.639999967068434e-05,0.03158309999980702,0.0316594999994777,368,0,1.327991294630894e-09,True,0.0
128,1000.0,disconnected,transpose,arithmetic,dipole_x,0,3,jacobi,1701,768,47.828125,1258.5826771653544,620.3341162692709,2,7.31999998606625e-05,0.02267429999938031,0.022747499999240972,267,0,9.900099669016737e-10,True,0.0
128,1000.0,disconnected,transpose,arithmetic,random,0,4,amg0,1701,768,47.828125,1258.5826771653544,620.3341162692709,2,0.022344300000440853,0.023998800000299525,0.04634310000074038,15,0,3.625352754000825e-10,True,1.3399006034788783
128,1000.0,disconnected,transpose,arithmetic,dipole_x,0,5,amg0,1701,768,47.828125,1258.5826771653544,620.3341162692709,2,0.022005300000273564,0.02684170000065933,0.048847000000932894,17,0,9.661362195053941e-11,True,1.3399006034788783
128,1000.0,disconnected,transpose,arithmetic,ones,0,6,amg0,1701,768,47.828125,1258.5826771653544,620.3341162692709,2,0.023416899999574525,0.027783399999862013,0.05120029999943654,17,0,2.913959574315387e-10,True,1.3399006034788783
128,1000.0,disconnected,transpose,arithmetic,random,0,7,jacobi,1701,768,47.828125,1258.5826771653544,620.3341162692709,2,7.399999958579428e-05,0.05583609999939654,0.05591009999898233,635,0,9.284074799764309e-10,True,0.0
128,1000.0,disconnected,transpose,arithmetic,random,1,0,amg0,1702,768,47.828125,1258.5826771653544,620.3341162692709,2,0.022917100000086066,0.0249945999994452,0.047911699999531265,15,0,3.637132940316612e-10,True,1.3399006034788783
128,1000.0,disconnected,transpose,arithmetic,dipole_y,1,1,jacobi,1702,768,47.828125,1258.5826771653544,620.3341162692709,2,7.399999958579428e-05,0.029941900000267196,0.03001589999985299,327,0,9.905692070265295e-10,True,0.0
128,1000.0,disconnected,transpose,arithmetic,ones,1,2,amg0,1702,768,47.828125,1258.5826771653544,620.3341162692709,2,0.024120400000356312,0.026687499999752617,0.05080790000010893,17,0,2.8388060126214825e-10,True,1.3399006034788783
128,1000.0,disconnected,transpose,arithmetic,dipole_x,1,3,amg0,1702,768,47.828125,1258.5826771653544,620.3341162692709,2,0.02356179999969754,0.028176599999824248,0.05173839999952179,17,0,9.701829968280615e-11,True,1.3399006034788783
128,1000.0,disconnected,transpose,arithmetic,random,1,4,jacobi,1702,768,47.828125,1258.5826771653544,620.3341162692709,2,9.6000000667118e-05,0.06104629999936151,0.061142300000028627,635,0,9.284074799764309e-10,True,0.0
128,1000.0,disconnected,transpose,arithmetic,dipole_y,1,5,amg0,1702,768,47.828125,1258.5826771653544,620.3341162692709,2,0.025294900000517373,0.029131400000551366,0.05442630000106874,17,0,1.46768273438727e-10,True,1.3399006034788783
128,1000.0,disconnected,transpose,arithmetic,dipole_x,1,6,jacobi,1702,768,47.828125,1258.5826771653544,620.3341162692709,2,7.410000034724362e-05,0.025587000000086846,0.02566110000043409,267,0,9.900099669016737e-10,True,0.0
128,1000.0,disconnected,transpose,arithmetic,ones,1,7,jacobi,1702,768,47.828125,1258.5826771653544,620.3341162692709,2,0.0001156999996965169,0.033508500000607455,0.03362420000030397,368,0,1.327991294630894e-09,True,0.0
128,1000.0,disconnected,transpose,arithmetic,dipole_x,2,0,amg0,1703,768,47.828125,1258.5826771653544,620.3341162692709,2,0.02462420000028942,0.0292648000004192,0.05388900000070862,17,0,9.723602052440119e-11,True,1.3399006034788783
128,1000.0,disconnected,transpose,arithmetic,random,2,1,amg0,1703,768,47.828125,1258.5826771653544,620.3341162692709,2,0.024191500000597443,0.02337939999961236,0.047570900000209804,15,0,3.643950538525135e-10,True,1.3399006034788783
128,1000.0,disconnected,transpose,arithmetic,dipole_y,2,2,jacobi,1703,768,47.828125,1258.5826771653544,620.3341162692709,2,8.290000005217735e-05,0.028623100000004342,0.02870600000005652,327,0,9.905692070265295e-10,True,0.0
128,1000.0,disconnected,transpose,arithmetic,ones,2,3,jacobi,1703,768,47.828125,1258.5826771653544,620.3341162692709,2,7.679999998799758e-05,0.030995299999631243,0.03107209999961924,368,0,1.327991294630894e-09,True,0.0
128,1000.0,disconnected,transpose,arithmetic,random,2,4,jacobi,1703,768,47.828125,1258.5826771653544,620.3341162692709,2,7.00999999025953e-05,0.057183400000212714,0.05725350000011531,635,0,9.284074799764309e-10,True,0.0
128,1000.0,disconnected,transpose,arithmetic,dipole_y,2,5,amg0,1703,768,47.828125,1258.5826771653544,620.3341162692709,2,0.02285100000062812,0.02703930000006949,0.04989030000069761,17,0,1.4456482047796182e-10,True,1.3399006034788783
128,1000.0,disconnected,transpose,arithmetic,ones,2,6,amg0,1703,768,47.828125,1258.5826771653544,620.3341162692709,2,0.0234349000002112,0.026635799999894516,0.05007070000010572,17,0,2.9381081307942445e-10,True,1.3399006034788783
128,1000.0,disconnected,transpose,arithmetic,dipole_x,2,7,jacobi,1703,768,47.828125,1258.5826771653544,620.3341162692709,2,8.499999967170879e-05,0.02273849999983213,0.022823499999503838,267,0,9.900099669016737e-10,True,0.0
128,1000.0,disconnected,transpose,arithmetic,ones,3,0,amg0,1704,768,47.828125,1258.5826771653544,620.3341162692709,2,0.023029099999803293,0.02642939999986993,0.04945849999967322,17,0,2.9596681680851263e-10,True,1.3399006034788783
128,1000.0,disconnected,transpose,arithmetic,dipole_y,3,1,jacobi,1704,768,47.828125,1258.5826771653544,620.3341162692709,2,7.759999971312936e-05,0.027963999999883526,0.028041599999596656,327,0,9.905692070265295e-10,True,0.0
128,1000.0,disconnected,transpose,arithmetic,ones,3,2,jacobi,1704,768,47.828125,1258.5826771653544,620.3341162692709,2,7.650000043213367e-05,0.030448299999989104,0.030524800000421237,368,0,1.327991294630894e-09,True,0.0
128,1000.0,disconnected,transpose,arithmetic,dipole_x,3,3,amg0,1704,768,47.828125,1258.5826771653544,620.3341162692709,2,0.024043800000072224,0.026017299999693932,0.05006109999976616,17,0,9.706320072007022e-11,True,1.3399006034788783
128,1000.0,disconnected,transpose,arithmetic,dipole_y,3,4,amg0,1704,768,47.828125,1258.5826771653544,620.3341162692709,2,0.023363500000414206,0.027869100000316394,0.0512326000007306,17,0,1.4602456857427423e-10,True,1.3399006034788783
128,1000.0,disconnected,transpose,arithmetic,dipole_x,3,5,jacobi,1704,768,47.828125,1258.5826771653544,620.3341162692709,2,7.350000032602111e-05,0.0240444999999454,0.024118000000271422,267,0,9.900099669016737e-10,True,0.0
128,1000.0,disconnected,transpose,arithmetic,random,3,6,amg0,1704,768,47.828125,1258.5826771653544,620.3341162692709,2,0.02320809999946505,0.025089699999625736,0.048297799999090785,15,0,3.6390031153637036e-10,True,1.3399006034788783
128,1000.0,disconnected,transpose,arithmetic,random,3,7,jacobi,1704,768,47.828125,1258.5826771653544,620.3341162692709,2,7.619999996677507e-05,0.060784399999647576,0.06086059999961435,635,0,9.284074799764309e-10,True,0.0
128,1000.0,disconnected,transpose,arithmetic,dipole_y,4,0,amg0,1705,768,47.828125,1258.5826771653544,620.3341162692709,2,0.02476210000077117,0.03035490000002028,0.05511700000079145,17,0,1.4405244985047117e-10,True,1.3399006034788783
128,1000.0,disconnected,transpose,arithmetic,random,4,1,amg0,1705,768,47.828125,1258.5826771653544,620.3341162692709,2,0.02813239999977668,0.024862400000529306,0.052994800000305986,15,0,3.640246313866786e-10,True,1.3399006034788783
128,1000.0,disconnected,transpose,arithmetic,dipole_y,4,2,jacobi,1705,768,47.828125,1258.5826771653544,620.3341162692709,2,0.0001269999993382953,0.03351990000010119,0.033646899999439484,327,0,9.905692070265295e-10,True,0.0
128,1000.0,disconnected,transpose,arithmetic,random,4,3,jacobi,1705,768,47.828125,1258.5826771653544,620.3341162692709,2,7.780000032653334e-05,0.06303989999923942,0.06311769999956596,635,0,9.284074799764309e-10,True,0.0
128,1000.0,disconnected,transpose,arithmetic,dipole_x,4,4,amg0,1705,768,47.828125,1258.5826771653544,620.3341162692709,2,0.02530769999975746,0.028500200000053155,0.053807899999810616,17,0,9.716971815987123e-11,True,1.3399006034788783
128,1000.0,disconnected,transpose,arithmetic,dipole_x,4,5,jacobi,1705,768,47.828125,1258.5826771653544,620.3341162692709,2,9.440000030735973e-05,0.02864399999998568,0.02873840000029304,267,0,9.900099669016737e-10,True,0.0
128,1000.0,disconnected,transpose,arithmetic,ones,4,6,amg0,1705,768,47.828125,1258.5826771653544,620.3341162692709,2,0.024030900000070687,0.02768400000059046,0.051714900000661146,17,0,2.905557174302195e-10,True,1.3399006034788783
128,1000.0,disconnected,transpose,arithmetic,ones,4,7,jacobi,1705,768,47.828125,1258.5826771653544,620.3341162692709,2,0.00011450000056356657,0.03588979999949515,0.03600430000005872,368,0,1.327991294630894e-09,True,0.0
96,1000.0,disconnected,centered,harmonic,random,0,0,jacobi,1701,432,47.828125,1261.8947368421052,464.02945705181685,2,6.639999992330559e-05,0.030655499999738822,0.030721899999662128,470,0,9.422788245846294e-10,True,0.0
96,1000.0,disconnected,centered,harmonic,ones,0,1,jacobi,1701,432,47.828125,1261.8947368421052,464.02945705181685,2,6.08000000283937e-05,0.017256199999792443,0.017316999999820837,276,0,9.926990720174024e-10,True,0.0
96,1000.0,disconnected,centered,harmonic,dipole_y,0,2,amg0,1701,432,47.828125,1261.8947368421052,464.02945705181685,2,0.016040399999837973,0.016043100000388222,0.032083500000226195,15,0,7.579782183680096e-10,True,1.342046388457675
96,1000.0,disconnected,centered,harmonic,ones,0,3,amg0,1701,432,47.828125,1261.8947368421052,464.02945705181685,2,0.014778900000237627,0.015339099999437167,0.030117999999674794,15,0,3.1639213443420653e-10,True,1.342046388457675
96,1000.0,disconnected,centered,harmonic,dipole_y,0,4,jacobi,1701,432,47.828125,1261.8947368421052,464.02945705181685,2,7.960000039020088e-05,0.014826100000391307,0.014905700000781508,246,0,8.471699118331582e-10,True,0.0
96,1000.0,disconnected,centered,harmonic,dipole_x,0,5,jacobi,1701,432,47.828125,1261.8947368421052,464.02945705181685,2,5.529999998543644e-05,0.01216980000026524,0.012225100000250677,197,0,9.461492820288712e-10,True,0.0
96,1000.0,disconnected,centered,harmonic,random,0,6,amg0,1701,432,47.828125,1261.8947368421052,464.02945705181685,2,0.01605440000003,0.014972200000556768,0.031026600000586768,14,0,1.8388429689836215e-10,True,1.342046388457675
96,1000.0,disconnected,centered,harmonic,dipole_x,0,7,amg0,1701,432,47.828125,1261.8947368421052,464.02945705181685,2,0.01530300000013085,0.01694980000047508,0.03225280000060593,15,0,7.259970722909984e-10,True,1.342046388457675
96,1000.0,disconnected,centered,harmonic,ones,1,0,jacobi,1702,432,47.828125,1261.8947368421052,464.02945705181685,2,5.580000015470432e-05,0.01656379999985802,0.016619600000012724,276,0,9.926990720174024e-10,True,0.0
96,1000.0,disconnected,centered,harmonic,dipole_x,1,1,jacobi,1702,432,47.828125,1261.8947368421052,464.02945705181685,2,5.409999994299142e-05,0.011757899999793153,0.011811999999736145,197,0,9.461492820288712e-10,True,0.0
96,1000.0,disconnected,centered,harmonic,dipole_x,1,2,amg0,1702,432,47.828125,1261.8947368421052,464.02945705181685,2,0.01611529999991035,0.015064100000017788,0.031179399999928137,15,0,7.212946828826303e-10,True,1.342046388457675
96,1000.0,disconnected,centered,harmonic,ones,1,3,amg0,1702,432,47.828125,1261.8947368421052,464.02945705181685,2,0.013957199999822478,0.01449159999992844,0.028448799999750918,15,0,3.207838966938131e-10,True,1.342046388457675
96,1000.0,disconnected,centered,harmonic,random,1,4,jacobi,1702,432,47.828125,1261.8947368421052,464.02945705181685,2,5.520000013348181e-05,0.025763499999811756,0.025818699999945238,470,0,9.422788245846294e-10,True,0.0
96,1000.0,disconnected,centered,harmonic,dipole_y,1,5,jacobi,1702,432,47.828125,1261.8947368421052,464.02945705181685,2,7.899999945948366e-05,0.013312999999470776,0.01339199999893026,246,0,8.471699118331582e-10,True,0.0
96,1000.0,disconnected,centered,harmonic,dipole_y,1,6,amg0,1702,432,47.828125,1261.8947368421052,464.02945705181685,2,0.013683799999853363,0.016365599999517144,0.030049399999370507,15,0,7.576200609668907e-10,True,1.342046388457675
96,1000.0,disconnected,centered,harmonic,random,1,7,amg0,1702,432,47.828125,1261.8947368421052,464.02945705181685,2,0.018263899999510613,0.017352999999275198,0.03561689999878581,14,0,1.8299444852383522e-10,True,1.342046388457675
96,1000.0,disconnected,centered,harmonic,ones,2,0,amg0,1703,432,47.828125,1261.8947368421052,464.02945705181685,2,0.015720000000328582,0.02051449999999022,0.0362345000003188,15,0,3.2508724353717114e-10,True,1.342046388457675
96,1000.0,disconnected,centered,harmonic,dipole_x,2,1,jacobi,1703,432,47.828125,1261.8947368421052,464.02945705181685,2,6.0400000620575156e-05,0.0125584000006711,0.012618800001291675,197,0,9.461492820288712e-10,True,0.0
96,1000.0,disconnected,centered,harmonic,dipole_y,2,2,jacobi,1703,432,47.828125,1261.8947368421052,464.02945705181685,2,5.520000013348181e-05,0.014612699999815959,0.01466789999994944,246,0,8.471699118331582e-10,True,0.0
96,1000.0,disconnected,centered,harmonic,random,2,3,amg0,1703,432,47.828125,1261.8947368421052,464.02945705181685,2,0.01625750000039261,0.022091699999691627,0.03834920000008424,14,0,1.837613930384837e-10,True,1.342046388457675
96,1000.0,disconnected,centered,harmonic,dipole_y,2,4,amg0,1703,432,47.828125,1261.8947368421052,464.02945705181685,2,0.016792599999462254,0.015063099999679253,0.03185569999914151,15,0,7.562114067561417e-10,True,1.342046388457675
96,1000.0,disconnected,centered,harmonic,random,2,5,jacobi,1703,432,47.828125,1261.8947368421052,464.02945705181685,2,8.030000026337802e-05,0.0310235000006287,0.03110380000089208,470,0,9.422788245846294e-10,True,0.0
96,1000.0,disconnected,centered,harmonic,ones,2,6,jacobi,1703,432,47.828125,1261.8947368421052,464.02945705181685,2,7.93999997767969e-05,0.01663280000047962,0.016712200000256416,276,0,9.926990720174024e-10,True,0.0
96,1000.0,disconnected,centered,harmonic,dipole_x,2,7,amg0,1703,432,47.828125,1261.8947368421052,464.02945705181685,2,0.014699999999720603,0.0153372999993735,0.030037299999094103,15,0,7.250222684446174e-10,True,1.342046388457675
96,1000.0,disconnected,centered,harmonic,dipole_x,3,0,amg0,1704,432,47.828125,1261.8947368421052,464.02945705181685,2,0.014488299999356968,0.015044900000248163,0.02953319999960513,15,0,7.287228178979693e-10,True,1.342046388457675
96,1000.0,disconnected,centered,harmonic,dipole_y,3,1,jacobi,1704,432,47.828125,1261.8947368421052,464.02945705181685,2,5.779999992228113e-05,0.01482399999986228,0.014881799999784562,246,0,8.471699118331582e-10,True,0.0
96,1000.0,disconnected,centered,harmonic,random,3,2,amg0,1704,432,47.828125,1261.8947368421052,464.02945705181685,2,0.014225799999621813,0.014163999999254884,0.028389799998876697,14,0,1.845698500368201e-10,True,1.342046388457675
96,1000.0,disconnected,centered,harmonic,ones,3,3,amg0,1704,432,47.828125,1261.8947368421052,464.02945705181685,2,0.013835099999596423,0.014822699999967881,0.028657799999564304,15,0,3.142743275473135e-10,True,1.342046388457675
96,1000.0,disconnected,centered,harmonic,ones,3,4,jacobi,1704,432,47.828125,1261.8947368421052,464.02945705181685,2,5.890000011277152e-05,0.01512189999994007,0.015180800000052841,276,0,9.926990720174024e-10,True,0.0
96,1000.0,disconnected,centered,harmonic,dipole_y,3,5,amg0,1704,432,47.828125,1261.8947368421052,464.02945705181685,2,0.014917599999535014,0.015737300000182586,0.0306548999997176,15,0,7.629938714048326e-10,True,1.342046388457675
96,1000.0,disconnected,centered,harmonic,dipole_x,3,6,jacobi,1704,432,47.828125,1261.8947368421052,464.02945705181685,2,6.269999994401587e-05,0.010905500000262691,0.010968200000206707,197,0,9.461492820288712e-10,True,0.0
96,1000.0,disconnected,centered,harmonic,random,3,7,jacobi,1704,432,47.828125,1261.8947368421052,464.02945705181685,2,5.330000021785963e-05,0.025480299999799172,0.02553360000001703,470,0,9.422788245846294e-10,True,0.0
96,1000.0,disconnected,centered,harmonic,dipole_x,4,0,jacobi,1705,432,47.828125,1261.8947368421052,464.02945705181685,2,5.520000013348181e-05,0.010880599999836704,0.010935799999970186,197,0,9.461492820288712e-10,True,0.0
96,1000.0,disconnected,centered,harmonic,dipole_x,4,1,amg0,1705,432,47.828125,1261.8947368421052,464.02945705181685,2,0.01387070000055246,0.014442400000007183,0.028313100000559643,15,0,7.229558892486529e-10,True,1.342046388457675
96,1000.0,disconnected,centered,harmonic,random,4,2,jacobi,1705,432,47.828125,1261.8947368421052,464.02945705181685,2,5.8399999943503644e-05,0.02598390000002837,0.026042299999971874,470,0,9.422788245846294e-10,True,0.0
96,1000.0,disconnected,centered,harmonic,dipole_y,4,3,jacobi,1705,432,47.828125,1261.8947368421052,464.02945705181685,2,5.4799999816168565e-05,0.013592000000244298,0.013646800000060466,246,0,8.471699118331582e-10,True,0.0
96,1000.0,disconnected,centered,harmonic,ones,4,4,amg0,1705,432,47.828125,1261.8947368421052,464.02945705181685,2,0.014179499999954714,0.014701099999911094,0.028880599999865808,15,0,3.2575761960955304e-10,True,1.342046388457675
96,1000.0,disconnected,centered,harmonic,ones,4,5,jacobi,1705,432,47.828125,1261.8947368421052,464.02945705181685,2,5.429999964690069e-05,0.014979200000198034,0.015033499999844935,276,0,9.926990720174024e-10,True,0.0
96,1000.0,disconnected,centered,harmonic,random,4,6,amg0,1705,432,47.828125,1261.8947368421052,464.02945705181685,2,0.014501699999527773,0.01413470000079542,0.028636400000323192,14,0,1.833395507615909e-10,True,1.342046388457675
96,1000.0,disconnected,centered,harmonic,dipole_y,4,7,amg0,1705,432,47.828125,1261.8947368421052,464.02945705181685,2,0.014114300000073854,0.014114300000073854,0.028228600000147708,15,0,7.575620118896436e-10,True,1.342046388457675
192,1000.0,disconnected,shift_x,harmonic,random,0,0,amg0,1701,1728,47.828125,1255.2879581151833,932.943434704179,2,0.045420999999805645,0.045832099999643106,0.09125309999944875,14,0,3.2657659804975774e-10,True,1.3386725269834205
192,1000.0,disconnected,shift_x,harmonic,ones,0,1,amg0,1701,1728,47.828125,1255.2879581151833,932.943434704179,2,0.04286520000005112,0.05569709999963379,0.09856229999968491,16,0,4.749668190011411e-10,True,1.3386725269834205
192,1000.0,disconnected,shift_x,harmonic,dipole_y,0,2,amg0,1701,1728,47.828125,1255.2879581151833,932.943434704179,2,0.04436770000029355,0.05711650000012014,0.1014842000004137,16,0,2.845642465194448e-10,True,1.3386725269834205
192,1000.0,disconnected,shift_x,harmonic,random,0,3,jacobi,1701,1728,47.828125,1255.2879581151833,932.943434704179,2,0.0001733999997668434,0.19643420000011247,0.1966075999998793,953,0,9.762198060529e-10,True,0.0
192,1000.0,disconnected,shift_x,harmonic,dipole_y,0,4,jacobi,1701,1728,47.828125,1255.2879581151833,932.943434704179,2,0.00020050000057381112,0.12896580000051472,0.12916630000108853,619,0,1.4010351234522045e-09,True,0.0
192,1000.0,disconnected,shift_x,harmonic,ones,0,5,jacobi,1701,1728,47.828125,1255.2879581151833,932.943434704179,2,0.00015179999991232762,0.13160869999956049,0.1317604999994728,696,0,2.4185633772269925e-09,True,0.0
192,1000.0,disconnected,shift_x,harmonic,dipole_x,0,6,jacobi,1701,1728,47.828125,1255.2879581151833,932.943434704179,2,0.00012940000033268007,0.11846820000027947,0.11859760000061215,677,0,9.746160329003246e-10,True,0.0
192,1000.0,disconnected,shift_x,harmonic,dipole_x,0,7,amg0,1701,1728,47.828125,1255.2879581151833,932.943434704179,2,0.043924100000367616,0.05357709999952931,0.09750119999989693,16,0,1.6412207444630475e-10,True,1.3386725269834205
192,1000.0,disconnected,shift_x,harmonic,ones,1,0,amg0,1702,1728,47.828125,1255.2879581151833,932.943434704179,2,0.044240199999876495,0.05255890000080399,0.09679910000068048,16,0,4.715975879753109e-10,True,1.3386725269834205
192,1000.0,disconnected,shift_x,harmonic,ones,1,1,jacobi,1702,1728,47.828125,1255.2879581151833,932.943434704179,2,0.00016800000048533548,0.1277393000000302,0.12790730000051553,696,0,2.4185633772269925e-09,True,0.0
192,1000.0,disconnected,shift_x,harmonic,dipole_x,1,2,amg0,1702,1728,47.828125,1255.2879581151833,932.943434704179,2,0.04346739999982674,0.0538048999997045,0.09727229999953124,16,0,1.636756323559741e-10,True,1.3386725269834205
192,1000.0,disconnected,shift_x,harmonic,dipole_y,1,3,jacobi,1702,1728,47.828125,1255.2879581151833,932.943434704179,2,0.0001277999999729218,0.12144940000052884,0.12157720000050176,619,0,1.4010351234522045e-09,True,0.0
192,1000.0,disconnected,shift_x,harmonic,random,1,4,amg0,1702,1728,47.828125,1255.2879581151833,932.943434704179,2,0.04703479999989213,0.05006009999942762,0.09709489999931975,14,0,3.2569519917610546e-10,True,1.3386725269834205
192,1000.0,disconnected,shift_x,harmonic,dipole_y,1,5,amg0,1702,1728,47.828125,1255.2879581151833,932.943434704179,2,0.048264900000503985,0.05474239999966812,0.10300730000017211,16,0,2.75969480109618e-10,True,1.3386725269834205
192,1000.0,disconnected,shift_x,harmonic,dipole_x,1,6,jacobi,1702,1728,47.828125,1255.2879581151833,932.943434704179,2,0.00016899999991437653,0.17729589999999007,0.17746489999990445,677,0,9.746160329003246e-10,True,0.0
192,1000.0,disconnected,shift_x,harmonic,random,1,7,jacobi,1702,1728,47.828125,1255.2879581151833,932.943434704179,2,0.00016309999955410603,0.2097936000000118,0.2099566999995659,953,0,9.762198060529e-10,True,0.0
192,1000.0,disconnected,shift_x,harmonic,random,2,0,jacobi,1703,1728,47.828125,1255.2879581151833,932.943434704179,2,0.0001370999998471234,0.18529559999933554,0.18543269999918266,953,0,9.762198060529e-10,True,0.0
192,1000.0,disconnected,shift_x,harmonic,dipole_x,2,1,amg0,1703,1728,47.828125,1255.2879581151833,932.943434704179,2,0.04730470000049536,0.057492699999784236,0.1047974000002796,16,0,1.5004185160689104e-10,True,1.3386725269834205
192,1000.0,disconnected,shift_x,harmonic,ones,2,2,jacobi,1703,1728,47.828125,1255.2879581151833,932.943434704179,2,0.00020589999985531904,0.12845449999986158,0.1286603999997169,696,0,2.4185633772269925e-09,True,0.0
192,1000.0,disconnected,shift_x,harmonic,dipole_y,2,3,amg0,1703,1728,47.828125,1255.2879581151833,932.943434704179,2,0.043795200000204204,0.05312049999974988,0.09691569999995409,16,0,2.7359261572725554e-10,True,1.3386725269834205
192,1000.0,disconnected,shift_x,harmonic,ones,2,4,amg0,1703,1728,47.828125,1255.2879581151833,932.943434704179,2,0.04371530000025814,0.0530071000002863,0.09672240000054444,16,0,4.6551619242268783e-10,True,1.3386725269834205
192,1000.0,disconnected,shift_x,harmonic,dipole_y,2,5,jacobi,1703,1728,47.828125,1255.2879581151833,932.943434704179,2,0.00016320000031555537,0.12464579999959824,0.1248089999999138,619,0,1.4010351234522045e-09,True,0.0
192,1000.0,disconnected,shift_x,harmonic,random,2,6,amg0,1703,1728,47.828125,1255.2879581151833,932.943434704179,2,0.04691290000027948,0.04812040000069828,0.09503330000097776,14,0,3.1441120843321675e-10,True,1.3386725269834205
192,1000.0,disconnected,shift_x,harmonic,dipole_x,2,7,jacobi,1703,1728,47.828125,1255.2879581151833,932.943434704179,2,0.00017900000057124998,0.12492010000005394,0.12509910000062519,677,0,9.746160329003246e-10,True,0.0
192,1000.0,disconnected,shift_x,harmonic,random,3,0,jacobi,1704,1728,47.828125,1255.2879581151833,932.943434704179,2,0.00019410000004427275,0.17065510000065842,0.1708492000007027,953,0,9.762198060529e-10,True,0.0
192,1000.0,disconnected,shift_x,harmonic,ones,3,1,jacobi,1704,1728,47.828125,1255.2879581151833,932.943434704179,2,0.00012830000014218967,0.1272275000001173,0.12735580000025948,696,0,2.4185633772269925e-09,True,0.0
192,1000.0,disconnected,shift_x,harmonic,dipole_x,3,2,jacobi,1704,1728,47.828125,1255.2879581151833,932.943434704179,2,0.00013969999963592272,0.12242689999948198,0.1225665999991179,677,0,9.746160329003246e-10,True,0.0
192,1000.0,disconnected,shift_x,harmonic,dipole_y,3,3,jacobi,1704,1728,47.828125,1255.2879581151833,932.943434704179,2,0.0001367999993817648,0.11395069999980478,0.11408749999918655,619,0,1.4010351234522045e-09,True,0.0
192,1000.0,disconnected,shift_x,harmonic,random,3,4,amg0,1704,1728,47.828125,1255.2879581151833,932.943434704179,2,0.04328669999995327,0.04562219999934314,0.08890889999929641,14,0,3.259504383412689e-10,True,1.3386725269834205
192,1000.0,disconnected,shift_x,harmonic,ones,3,5,amg0,1704,1728,47.828125,1255.2879581151833,932.943434704179,2,0.04325380000045698,0.052635799999734445,0.09588960000019142,16,0,4.760142355033934e-10,True,1.3386725269834205
192,1000.0,disconnected,shift_x,harmonic,dipole_y,3,6,amg0,1704,1728,47.828125,1255.2879581151833,932.943434704179,2,0.04372220000004745,0.052332299999761744,0.0960544999998092,16,0,2.8149082721259076e-10,True,1.3386725269834205
192,1000.0,disconnected,shift_x,harmonic,dipole_x,3,7,amg0,1704,1728,47.828125,1255.2879581151833,932.943434704179,2,0.04310870000063005,0.0529194999999163,0.09602820000054635,16,0,1.6387343174236293e-10,True,1.3386725269834205
192,1000.0,disconnected,shift_x,harmonic,ones,4,0,amg0,1705,1728,47.828125,1255.2879581151833,932.943434704179,2,0.046422899999924994,0.05647659999976895,0.10289949999969394,16,0,4.873468107122736e-10,True,1.3386725269834205
192,1000.0,disconnected,shift_x,harmonic,dipole_y,4,1,amg0,1705,1728,47.828125,1255.2879581151833,932.943434704179,2,0.0450196000001597,0.05516469999929541,0.1001842999994551,16,0,2.841620053878762e-10,True,1.3386725269834205
192,1000.0,disconnected,shift_x,harmonic,dipole_x,4,2,amg0,1705,1728,47.828125,1255.2879581151833,932.943434704179,2,0.04504670000005717,0.052635600000030536,0.09768230000008771,16,0,1.6271463488626817e-10,True,1.3386725269834205
192,1000.0,disconnected,shift_x,harmonic,random,4,3,amg0,1705,1728,47.828125,1255.2879581151833,932.943434704179,2,0.044533300000694,0.04549559999941266,0.09002890000010666,14,0,3.249409159974394e-10,True,1.3386725269834205
192,1000.0,disconnected,shift_x,harmonic,random,4,4,jacobi,1705,1728,47.828125,1255.2879581151833,932.943434704179,2,0.00017730000035953708,0.17402780000065832,0.17420510000101785,953,0,9.762198060529e-10,True,0.0
192,1000.0,disconnected,shift_x,harmonic,dipole_x,4,5,jacobi,1705,1728,47.828125,1255.2879581151833,932.943434704179,2,0.00019040000006498303,0.14646520000042074,0.14665560000048572,677,0,9.746160329003246e-10,True,0.0
192,1000.0,disconnected,shift_x,harmonic,ones,4,6,jacobi,1705,1728,47.828125,1255.2879581151833,932.943434704179,2,0.00012700000024779,0.12550479999936215,0.12563179999960994,696,0,2.4185633772269925e-09,True,0.0
192,1000.0,disconnected,shift_x,harmonic,dipole_y,4,7,jacobi,1705,1728,47.828125,1255.2879581151833,932.943434704179,2,0.00012849999984609894,0.1149080999994112,0.1150365999992573,619,0,1.4010351234522045e-09,True,0.0
192,1000.0,disconnected,centered,arithmetic,dipole_x,0,0,amg0,1701,1728,47.828125,1255.2879581151833,932.943434704179,2,0.04807729999993171,0.05533110000033048,0.10340840000026219,17,0,5.677068789669454e-10,True,1.3386725269834205
192,1000.0,disconnected,centered,arithmetic,dipole_x,0,1,jacobi,1701,1728,47.828125,1255.2879581151833,932.943434704179,2,0.00015869999970163917,0.07304340000064258,0.07320210000034422,404,0,9.682583905481316e-10,True,0.0
192,1000.0,disconnected,centered,arithmetic,dipole_y,0,2,amg0,1701,1728,47.828125,1255.2879581151833,932.943434704179,2,0.043589500000052794,0.058376099999804865,0.10196559999985766,17,0,3.4302837755322366e-10,True,1.3386725269834205
192,1000.0,disconnected,centered,arithmetic,dipole_y,0,3,jacobi,1701,1728,47.828125,1255.2879581151833,932.943434704179,2,0.00016239999968092889,0.09821809999994002,0.09838049999962095,494,0,1.2812009353677047e-09,True,0.0
192,1000.0,disconnected,centered,arithmetic,random,0,4,jacobi,1701,1728,47.828125,1255.2879581151833,932.943434704179,2,0.0001415999995515449,0.18185400000038499,0.18199559999993653,947,0,9.770568529277526e-10,True,0.0
192,1000.0,disconnected,centered,arithmetic,random,0,5,amg0,1701,1728,47.828125,1255.2879581151833,932.943434704179,2,0.04422969999995985,0.05005110000001878,0.09428079999997863,15,0,7.509314654962152e-10,True,1.3386725269834205
192,1000.0,disconnected,centered,arithmetic,ones,0,6,jacobi,1701,1728,47.828125,1255.2879581151833,932.943434704179,2,0.0001847000003181165,0.1070438999995531,0.10722859999987122,555,0,2.1763089565496595e-09,True,0.0
192,1000.0,disconnected,centered,arithmetic,ones,0,7,amg0,1701,1728,47.828125,1255.2879581151833,932.943434704179,2,0.04509589999997843,0.05897079999976995,0.10406669999974838,17,0,7.155382276248792e-10,True,1.3386725269834205
192,1000.0,disconnected,centered,arithmetic,dipole_x,1,0,jacobi,1702,1728,47.828125,1255.2879581151833,932.943434704179,2,0.00013760000001639128,0.07915690000027098,0.07929450000028737,404,0,9.682583905481316e-10,True,0.0
192,1000.0,disconnected,centered,arithmetic,random,1,1,jacobi,1702,1728,47.828125,1255.2879581151833,932.943434704179,2,0.00022220000028028153,0.18325719999938883,0.1834793999996691,947,0,9.770568529277526e-10,True,0.0
192,1000.0,disconnected,centered,arithmetic,dipole_x,1,2,amg0,1702,1728,47.828125,1255.2879581151833,932.943434704179,2,0.04598009999972419,0.05693680000058521,0.1029169000003094,17,0,5.652046070753901e-10,True,1.3386725269834205
192,1000.0,disconnected,centered,arithmetic,random,1,3,amg0,1702,1728,47.828125,1255.2879581151833,932.943434704179,2,0.055346799999824725,0.057286399999611604,0.11263319999943633,15,0,7.492872152725875e-10,True,1.3386725269834205
192,1000.0,disconnected,centered,arithmetic,dipole_y,1,4,jacobi,1702,1728,47.828125,1255.2879581151833,932.943434704179,2,0.00012550000064948108,0.11530429999947955,0.11542980000012903,494,0,1.2812009353677047e-09,True,0.0
192,1000.0,disconnected,centered,arithmetic,dipole_y,1,5,amg0,1702,1728,47.828125,1255.2879581151833,932.943434704179,2,0.049357299999428506,0.06642120000014984,0.11577849999957834,17,0,3.5272103117662517e-10,True,1.3386725269834205
192,1000.0,disconnected,centered,arithmetic,ones,1,6,amg0,1702,1728,47.828125,1255.2879581151833,932.943434704179,2,0.050401200000123936,0.05933490000006714,0.10973610000019107,17,0,7.193728489667376e-10,True,1.3386725269834205
192,1000.0,disconnected,centered,arithmetic,ones,1,7,jacobi,1702,1728,47.828125,1255.2879581151833,932.943434704179,2,0.00018929999987449264,0.1061879000008048,0.1063772000006793,555,0,2.1763089565496595e-09,True,0.0
192,1000.0,disconnected,centered,arithmetic,dipole_y,2,0,amg0,1703,1728,47.828125,1255.2879581151833,932.943434704179,2,0.0462188999999853,0.05844710000019404,0.10466600000017934,17,0,3.569967342675904e-10,True,1.3386725269834205
192,1000.0,disconnected,centered,arithmetic,random,2,1,jacobi,1703,1728,47.828125,1255.2879581151833,932.943434704179,2,0.0001441000003978843,0.16988140000012208,0.17002550000051997,947,0,9.770568529277526e-10,True,0.0
192,1000.0,disconnected,centered,arithmetic,ones,2,2,amg0,1703,1728,47.828125,1255.2879581151833,932.943434704179,2,0.04464110000026267,0.056762199999866425,0.10140330000012909,17,0,7.163701992525917e-10,True,1.3386725269834205
192,1000.0,disconnected,centered,arithmetic,dipole_y,2,3,jacobi,1703,1728,47.828125,1255.2879581151833,932.943434704179,2,0.00014000000010128133,0.089983800000482,0.09012380000058329,494,0,1.2812009353677047e-09,True,0.0
192,1000.0,disconnected,centered,arithmetic,ones,2,4,jacobi,1703,1728,47.828125,1255.2879581151833,932.943434704179,2,0.0001824000000851811,0.09943759999987378,0.09961999999995896,555,0,2.1763089565496595e-09,True,0.0
192,1000.0,disconnected,centered,arithmetic,dipole_x,2,5,jacobi,1703,1728,47.828125,1255.2879581151833,932.943434704179,2,0.00016559999949095072,0.07879540000067209,0.07896100000016304,404,0,9.682583905481316e-10,True,0.0
192,1000.0,disconnected,centered,arithmetic,dipole_x,2,6,amg0,1703,1728,47.828125,1255.2879581151833,932.943434704179,2,0.04368330000033893,0.05793619999985822,0.10161950000019715,17,0,5.688759848164898e-10,True,1.3386725269834205
192,1000.0,disconnected,centered,arithmetic,random,2,7,amg0,1703,1728,47.828125,1255.2879581151833,932.943434704179,2,0.04290229999969597,0.05151359999945271,0.09441589999914868,15,0,7.519824587243588e-10,True,1.3386725269834205
192,1000.0,disconnected,centered,arithmetic,ones,3,0,amg0,1704,1728,47.828125,1255.2879581151833,932.943434704179,2,0.04317879999962315,0.05755460000000312,0.10073339999962627,17,0,7.059037724768372e-10,True,1.3386725269834205
192,1000.0,disconnected,centered,arithmetic,dipole_y,3,1,jacobi,1704,1728,47.828125,1255.2879581151833,932.943434704179,2,0.00019969999993918464,0.09947140000076615,0.09967110000070534,494,0,1.2812009353677047e-09,True,0.0
192,1000.0,disconnected,centered,arithmetic,random,3,2,jacobi,1704,1728,47.828125,1255.2879581151833,932.943434704179,2,0.00014120000014372636,0.1815334000002622,0.18167460000040592,947,0,9.770568529277526e-10,True,0.0
192,1000.0,disconnected,centered,arithmetic,ones,3,3,jacobi,1704,1728,47.828125,1255.2879581151833,932.943434704179,2,0.00018110000019078143,0.10167770000043674,0.10185880000062753,555,0,2.1763089565496595e-09,True,0.0
192,1000.0,disconnected,centered,arithmetic,random,3,4,amg0,1704,1728,47.828125,1255.2879581151833,932.943434704179,2,0.04498710000007122,0.049839000000247324,0.09482610000031855,15,0,7.488101162579877e-10,True,1.3386725269834205
192,1000.0,disconnected,centered,arithmetic,dipole_y,3,5,amg0,1704,1728,47.828125,1255.2879581151833,932.943434704179,2,0.05322330000035436,0.0673280999999406,0.12055140000029496,17,0,3.4785967068027727e-10,True,1.3386725269834205
192,1000.0,disconnected,centered,arithmetic,dipole_x,3,6,jacobi,1704,1728,47.828125,1255.2879581151833,932.943434704179,2,0.00013179999950807542,0.07365509999999631,0.07378689999950439,404,0,9.682583905481316e-10,True,0.0
192,1000.0,disconnected,centered,arithmetic,dipole_x,3,7,amg0,1704,1728,47.828125,1255.2879581151833,932.943434704179,2,0.044080799999392184,0.05649849999917933,0.10057929999857151,17,0,5.651788491455754e-10,True,1.3386725269834205
192,1000.0,disconnected,centered,arithmetic,ones,4,0,amg0,1705,1728,47.828125,1255.2879581151833,932.943434704179,2,0.04348290000052657,0.05667619999985618,0.10015910000038275,17,0,7.050780153063417e-10,True,1.3386725269834205
192,1000.0,disconnected,centered,arithmetic,random,4,1,amg0,1705,1728,47.828125,1255.2879581151833,932.943434704179,2,0.042620500000339234,0.049857900000461086,0.09247840000080032,15,0,7.473228661655555e-10,True,1.3386725269834205
192,1000.0,disconnected,centered,arithmetic,dipole_y,4,2,amg0,1705,1728,47.828125,1255.2879581151833,932.943434704179,2,0.04366630000004079,0.057340499999554595,0.10100679999959539,17,0,3.369861592232977e-10,True,1.3386725269834205
192,1000.0,disconnected,centered,arithmetic,random,4,3,jacobi,1705,1728,47.828125,1255.2879581151833,932.943434704179,2,0.0001511999998911051,0.20309089999955177,0.20324209999944287,947,0,9.770568529277526e-10,True,0.0
192,1000.0,disconnected,centered,arithmetic,dipole_x,4,4,jacobi,1705,1728,47.828125,1255.2879581151833,932.943434704179,2,0.0001695000000836444,0.09865350000018225,0.09882300000026589,404,0,9.682583905481316e-10,True,0.0
192,1000.0,disconnected,centered,arithmetic,ones,4,5,jacobi,1705,1728,47.828125,1255.2879581151833,932.943434704179,2,0.00013899999976274557,0.119081400000141,0.11922039999990375,555,0,2.1763089565496595e-09,True,0.0
192,1000.0,disconnected,centered,arithmetic,dipole_y,4,6,jacobi,1705,1728,47.828125,1255.2879581151833,932.943434704179,2,0.00015170000006037299,0.09940310000001773,0.0995548000000781,494,0,1.2812009353677047e-09,True,0.0
192,1000.0,disconnected,centered,arithmetic,dipole_x,4,7,amg0,1705,1728,47.828125,1255.2879581151833,932.943434704179,2,0.04783120000047347,0.07057799999984127,0.11840920000031474,17,0,5.635266632150733e-10,True,1.3386725269834205
128,1000.0,disconnected,centered,harmonic,dipole_x,0,0,amg0,1701,768,47.828125,1258.5826771653544,620.3341162692709,2,0.026548299999376468,0.028631899999709276,0.055180199999085744,15,0,7.630345830698353e-10,True,1.3399006034788783
128,1000.0,disconnected,centered,harmonic,ones,0,1,jacobi,1701,768,47.828125,1258.5826771653544,620.3341162692709,2,8.679999973537633e-05,0.03471090000039112,0.0347977000001265,366,0,1.2787223496323214e-09,True,0.0
128,1000.0,disconnected,centered,harmonic,random,0,2,jacobi,1701,768,47.828125,1258.5826771653544,620.3341162692709,2,8.189999971364159e-05,0.05923919999986538,0.05932109999957902,634,0,9.70628911533691e-10,True,0.0
128,1000.0,disconnected,centered,harmonic,dipole_x,0,3,jacobi,1701,768,47.828125,1258.5826771653544,620.3341162692709,2,8.379999962926377e-05,0.029146599999876344,0.029230399999505607,266,0,9.11683285170616e-10,True,0.0
128,1000.0,disconnected,centered,harmonic,dipole_y,0,4,jacobi,1701,768,47.828125,1258.5826771653544,620.3341162692709,2,8.140000045386842e-05,0.031501899999966554,0.03158330000042042,328,0,9.96971993990198e-10,True,0.0
128,1000.0,disconnected,centered,harmonic,ones,0,5,amg0,1701,768,47.828125,1258.5826771653544,620.3341162692709,2,0.025196199999300006,0.028743699999722594,0.0539398999990226,16,0,2.8705229805415316e-10,True,1.3399006034788783
128,1000.0,disconnected,centered,harmonic,random,0,6,amg0,1701,768,47.828125,1258.5826771653544,620.3341162692709,2,0.025386299999809125,0.0254531999999017,0.050839499999710824,14,0,3.822031545523249e-10,True,1.3399006034788783
128,1000.0,disconnected,centered,harmonic,dipole_y,0,7,amg0,1701,768,47.828125,1258.5826771653544,620.3341162692709,2,0.023676800000430376,0.028655200000685,0.052332000001115375,16,0,1.8444989164033335e-10,True,1.3399006034788783
128,1000.0,disconnected,centered,harmonic,dipole_x,1,0,jacobi,1702,768,47.828125,1258.5826771653544,620.3341162692709,2,9.760000011738157e-05,0.026235900000756374,0.026333500000873755,266,0,9.11683285170616e-10,True,0.0
128,1000.0,disconnected,centered,harmonic,dipole_x,1,1,amg0,1702,768,47.828125,1258.5826771653544,620.3341162692709,2,0.026567800000520947,0.027278300000034506,0.05384610000055545,15,0,7.702447785062702e-10,True,1.3399006034788783
128,1000.0,disconnected,centered,harmonic,dipole_y,1,2,jacobi,1702,768,47.828125,1258.5826771653544,620.3341162692709,2,8.040000011533266e-05,0.033357699999214674,0.03343809999933001,328,0,9.96971993990198e-10,True,0.0
128,1000.0,disconnected,centered,harmonic,random,1,3,jacobi,1702,768,47.828125,1258.5826771653544,620.3341162692709,2,8.199999956559623e-05,0.06480430000010529,0.06488629999967088,634,0,9.70628911533691e-10,True,0.0
128,1000.0,disconnected,centered,harmonic,random,1,4,amg0,1702,768,47.828125,1258.5826771653544,620.3341162692709,2,0.02921299999979965,0.02828510000017559,0.05749809999997524,14,0,3.8610800544961064e-10,True,1.3399006034788783
128,1000.0,disconnected,centered,harmonic,dipole_y,1,5,amg0,1702,768,47.828125,1258.5826771653544,620.3341162692709,2,0.03131590000066353,0.02846230000068317,0.059778200001346704,16,0,1.8393179356814365e-10,True,1.3399006034788783
128,1000.0,disconnected,centered,harmonic,ones,1,6,amg0,1702,768,47.828125,1258.5826771653544,620.3341162692709,2,0.02495690000068862,0.02636770000026445,0.05132460000095307,16,0,2.8203021175080874e-10,True,1.3399006034788783
128,1000.0,disconnected,centered,harmonic,ones,1,7,jacobi,1702,768,47.828125,1258.5826771653544,620.3341162692709,2,7.74000000092201e-05,0.03459799999927782,0.03467539999928704,366,0,1.2787223496323214e-09,True,0.0
128,1000.0,disconnected,centered,harmonic,dipole_y,2,0,jacobi,1703,768,47.828125,1258.5826771653544,620.3341162692709,2,8.280000020022271e-05,0.032936399999925925,0.03301920000012615,328,0,9.96971993990198e-10,True,0.0
128,1000.0,disconnected,centered,harmonic,dipole_x,2,1,jacobi,1703,768,47.828125,1258.5826771653544,620.3341162692709,2,0.00010459999975864775,0.02675600000020495,0.026860599999963597,266,0,9.11683285170616e-10,True,0.0
128,1000.0,disconnected,centered,harmonic,ones,2,2,jacobi,1703,768,47.828125,1258.5826771653544,620.3341162692709,2,7.989999994606478e-05,0.0360713999998552,0.03615129999980127,366,0,1.2787223496323214e-09,True,0.0
128,1000.0,disconnected,centered,harmonic,dipole_x,2,3,amg0,1703,768,47.828125,1258.5826771653544,620.3341162692709,2,0.026611100000081933,0.025801800000408548,0.05241290000049048,15,0,7.666395561755011e-10,True,1.3399006034788783
128,1000.0,disconnected,centered,harmonic,dipole_y,2,4,amg0,1703,768,47.828125,1258.5826771653544,620.3341162692709,2,0.024557300000196847,0.027693800000633928,0.052251100000830775,16,0,1.8512072713999354e-10,True,1.3399006034788783
128,1000.0,disconnected,centered,harmonic,random,2,5,amg0,1703,768,47.828125,1258.5826771653544,620.3341162692709,2,0.02481140000054438,0.023325600000134727,0.04813700000067911,14,0,3.841555831780736e-10,True,1.3399006034788783
128,1000.0,disconnected,centered,harmonic,random,2,6,jacobi,1703,768,47.828125,1258.5826771653544,620.3341162692709,2,7.60000002628658e-05,0.05528570000024047,0.05536170000050333,634,0,9.70628911533691e-10,True,0.0
128,1000.0,disconnected,centered,harmonic,ones,2,7,amg0,1703,768,47.828125,1258.5826771653544,620.3341162692709,2,0.022806900000432506,0.02519430000029388,0.048001200000726385,16,0,2.872197970143262e-10,True,1.3399006034788783
128,1000.0,disconnected,centered,harmonic,random,3,0,amg0,1704,768,47.828125,1258.5826771653544,620.3341162692709,2,0.0221852000004219,0.02135050000015326,0.04353570000057516,14,0,3.8453390334109765e-10,True,1.3399006034788783
128,1000.0,disconnected,centered,harmonic,dipole_x,3,1,jacobi,1704,768,47.828125,1258.5826771653544,620.3341162692709,2,8.549999984097667e-05,0.023295500000131142,0.02338099999997212,266,0,9.11683285170616e-10,True,0.0
128,1000.0,disconnected,centered,harmonic,ones,3,2,amg0,1704,768,47.828125,1258.5826771653544,620.3341162692709,2,0.022333699999762757,0.02544729999954143,0.047780999999304186,16,0,2.858762289181e-10,True,1.3399006034788783
128,1000.0,disconnected,centered,harmonic,dipole_y,3,3,jacobi,1704,768,47.828125,1258.5826771653544,620.3341162692709,2,9.91000006251852e-05,0.029961399999592686,0.03006050000021787,328,0,9.96971993990198e-10,True,0.0
128,1000.0,disconnected,centered,harmonic,random,3,4,jacobi,1704,768,47.828125,1258.5826771653544,620.3341162692709,2,7.869999990361976e-05,0.06161880000036035,0.06169750000026397,634,0,9.70628911533691e-10,True,0.0
128,1000.0,disconnected,centered,harmonic,ones,3,5,jacobi,1704,768,47.828125,1258.5826771653544,620.3341162692709,2,8.070000058069127e-05,0.03349119999984396,0.03357190000042465,366,0,1.2787223496323214e-09,True,0.0
128,1000.0,disconnected,centered,harmonic,dipole_x,3,6,amg0,1704,768,47.828125,1258.5826771653544,620.3341162692709,2,0.025121300000137126,0.02481199999965611,0.049933299999793235,15,0,7.669286556056126e-10,True,1.3399006034788783
128,1000.0,disconnected,centered,harmonic,dipole_y,3,7,amg0,1704,768,47.828125,1258.5826771653544,620.3341162692709,2,0.023023099999591068,0.027385500000491447,0.050408600000082515,16,0,1.8316342421690227e-10,True,1.3399006034788783
128,1000.0,disconnected,centered,harmonic,ones,4,0,amg0,1705,768,47.828125,1258.5826771653544,620.3341162692709,2,0.023526800000581716,0.026774400000249443,0.05030120000083116,16,0,2.9204713476935035e-10,True,1.3399006034788783
128,1000.0,disconnected,centered,harmonic,random,4,1,jacobi,1705,768,47.828125,1258.5826771653544,620.3341162692709,2,7.469999945897143e-05,0.054431900000054156,0.05450659999951313,634,0,9.70628911533691e-10,True,0.0
128,1000.0,disconnected,centered,harmonic,dipole_x,4,2,jacobi,1705,768,47.828125,1258.5826771653544,620.3341162692709,2,7.310000000870787e-05,0.022610099999837985,0.022683199999846693,266,0,9.11683285170616e-10,True,0.0
128,1000.0,disconnected,centered,harmonic,dipole_y,4,3,amg0,1705,768,47.828125,1258.5826771653544,620.3341162692709,2,0.023646999999982654,0.02448259999982838,0.048129599999811035,16,0,1.838856477077786e-10,True,1.3399006034788783
128,1000.0,disconnected,centered,harmonic,dipole_y,4,4,jacobi,1705,768,47.828125,1258.5826771653544,620.3341162692709,2,7.530000038968865e-05,0.02839629999925819,0.02847159999964788,328,0,9.96971993990198e-10,True,0.0
128,1000.0,disconnected,centered,harmonic,ones,4,5,jacobi,1705,768,47.828125,1258.5826771653544,620.3341162692709,2,7.869999990361976e-05,0.03239140000005136,0.03247009999995498,366,0,1.2787223496323214e-09,True,0.0
128,1000.0,disconnected,centered,harmonic,dipole_x,4,6,amg0,1705,768,47.828125,1258.5826771653544,620.3341162692709,2,0.023291900000003807,0.02380440000069939,0.047096300000703195,15,0,7.827895328702703e-10,True,1.3399006034788783
128,1000.0,disconnected,centered,harmonic,random,4,7,amg0,1705,768,47.828125,1258.5826771653544,620.3341162692709,2,0.02404729999943811,0.02184679999936634,0.04589409999880445,14,0,3.9184932276225035e-10,True,1.3399006034788783
96,1000.0,connected,centered,harmonic,ones,0,0,jacobi,1701,432,47.828125,1261.8947368421052,464.02945705181685,1,6.620000021939632e-05,0.026073999999425723,0.02614019999964512,445,0,1.0672326654727145e-09,True,0.0
96,1000.0,connected,centered,harmonic,random,0,1,jacobi,1701,432,47.828125,1261.8947368421052,464.02945705181685,1,5.560000045079505e-05,0.02364069999930507,0.023696299999755865,433,0,9.63991313770639e-10,True,0.0
96,1000.0,connected,centered,harmonic,dipole_y,0,2,jacobi,1701,432,47.828125,1261.8947368421052,464.02945705181685,1,5.650000002788147e-05,0.02515159999984462,0.025208099999872502,450,0,9.231380927028886e-10,True,0.0
96,1000.0,connected,centered,harmonic,dipole_x,0,3,jacobi,1701,432,47.828125,1261.8947368421052,464.02945705181685,1,5.539999983739108e-05,0.026905099999567028,0.02696049999940442,437,0,9.111122240860413e-10,True,0.0
96,1000.0,connected,centered,harmonic,random,0,4,amg0,1701,432,47.828125,1261.8947368421052,464.02945705181685,1,0.014216000000487838,0.011952699999710603,0.02616870000019844,12,0,1.338203432061832e-10,True,1.342046388457675
96,1000.0,connected,centered,harmonic,dipole_y,0,5,amg0,1701,432,47.828125,1261.8947368421052,464.02945705181685,1,0.014495500000521133,0.014674500000182888,0.02917000000070402,14,0,1.2698691083498106e-10,True,1.342046388457675
96,1000.0,connected,centered,harmonic,ones,0,6,amg0,1701,432,47.828125,1261.8947368421052,464.02945705181685,1,0.015114099999664177,0.014742100000148639,0.029856199999812816,14,0,1.2390487074956808e-10,True,1.342046388457675
96,1000.0,connected,centered,harmonic,dipole_x,0,7,amg0,1701,432,47.828125,1261.8947368421052,464.02945705181685,1,0.016215700000429933,0.014016500000252563,0.030232200000682496,13,0,2.2401522168274815e-10,True,1.342046388457675
96,1000.0,connected,centered,harmonic,ones,1,0,jacobi,1702,432,47.828125,1261.8947368421052,464.02945705181685,1,7.670000013604295e-05,0.026977399999850604,0.027054099999986647,445,0,1.0672326654727145e-09,True,0.0
96,1000.0,connected,centered,harmonic,dipole_x,1,1,amg0,1702,432,47.828125,1261.8947368421052,464.02945705181685,1,0.015807699999641045,0.013341800000489457,0.0291495000001305,13,0,2.2107154906264908e-10,True,1.342046388457675
96,1000.0,connected,centered,harmonic,ones,1,2,amg0,1702,432,47.828125,1261.8947368421052,464.02945705181685,1,0.015994500000488188,0.014051699999981793,0.03004620000046998,14,0,1.299830430099721e-10,True,1.342046388457675
96,1000.0,connected,centered,harmonic,dipole_y,1,3,jacobi,1702,432,47.828125,1261.8947368421052,464.02945705181685,1,5.5900000006658956e-05,0.02521340000021155,0.02526930000021821,450,0,9.231380927028886e-10,True,0.0
96,1000.0,connected,centered,harmonic,random,1,4,jacobi,1702,432,47.828125,1261.8947368421052,464.02945705181685,1,5.4400000408350024e-05,0.02435180000065884,0.02440620000106719,433,0,9.63991313770639e-10,True,0.0
96,1000.0,connected,centered,harmonic,dipole_y,1,5,amg0,1702,432,47.828125,1261.8947368421052,464.02945705181685,1,0.01564059999964229,0.01452530000005936,0.03016589999970165,14,0,1.2543493510521578e-10,True,1.342046388457675
96,1000.0,connected,centered,harmonic,dipole_x,1,6,jacobi,1702,432,47.828125,1261.8947368421052,464.02945705181685,1,7.360000017797574e-05,0.025123100000200793,0.02519670000037877,437,0,9.111122240860413e-10,True,0.0
96,1000.0,connected,centered,harmonic,random,1,7,amg0,1702,432,47.828125,1261.8947368421052,464.02945705181685,1,0.014785100000153761,0.01212279999981547,0.02690789999996923,12,0,1.3304813849034232e-10,True,1.342046388457675
96,1000.0,connected,centered,harmonic,dipole_x,2,0,jacobi,1703,432,47.828125,1261.8947368421052,464.02945705181685,1,7.569999979750719e-05,0.025381800000104704,0.02545749999990221,437,0,9.111122240860413e-10,True,0.0
96,1000.0,connected,centered,harmonic,dipole_y,2,1,amg0,1703,432,47.828125,1261.8947368421052,464.02945705181685,1,0.015110000000277068,0.01406940000015311,0.029179400000430178,14,0,1.280271849108341e-10,True,1.342046388457675
96,1000.0,connected,centered,harmonic,dipole_y,2,2,jacobi,1703,432,47.828125,1261.8947368421052,464.02945705181685,1,6.149999990157085e-05,0.0247601000000941,0.02482159999999567,450,0,9.231380927028886e-10,True,0.0
96,1000.0,connected,centered,harmonic,dipole_x,2,3,amg0,1703,432,47.828125,1261.8947368421052,464.02945705181685,1,0.014330299999528506,0.01241059999938443,0.026740899998912937,13,0,2.252956663459358e-10,True,1.342046388457675
96,1000.0,connected,centered,harmonic,ones,2,4,amg0,1703,432,47.828125,1261.8947368421052,464.02945705181685,1,0.01420719999987341,0.013513300000340678,0.027720500000214088,14,0,1.210966925829019e-10,True,1.342046388457675
96,1000.0,connected,centered,harmonic,random,2,5,amg0,1703,432,47.828125,1261.8947368421052,464.02945705181685,1,0.013955299999906856,0.011628299999756564,0.02558359999966342,12,0,1.3424388423253553e-10,True,1.342046388457675
96,1000.0,connected,centered,harmonic,random,2,6,jacobi,1703,432,47.828125,1261.8947368421052,464.02945705181685,1,6.299999949987978e-05,0.023017000000436383,0.023079999999936263,433,0,9.63991313770639e-10,True,0.0
96,1000.0,connected,centered,harmonic,ones,2,7,jacobi,1703,432,47.828125,1261.8947368421052,464.02945705181685,1,5.63000003239722e-05,0.025928799999746843,0.025985100000070815,445,0,1.0672326654727145e-09,True,0.0
96,1000.0,connected,centered,harmonic,dipole_x,3,0,amg0,1704,432,47.828125,1261.8947368421052,464.02945705181685,1,0.01523300000008021,0.012836200000492681,0.02806920000057289,13,0,2.2422511949242643e-10,True,1.342046388457675
96,1000.0,connected,centered,harmonic,random,3,1,amg0,1704,432,47.828125,1261.8947368421052,464.02945705181685,1,0.01463809999950172,0.011818599999969592,0.02645669999947131,12,0,1.3385129619535298e-10,True,1.342046388457675
96,1000.0,connected,centered,harmonic,dipole_y,3,2,jacobi,1704,432,47.828125,1261.8947368421052,464.02945705181685,1,5.7899999774235766e-05,0.02632979999998497,0.026387699999759207,450,0,9.231380927028886e-10,True,0.0
96,1000.0,connected,centered,harmonic,dipole_y,3,3,amg0,1704,432,47.828125,1261.8947368421052,464.02945705181685,1,0.014505499999359017,0.01354910000009113,0.028054599999450147,14,0,1.272725394908688e-10,True,1.342046388457675
96,1000.0,connected,centered,harmonic,random,3,4,jacobi,1704,432,47.828125,1261.8947368421052,464.02945705181685,1,6.140000004961621e-05,0.023808300000382587,0.023869700000432204,433,0,9.63991313770639e-10,True,0.0
96,1000.0,connected,centered,harmonic,ones,3,5,jacobi,1704,432,47.828125,1261.8947368421052,464.02945705181685,1,5.6000000768108293e-05,0.02482170000075712,0.024877700001525227,445,0,1.0672326654727145e-09,True,0.0
96,1000.0,connected,centered,harmonic,ones,3,6,amg0,1704,432,47.828125,1261.8947368421052,464.02945705181685,1,0.014239199999792618,0.013178199999856588,0.027417399999649206,14,0,1.292560564239178e-10,True,1.342046388457675
96,1000.0,connected,centered,harmonic,dipole_x,3,7,jacobi,1704,432,47.828125,1261.8947368421052,464.02945705181685,1,5.400000009103678e-05,0.024335200000678014,0.02438920000076905,437,0,9.111122240860413e-10,True,0.0
96,1000.0,connected,centered,harmonic,random,4,0,jacobi,1705,432,47.828125,1261.8947368421052,464.02945705181685,1,5.500000042957254e-05,0.023462799999833805,0.023517800000263378,433,0,9.63991313770639e-10,True,0.0
96,1000.0,connected,centered,harmonic,random,4,1,amg0,1705,432,47.828125,1261.8947368421052,464.02945705181685,1,0.014588000000003376,0.0115843000003224,0.026172300000325777,12,0,1.3355366725227103e-10,True,1.342046388457675
96,1000.0,connected,centered,harmonic,dipole_y,4,2,jacobi,1705,432,47.828125,1261.8947368421052,464.02945705181685,1,6.829999983892776e-05,0.0251284999994823,0.02519679999932123,450,0,9.231380927028886e-10,True,0.0
96,1000.0,connected,centered,harmonic,ones,4,3,jacobi,1705,432,47.828125,1261.8947368421052,464.02945705181685,1,5.3699999625678174e-05,0.02513340000041353,0.02518710000003921,445,0,1.0672326654727145e-09,True,0.0
96,1000.0,connected,centered,harmonic,ones,4,4,amg0,1705,432,47.828125,1261.8947368421052,464.02945705181685,1,0.01478549999956158,0.013784400000076857,0.028569899999638437,14,0,1.2044659678743733e-10,True,1.342046388457675
96,1000.0,connected,centered,harmonic,dipole_x,4,5,amg0,1705,432,47.828125,1261.8947368421052,464.02945705181685,1,0.014234799999940151,0.012679899999966437,0.02691469999990659,13,0,2.2306808992015702e-10,True,1.342046388457675
96,1000.0,connected,centered,harmonic,dipole_x,4,6,jacobi,1705,432,47.828125,1261.8947368421052,464.02945705181685,1,6.289999964792514e-05,0.02339029999984632,0.023453199999494245,437,0,9.111122240860413e-10,True,0.0
96,1000.0,connected,centered,harmonic,dipole_y,4,7,amg0,1705,432,47.828125,1261.8947368421052,464.02945705181685,1,0.01410570000007283,0.013526499999898078,0.027632199999970908,14,0,1.2681641758073195e-10,True,1.342046388457675
128,1000.0,connected,centered,harmonic,dipole_y,0,0,amg0,1701,768,47.828125,1258.5826771653544,620.3341162692709,1,0.02313770000000659,0.02134010000008857,0.04447780000009516,14,0,2.3238354273651143e-10,True,1.3399006034788783
128,1000.0,connected,centered,harmonic,dipole_x,0,1,jacobi,1701,768,47.828125,1258.5826771653544,620.3341162692709,1,9.500000032858225e-05,0.05184170000029553,0.051936700000624114,585,0,9.431822207453842e-10,True,0.0
128,1000.0,connected,centered,harmonic,random,0,2,jacobi,1701,768,47.828125,1258.5826771653544,620.3341162692709,1,7.519999962823931e-05,0.053159299999606446,0.053234499999234686,577,0,8.785575928690151e-10,True,0.0
128,1000.0,connected,centered,harmonic,dipole_y,0,3,jacobi,1701,768,47.828125,1258.5826771653544,620.3341162692709,1,8.200000047509093e-05,0.05438199999935023,0.05446399999982532,600,0,9.533683839628798e-10,True,0.0
128,1000.0,connected,centered,harmonic,ones,0,4,jacobi,1701,768,47.828125,1258.5826771653544,620.3341162692709,1,0.00012549999973998638,0.051366499999858206,0.05149199999959819,599,0,1.5229944446563914e-09,True,0.0
128,1000.0,connected,centered,harmonic,dipole_x,0,5,amg0,1701,768,47.828125,1258.5826771653544,620.3341162692709,1,0.023772599999574595,0.021318999999493826,0.04509159999906842,14,0,1.3682968391623512e-10,True,1.3399006034788783
128,1000.0,connected,centered,harmonic,random,0,6,amg0,1701,768,47.828125,1258.5826771653544,620.3341162692709,1,0.023329499999817926,0.020573200000399083,0.04390270000021701,12,0,3.320290542057624e-10,True,1.3399006034788783
128,1000.0,connected,centered,harmonic,ones,0,7,amg0,1701,768,47.828125,1258.5826771653544,620.3341162692709,1,0.02378509999925882,0.023641699999643606,0.047426799998902425,14,0,2.750713205806338e-10,True,1.3399006034788783
128,1000.0,connected,centered,harmonic,ones,1,0,amg0,1702,768,47.828125,1258.5826771653544,620.3341162692709,1,0.023787899999661022,0.0227071999997861,0.04649509999944712,14,0,2.749734198225766e-10,True,1.3399006034788783
128,1000.0,connected,centered,harmonic,dipole_x,1,1,amg0,1702,768,47.828125,1258.5826771653544,620.3341162692709,1,0.022166499999912048,0.022708399999828544,0.04487489999974059,14,0,1.3681439800084547e-10,True,1.3399006034788783
128,1000.0,connected,centered,harmonic,ones,1,2,jacobi,1702,768,47.828125,1258.5826771653544,620.3341162692709,1,0.00012079999942216091,0.05366219999996247,0.05378299999938463,599,0,1.5229944446563914e-09,True,0.0
128,1000.0,connected,centered,harmonic,random,1,3,jacobi,1702,768,47.828125,1258.5826771653544,620.3341162692709,1,7.380000079137972e-05,0.05110370000056719,0.05117750000135857,577,0,8.785575928690151e-10,True,0.0
128,1000.0,connected,centered,harmonic,random,1,4,amg0,1702,768,47.828125,1258.5826771653544,620.3341162692709,1,0.02240590000019438,0.01912720000018453,0.04153310000037891,12,0,3.33508095517533e-10,True,1.3399006034788783
128,1000.0,connected,centered,harmonic,dipole_y,1,5,amg0,1702,768,47.828125,1258.5826771653544,620.3341162692709,1,0.02305239999986952,0.02173919999950158,0.0447915999993711,14,0,2.34053918030807e-10,True,1.3399006034788783
128,1000.0,connected,centered,harmonic,dipole_y,1,6,jacobi,1702,768,47.828125,1258.5826771653544,620.3341162692709,1,8.949999937613029e-05,0.05181119999997463,0.05190069999935076,600,0,9.533683839628798e-10,True,0.0
128,1000.0,connected,centered,harmonic,dipole_x,1,7,jacobi,1702,768,47.828125,1258.5826771653544,620.3341162692709,1,7.340000047406647e-05,0.050926100000651786,0.05099950000112585,585,0,9.431822207453842e-10,True,0.0
128,1000.0,connected,centered,harmonic,dipole_x,2,0,amg0,1703,768,47.828125,1258.5826771653544,620.3341162692709,1,0.022397699999601173,0.02291700000023411,0.045314699999835284,14,0,1.3650996315352784e-10,True,1.3399006034788783
128,1000.0,connected,centered,harmonic,ones,2,1,jacobi,1703,768,47.828125,1258.5826771653544,620.3341162692709,1,7.470000036846614e-05,0.05517110000073444,0.05524580000110291,599,0,1.5229944446563914e-09,True,0.0
128,1000.0,connected,centered,harmonic,dipole_y,2,2,jacobi,1703,768,47.828125,1258.5826771653544,620.3341162692709,1,0.0001432999997632578,0.051877300000342075,0.05202060000010533,600,0,9.533683839628798e-10,True,0.0
128,1000.0,connected,centered,harmonic,dipole_y,2,3,amg0,1703,768,47.828125,1258.5826771653544,620.3341162692709,1,0.022689899999932095,0.022483699999611417,0.04517359999954351,14,0,2.3246653115387063e-10,True,1.3399006034788783
128,1000.0,connected,centered,harmonic,random,2,4,jacobi,1703,768,47.828125,1258.5826771653544,620.3341162692709,1,7.469999945897143e-05,0.05003149999993184,0.05010619999939081,577,0,8.785575928690151e-10,True,0.0
128,1000.0,connected,centered,harmonic,dipole_x,2,5,jacobi,1703,768,47.828125,1258.5826771653544,620.3341162692709,1,7.639999967068434e-05,0.051215899999988324,0.05129229999965901,585,0,9.431822207453842e-10,True,0.0
128,1000.0,connected,centered,harmonic,ones,2,6,amg0,1703,768,47.828125,1258.5826771653544,620.3341162692709,1,0.024261099999421276,0.021190499999647727,0.045451599999069,14,0,2.6490112664419097e-10,True,1.3399006034788783
128,1000.0,connected,centered,harmonic,random,2,7,amg0,1703,768,47.828125,1258.5826771653544,620.3341162692709,1,0.022803900000326394,0.019621100000222214,0.04242500000054861,12,0,3.3202952401886065e-10,True,1.3399006034788783
128,1000.0,connected,centered,harmonic,ones,3,0,jacobi,1704,768,47.828125,1258.5826771653544,620.3341162692709,1,7.590000041091116e-05,0.05221129999972618,0.05228720000013709,599,0,1.5229944446563914e-09,True,0.0
128,1000.0,connected,centered,harmonic,random,3,1,jacobi,1704,768,47.828125,1258.5826771653544,620.3341162692709,1,0.00011089999952673679,0.05056360000071436,0.050674500000241096,577,0,8.785575928690151e-10,True,0.0
128,1000.0,connected,centered,harmonic,dipole_x,3,2,jacobi,1704,768,47.828125,1258.5826771653544,620.3341162692709,1,7.709999954386149e-05,0.05202279999957682,0.05209989999912068,585,0,9.431822207453842e-10,True,0.0
128,1000.0,connected,centered,harmonic,dipole_y,3,3,jacobi,1704,768,47.828125,1258.5826771653544,620.3341162692709,1,8.009999964997405e-05,0.05796180000015738,0.058041899999807356,600,0,9.533683839628798e-10,True,0.0
128,1000.0,connected,centered,harmonic,dipole_x,3,4,amg0,1704,768,47.828125,1258.5826771653544,620.3341162692709,1,0.02340690000073664,0.021964399999887974,0.045371300000624615,14,0,1.3680420847887968e-10,True,1.3399006034788783
128,1000.0,connected,centered,harmonic,dipole_y,3,5,amg0,1704,768,47.828125,1258.5826771653544,620.3341162692709,1,0.021549899999627087,0.02150670000082755,0.04305660000045464,14,0,2.341338612164562e-10,True,1.3399006034788783
128,1000.0,connected,centered,harmonic,ones,3,6,amg0,1704,768,47.828125,1258.5826771653544,620.3341162692709,1,0.022844500000246626,0.021636100000250735,0.04448060000049736,14,0,2.6642127218434346e-10,True,1.3399006034788783
128,1000.0,connected,centered,harmonic,random,3,7,amg0,1704,768,47.828125,1258.5826771653544,620.3341162692709,1,0.0225375999998505,0.02029679999941436,0.04283439999926486,12,0,3.3411796034014633e-10,True,1.3399006034788783
128,1000.0,connected,centered,harmonic,dipole_y,4,0,jacobi,1705,768,47.828125,1258.5826771653544,620.3341162692709,1,8.25000006443588e-05,0.055307700000412297,0.055390200001056655,600,0,9.533683839628798e-10,True,0.0
128,1000.0,connected,centered,harmonic,random,4,1,jacobi,1705,768,47.828125,1258.5826771653544,620.3341162692709,1,8.69999994392856e-05,0.05420529999992141,0.054292299999360694,577,0,8.785575928690151e-10,True,0.0
128,1000.0,connected,centered,harmonic,dipole_x,4,2,amg0,1705,768,47.828125,1258.5826771653544,620.3341162692709,1,0.03678899999977148,0.02204040000015084,0.058829399999922316,14,0,1.3736273861742642e-10,True,1.3399006034788783
128,1000.0,connected,centered,harmonic,dipole_x,4,3,jacobi,1705,768,47.828125,1258.5826771653544,620.3341162692709,1,7.610000011482043e-05,0.05078109999976732,0.05085719999988214,585,0,9.431822207453842e-10,True,0.0
128,1000.0,connected,centered,harmonic,ones,4,4,amg0,1705,768,47.828125,1258.5826771653544,620.3341162692709,1,0.022795699999733188,0.021710600000005797,0.044506299999738985,14,0,2.5905857236954036e-10,True,1.3399006034788783
128,1000.0,connected,centered,harmonic,dipole_y,4,5,amg0,1705,768,47.828125,1258.5826771653544,620.3341162692709,1,0.024019599999519414,0.022047700000257464,0.04606729999977688,14,0,2.3498874816986713e-10,True,1.3399006034788783
128,1000.0,connected,centered,harmonic,ones,4,6,jacobi,1705,768,47.828125,1258.5826771653544,620.3341162692709,1,7.610000011482043e-05,0.052169900000080816,0.052246000000195636,599,0,1.5229944446563914e-09,True,0.0
128,1000.0,connected,centered,harmonic,random,4,7,amg0,1705,768,47.828125,1258.5826771653544,620.3341162692709,1,0.022997299999587995,0.018420899999910034,0.04141819999949803,12,0,3.347917002674487e-10,True,1.3399006034788783
128,1000.0,connected,transpose,harmonic,random,0,0,amg0,1701,768,47.828125,1258.5826771653544,620.3341162692709,1,0.024218800000198826,0.01944629999979952,0.04366509999999835,12,0,3.9202572805386275e-10,True,1.3399006034788783
128,1000.0,connected,transpose,harmonic,dipole_x,0,1,amg0,1701,768,47.828125,1258.5826771653544,620.3341162692709,1,0.025604600000406208,0.02312869999968825,0.04873330000009446,14,0,1.2637713086546286e-10,True,1.3399006034788783
128,1000.0,connected,transpose,harmonic,dipole_x,0,2,jacobi,1701,768,47.828125,1258.5826771653544,620.3341162692709,1,0.00012850000075559365,0.055635800000345625,0.05576430000110122,585,0,9.44020224636713e-10,True,0.0
128,1000.0,connected,transpose,harmonic,dipole_y,0,3,amg0,1701,768,47.828125,1258.5826771653544,620.3341162692709,1,0.028212899999743968,0.020811699999285338,0.049024599999029306,13,0,8.819213949456384e-10,True,1.3399006034788783
128,1000.0,connected,transpose,harmonic,ones,0,4,amg0,1701,768,47.828125,1258.5826771653544,620.3341162692709,1,0.027419100000770413,0.022546000000147615,0.04996510000091803,14,0,2.5606426313506735e-10,True,1.3399006034788783
128,1000.0,connected,transpose,harmonic,random,0,5,jacobi,1701,768,47.828125,1258.5826771653544,620.3341162692709,1,0.0001222000000780099,0.05751999999938562,0.05764219999946363,577,0,8.787341775953878e-10,True,0.0
128,1000.0,connected,transpose,harmonic,ones,0,6,jacobi,1701,768,47.828125,1258.5826771653544,620.3341162692709,1,8.520000028511276e-05,0.05937600000015664,0.05946120000044175,599,0,1.5851765805078707e-09,True,0.0
128,1000.0,connected,transpose,harmonic,dipole_y,0,7,jacobi,1701,768,47.828125,1258.5826771653544,620.3341162692709,1,8.460000026389025e-05,0.059527699999307515,0.059612299999571405,600,0,9.544792159912905e-10,True,0.0
128,1000.0,connected,transpose,harmonic,ones,1,0,jacobi,1702,768,47.828125,1258.5826771653544,620.3341162692709,1,0.00010130000009667128,0.05619860000024346,0.05629990000034013,599,0,1.5851765805078707e-09,True,0.0
128,1000.0,connected,transpose,harmonic,random,1,1,jacobi,1702,768,47.828125,1258.5826771653544,620.3341162692709,1,9.039999986271141e-05,0.06415079999987938,0.0642411999997421,577,0,8.787341775953878e-10,True,0.0
128,1000.0,connected,transpose,harmonic,random,1,2,amg0,1702,768,47.828125,1258.5826771653544,620.3341162692709,1,0.02776709999943705,0.02234850000058941,0.05011560000002646,12,0,3.9170683870025423e-10,True,1.3399006034788783
128,1000.0,connected,transpose,harmonic,dipole_x,1,3,amg0,1702,768,47.828125,1258.5826771653544,620.3341162692709,1,0.027917700000216428,0.029668400000446127,0.057586100000662555,14,0,1.2602268966511607e-10,True,1.3399006034788783
128,1000.0,connected,transpose,harmonic,dipole_y,1,4,jacobi,1702,768,47.828125,1258.5826771653544,620.3341162692709,1,0.0001401999998051906,0.06067469999925379,0.06081489999905898,600,0,9.544792159912905e-10,True,0.0
128,1000.0,connected,transpose,harmonic,dipole_x,1,5,jacobi,1702,768,47.828125,1258.5826771653544,620.3341162692709,1,8.319999960804125e-05,0.05375610000010056,0.0538392999997086,585,0,9.44020224636713e-10,True,0.0
128,1000.0,connected,transpose,harmonic,dipole_y,1,6,amg0,1702,768,47.828125,1258.5826771653544,620.3341162692709,1,0.024816699999973935,0.022647800000413554,0.04746450000038749,13,0,8.810728474681462e-10,True,1.3399006034788783
128,1000.0,connected,transpose,harmonic,ones,1,7,amg0,1702,768,47.828125,1258.5826771653544,620.3341162692709,1,0.025166800000079093,0.02439719999983936,0.04956399999991845,14,0,2.5972459609524385e-10,True,1.3399006034788783
128,1000.0,connected,transpose,harmonic,dipole_y,2,0,jacobi,1703,768,47.828125,1258.5826771653544,620.3341162692709,1,0.00020260000019334257,0.05886300000020128,0.059065600000394625,600,0,9.544792159912905e-10,True,0.0
128,1000.0,connected,transpose,harmonic,dipole_x,2,1,amg0,1703,768,47.828125,1258.5826771653544,620.3341162692709,1,0.025908200000230863,0.023543199999949138,0.04945140000018,14,0,1.263308712847863e-10,True,1.3399006034788783
128,1000.0,connected,transpose,harmonic,random,2,2,jacobi,1703,768,47.828125,1258.5826771653544,620.3341162692709,1,0.00014970000029279618,0.052839099999800965,0.05298880000009376,577,0,8.787341775953878e-10,True,0.0
128,1000.0,connected,transpose,harmonic,dipole_y,2,3,amg0,1703,768,47.828125,1258.5826771653544,620.3341162692709,1,0.025685100000373495,0.02125510000041686,0.046940200000790355,13,0,8.813806770622868e-10,True,1.3399006034788783
128,1000.0,connected,transpose,harmonic,dipole_x,2,4,jacobi,1703,768,47.828125,1258.5826771653544,620.3341162692709,1,0.00016870000035851263,0.052804200000537094,0.052972900000895606,585,0,9.44020224636713e-10,True,0.0
128,1000.0,connected,transpose,harmonic,ones,2,5,amg0,1703,768,47.828125,1258.5826771653544,620.3341162692709,1,0.027564699999857112,0.022914500000297267,0.05047920000015438,14,0,2.6803821874760654e-10,True,1.3399006034788783
128,1000.0,connected,transpose,harmonic,ones,2,6,jacobi,1703,768,47.828125,1258.5826771653544,620.3341162692709,1,0.00012479999986680923,0.052723100000548584,0.05284790000041539,599,0,1.5851765805078707e-09,True,0.0
128,1000.0,connected,transpose,harmonic,random,2,7,amg0,1703,768,47.828125,1258.5826771653544,620.3341162692709,1,0.024264399999992747,0.018397599999843806,0.04266199999983655,12,0,3.917966668386021e-10,True,1.3399006034788783
128,1000.0,connected,transpose,harmonic,ones,3,0,amg0,1704,768,47.828125,1258.5826771653544,620.3341162692709,1,0.022468299999673036,0.021296699999766133,0.04376499999943917,14,0,2.721655367931482e-10,True,1.3399006034788783
128,1000.0,connected,transpose,harmonic,dipole_x,3,1,amg0,1704,768,47.828125,1258.5826771653544,620.3341162692709,1,0.022062699999878532,0.02193769999939832,0.04400039999927685,14,0,1.261420524099051e-10,True,1.3399006034788783
128,1000.0,connected,transpose,harmonic,dipole_y,3,2,amg0,1704,768,47.828125,1258.5826771653544,620.3341162692709,1,0.022156299999551266,0.0204448999993474,0.042601199998898664,13,0,8.803068012832845e-10,True,1.3399006034788783
128,1000.0,connected,transpose,harmonic,ones,3,3,jacobi,1704,768,47.828125,1258.5826771653544,620.3341162692709,1,0.0001340000007985509,0.05158850000043458,0.05172250000123313,599,0,1.5851765805078707e-09,True,0.0
128,1000.0,connected,transpose,harmonic,dipole_x,3,4,jacobi,1704,768,47.828125,1258.5826771653544,620.3341162692709,1,7.300000015675323e-05,0.05004400000052556,0.05011700000068231,585,0,9.44020224636713e-10,True,0.0
128,1000.0,connected,transpose,harmonic,random,3,5,amg0,1704,768,47.828125,1258.5826771653544,620.3341162692709,1,0.022658900000351423,0.018622399999912886,0.04128130000026431,12,0,3.936504940504531e-10,True,1.3399006034788783
128,1000.0,connected,transpose,harmonic,random,3,6,jacobi,1704,768,47.828125,1258.5826771653544,620.3341162692709,1,0.00011989999984507449,0.04881600000044273,0.0489359000002878,577,0,8.787341775953878e-10,True,0.0
128,1000.0,connected,transpose,harmonic,dipole_y,3,7,jacobi,1704,768,47.828125,1258.5826771653544,620.3341162692709,1,7.250000089698005e-05,0.052658700000392855,0.052731200001289835,600,0,9.544792159912905e-10,True,0.0
128,1000.0,connected,transpose,harmonic,random,4,0,amg0,1705,768,47.828125,1258.5826771653544,620.3341162692709,1,0.02627279999978782,0.020625500000278407,0.04689830000006623,12,0,3.923129953142906e-10,True,1.3399006034788783
128,1000.0,connected,transpose,harmonic,random,4,1,jacobi,1705,768,47.828125,1258.5826771653544,620.3341162692709,1,0.00013349999971978832,0.05114250000042375,0.05127600000014354,577,0,8.787341775953878e-10,True,0.0
128,1000.0,connected,transpose,harmonic,dipole_y,4,2,jacobi,1705,768,47.828125,1258.5826771653544,620.3341162692709,1,8.84000000951346e-05,0.05309269999997923,0.053181100000074366,600,0,9.544792159912905e-10,True,0.0
128,1000.0,connected,transpose,harmonic,ones,4,3,jacobi,1705,768,47.828125,1258.5826771653544,620.3341162692709,1,8.86999996509985e-05,0.0509210999998686,0.0510097999995196,599,0,1.5851765805078707e-09,True,0.0
128,1000.0,connected,transpose,harmonic,dipole_x,4,4,jacobi,1705,768,47.828125,1258.5826771653544,620.3341162692709,1,7.609999920532573e-05,0.050618000000213215,0.05069409999941854,585,0,9.44020224636713e-10,True,0.0
128,1000.0,connected,transpose,harmonic,dipole_x,4,5,amg0,1705,768,47.828125,1258.5826771653544,620.3341162692709,1,0.024482600000737875,0.021830200000295008,0.04631280000103288,14,0,1.2609182674260383e-10,True,1.3399006034788783
128,1000.0,connected,transpose,harmonic,dipole_y,4,6,amg0,1705,768,47.828125,1258.5826771653544,620.3341162692709,1,0.02379639999981009,0.02125730000079784,0.04505370000060793,13,0,8.825832463514372e-10,True,1.3399006034788783
128,1000.0,connected,transpose,harmonic,ones,4,7,amg0,1705,768,47.828125,1258.5826771653544,620.3341162692709,1,0.0228821999999127,0.023246900000231108,0.04612910000014381,14,0,2.604344201427142e-10,True,1.3399006034788783
