n,contrast,geometry,average,rhs,repeat,method,order,seed,high_nodes,mean,tv,grad,components,setup,solve,total,iterations,info,residual,accepted,levels,complexity
64,1000000.0,disconnected,harmonic,ones,1,amg0,0,732,192,46875.953125,1269840.0,615.4495956687256,2,0.008222399999795016,0.008206499999687367,0.016428899999482383,16,0,6.00671615027233e-08,True,4,1.3290638836179633
64,1000000.0,disconnected,harmonic,dipole,0,amg0,1,731,192,46875.953125,1269840.0,615.4495956687256,2,0.008328400000209513,0.007737300000371761,0.016065700000581273,16,0,6.459003075189469e-09,True,4,1.3290638836179633
64,1000000.0,disconnected,harmonic,ones,1,amg025,2,732,192,46875.953125,1269840.0,615.4495956687256,2,0.008720099999663944,0.014611300000069605,0.02333139999973355,35,0,7.184842198078436e-08,True,3,1.3134092346616066
64,1000000.0,disconnected,harmonic,random,0,jacobi,3,731,192,46875.953125,1269840.0,615.4495956687256,2,5.2600000344682485e-05,0.011984400000073947,0.01203700000041863,393,0,9.283485016951348e-09,True,0,0.0
64,1000000.0,disconnected,harmonic,dipole,0,jacobi,4,731,192,46875.953125,1269840.0,615.4495956687256,2,3.9000000469968654e-05,0.004014800000732066,0.004053800001202035,126,0,9.10830844128186e-09,True,0,0.0
64,1000000.0,disconnected,harmonic,ones,1,cg,5,732,192,46875.953125,1269840.0,615.4495956687256,2,6.000000212225132e-07,0.07951239999965765,0.07951299999967887,2754,0,7.337922108607839e-07,False,0,0.0
64,1000000.0,disconnected,harmonic,dipole,1,amg0,6,732,192,46875.953125,1269840.0,615.4495956687256,2,0.011772699999710312,0.00780890000078216,0.019581600000492472,16,0,6.712483569664559e-09,True,4,1.3290638836179633
64,1000000.0,disconnected,harmonic,random,1,cg,7,732,192,46875.953125,1269840.0,615.4495956687256,2,9.000004865811206e-07,0.12210129999948549,0.12210219999997207,4261,0,8.8321462312704e-09,True,0,0.0
64,1000000.0,disconnected,harmonic,ones,1,jacobi,8,732,192,46875.953125,1269840.0,615.4495956687256,2,4.6299999667098746e-05,0.0075421000001369976,0.007588399999804096,204,0,1.4298830930295355e-07,False,0,0.0
64,1000000.0,disconnected,harmonic,ones,0,amg0,9,731,192,46875.953125,1269840.0,615.4495956687256,2,0.010723800000050687,0.007863300000281015,0.018587100000331702,16,0,5.997860704588331e-08,True,4,1.3290638836179633
64,1000000.0,disconnected,harmonic,random,1,amg025,10,732,192,46875.953125,1269840.0,615.4495956687256,2,0.0071895999999469495,0.014136199999484234,0.021325799999431183,34,0,6.6389225783873e-09,True,3,1.3134092346616066
64,1000000.0,disconnected,harmonic,random,0,amg0,11,731,192,46875.953125,1269840.0,615.4495956687256,2,0.00859050000053685,0.007284600000275532,0.01587510000081238,15,0,3.708502161182252e-09,True,4,1.3290638836179633
64,1000000.0,disconnected,harmonic,ones,0,cg,12,731,192,46875.953125,1269840.0,615.4495956687256,2,8.999995770864189e-07,0.07808370000020659,0.07808459999978368,2754,0,7.337922108607839e-07,False,0,0.0
64,1000000.0,disconnected,harmonic,dipole,1,jacobi,13,732,192,46875.953125,1269840.0,615.4495956687256,2,4.340000032243552e-05,0.0039034999999785214,0.003946900000300957,126,0,9.10830844128186e-09,True,0,0.0
64,1000000.0,disconnected,harmonic,random,1,jacobi,14,732,192,46875.953125,1269840.0,615.4495956687256,2,3.389999983482994e-05,0.015218999999888183,0.015252899999723013,393,0,9.283485016951348e-09,True,0,0.0
64,1000000.0,disconnected,harmonic,random,0,cg,15,731,192,46875.953125,1269840.0,615.4495956687256,2,8.000006346264854e-07,0.12374909999925876,0.12374989999989339,4261,0,8.8321462312704e-09,True,0,0.0
64,1000000.0,disconnected,harmonic,random,0,amg025,16,731,192,46875.953125,1269840.0,615.4495956687256,2,0.007296699999642442,0.014557100000274659,0.0218537999999171,34,0,6.62886249002592e-09,True,3,1.3134092346616066
64,1000000.0,disconnected,harmonic,ones,0,amg025,17,731,192,46875.953125,1269840.0,615.4495956687256,2,0.0078934000002846,0.014787900000555965,0.022681300000840565,35,0,7.225139236469206e-08,True,3,1.3134092346616066
64,1000000.0,disconnected,harmonic,dipole,0,cg,18,731,192,46875.953125,1269840.0,615.4495956687256,2,1.100000190490391e-06,0.061025599999993574,0.061026700000184064,2106,0,8.37366218744511e-09,True,0,0.0
64,1000000.0,disconnected,harmonic,dipole,1,amg025,19,732,192,46875.953125,1269840.0,615.4495956687256,2,0.008071999999629043,0.014946100000088336,0.02301809999971738,35,0,1.794132672184546e-09,True,3,1.3134092346616066
64,1000000.0,disconnected,harmonic,ones,0,jacobi,20,731,192,46875.953125,1269840.0,615.4495956687256,2,3.899999956047395e-05,0.0062515999998140614,0.006290599999374535,204,0,1.4298830930295355e-07,False,0,0.0
64,1000000.0,disconnected,harmonic,dipole,0,amg025,21,731,192,46875.953125,1269840.0,615.4495956687256,2,0.007165900000472902,0.015130700000554498,0.0222966000010274,35,0,1.7436251724030266e-09,True,3,1.3134092346616066
64,1000000.0,disconnected,harmonic,dipole,1,cg,22,732,192,46875.953125,1269840.0,615.4495956687256,2,1.100000190490391e-06,0.06070679999993445,0.06070790000012494,2106,0,8.37366218744511e-09,True,0,0.0
64,1000000.0,disconnected,harmonic,random,1,amg0,23,732,192,46875.953125,1269840.0,615.4495956687256,2,0.00841500000024098,0.007575200000246696,0.015990200000487675,15,0,3.800472655757325e-09,True,4,1.3290638836179633
64,10000.0,connected,harmonic,dipole,0,cg,0,731,192,469.703125,12697.142857142857,410.2997304458171,1,9.99999429041054e-07,0.10710430000017368,0.10710529999960272,3684,0,9.263588275589398e-09,True,0,0.0
64,10000.0,connected,harmonic,ones,1,amg025,1,732,192,469.703125,12697.142857142857,410.2997304458171,1,0.007045400000606605,0.01049920000059501,0.017544600001201616,25,0,5.038844830204984e-09,True,3,1.3029728020240354
64,10000.0,connected,harmonic,dipole,1,jacobi,2,732,192,469.703125,12697.142857142857,410.2997304458171,1,4.099999932805076e-05,0.008917500000279688,0.008958499999607739,291,0,9.619221781759218e-09,True,0,0.0
64,10000.0,connected,harmonic,ones,0,amg025,3,731,192,469.703125,12697.142857142857,410.2997304458171,1,0.00693299999966257,0.010329199999432603,0.017262199999095174,25,0,4.934711079395093e-09,True,3,1.3029728020240354
64,10000.0,connected,harmonic,random,0,jacobi,4,731,192,469.703125,12697.142857142857,410.2997304458171,1,3.219999962311704e-05,0.008855299999595445,0.008887499999218562,290,0,9.48507642580556e-09,True,0,0.0
64,10000.0,connected,harmonic,dipole,0,amg0,5,731,192,469.703125,12697.142857142857,410.2997304458171,1,0.0067891999997300445,0.005751700000473647,0.012540900000203692,12,0,1.4125973190087652e-09,True,4,1.3290638836179633
64,10000.0,connected,harmonic,random,1,jacobi,6,732,192,469.703125,12697.142857142857,410.2997304458171,1,3.130000004603062e-05,0.017464499999732652,0.017495799999778683,290,0,9.48507642580556e-09,True,0,0.0
64,10000.0,connected,harmonic,ones,0,jacobi,7,731,192,469.703125,12697.142857142857,410.2997304458171,1,3.980000019510044e-05,0.010849399999642628,0.010889199999837729,296,0,9.126522441034038e-09,True,0,0.0
64,10000.0,connected,harmonic,ones,1,jacobi,8,732,192,469.703125,12697.142857142857,410.2997304458171,1,3.2300000384566374e-05,0.009043600000040897,0.009075900000425463,296,0,9.126522441034038e-09,True,0,0.0
64,10000.0,connected,harmonic,random,1,amg0,9,732,192,469.703125,12697.142857142857,410.2997304458171,1,0.0080324999998993,0.005444299999908253,0.013476799999807554,11,0,6.115448726074809e-10,True,4,1.3290638836179633
64,10000.0,connected,harmonic,random,0,amg025,10,731,192,469.703125,12697.142857142857,410.2997304458171,1,0.006787199999962468,0.010200200000326731,0.0169874000002892,24,0,6.863175499781215e-09,True,3,1.3029728020240354
64,10000.0,connected,harmonic,dipole,0,jacobi,11,731,192,469.703125,12697.142857142857,410.2997304458171,1,3.9399999877787195e-05,0.018003399999543035,0.018042799999420822,291,0,9.619221781759218e-09,True,0,0.0
64,10000.0,connected,harmonic,random,1,cg,12,732,192,469.703125,12697.142857142857,410.2997304458171,1,1.5000005078036338e-06,0.12336249999952997,0.12336400000003778,3820,0,9.383199489713535e-09,True,0,0.0
64,10000.0,connected,harmonic,random,0,cg,13,731,192,469.703125,12697.142857142857,410.2997304458171,1,7.999997251317836e-07,0.12098629999945842,0.12098709999918356,3820,0,9.383199489713535e-09,True,0,0.0
64,10000.0,connected,harmonic,random,1,amg025,14,732,192,469.703125,12697.142857142857,410.2997304458171,1,0.007484699999622535,0.010691200000110257,0.018175899999732792,24,0,7.123869082187077e-09,True,3,1.3029728020240354
64,10000.0,connected,harmonic,ones,1,amg0,15,732,192,469.703125,12697.142857142857,410.2997304458171,1,0.007767099999909988,0.00599190000048111,0.013759000000391097,12,0,1.956577727155105e-09,True,4,1.3290638836179633
64,10000.0,connected,harmonic,ones,1,cg,16,732,192,469.703125,12697.142857142857,410.2997304458171,1,1.100000190490391e-06,0.11943009999959031,0.1194311999997808,3817,0,1.1262248089381687e-08,True,0,0.0
64,10000.0,connected,harmonic,dipole,0,amg025,17,731,192,469.703125,12697.142857142857,410.2997304458171,1,0.00710720000006404,0.012391099999149446,0.019498299999213486,25,0,2.596456095448694e-09,True,3,1.3029728020240354
64,10000.0,connected,harmonic,dipole,1,amg0,18,732,192,469.703125,12697.142857142857,410.2997304458171,1,0.008369900000616326,0.006391900000380701,0.014761800000997027,12,0,1.4335435097871938e-09,True,4,1.3290638836179633
64,10000.0,connected,harmonic,dipole,1,cg,19,732,192,469.703125,12697.142857142857,410.2997304458171,1,8.999995770864189e-07,0.10862279999946622,0.10862369999904331,3684,0,9.263588275589398e-09,True,0,0.0
64,10000.0,connected,harmonic,ones,0,cg,20,731,192,469.703125,12697.142857142857,410.2997304458171,1,7.999997251317836e-07,0.12799559999984922,0.12799639999957435,3817,0,1.1262248089381687e-08,True,0,0.0
64,10000.0,connected,harmonic,dipole,1,amg025,21,732,192,469.703125,12697.142857142857,410.2997304458171,1,0.00708550000035757,0.010911100000157603,0.017996600000515173,25,0,2.6885458822172643e-09,True,3,1.3029728020240354
64,10000.0,connected,harmonic,random,0,amg0,22,731,192,469.703125,12697.142857142857,410.2997304458171,1,0.008000399999218644,0.0063916000008248375,0.014392000000043481,11,0,5.98601295667854e-10,True,4,1.3290638836179633
64,10000.0,connected,harmonic,ones,0,amg0,23,731,192,469.703125,12697.142857142857,410.2997304458171,1,0.007995899999514222,0.006398000000444881,0.014393899999959103,12,0,1.934316962431909e-09,True,4,1.3290638836179633
128,1000000.0,disconnected,arithmetic,dipole,1,cg,0,732,768,46875.953125,1259841.2598425196,1240.6682325385418,2,9.99999429041054e-07,0.6796744000002946,0.6796753999997236,8000,8000,0.00019899497465346462,False,0,0.0
128,1000000.0,disconnected,arithmetic,dipole,1,jacobi,1,732,768,46875.953125,1259841.2598425196,1240.6682325385418,2,8.179999986168696e-05,0.02533159999984491,0.0254133999997066,256,0,9.035338666289224e-09,True,0,0.0
128,1000000.0,disconnected,arithmetic,ones,0,amg0,2,731,768,46875.953125,1259841.2598425196,1240.6682325385418,2,0.022972400000071502,0.029106999999385152,0.052079399999456655,19,0,2.654127862499888e-07,False,5,1.3399006034788783
128,1000000.0,disconnected,arithmetic,ones,1,amg0,3,732,768,46875.953125,1259841.2598425196,1240.6682325385418,2,0.023079900000084308,0.03189410000049975,0.054974000000584056,19,0,2.546458293960155e-07,False,5,1.3399006034788783
128,1000000.0,disconnected,arithmetic,dipole,0,cg,4,731,768,46875.953125,1259841.2598425196,1240.6682325385418,2,1.2000000424450263e-06,0.6668853999999556,0.666886599999998,8000,8000,0.00019899497465346462,False,0,0.0
128,1000000.0,disconnected,arithmetic,random,1,amg0,5,732,768,46875.953125,1259841.2598425196,1240.6682325385418,2,0.025008200000229408,0.025426100000004226,0.050434300000233634,17,0,3.324173523705466e-09,True,5,1.3399006034788783
128,1000000.0,disconnected,arithmetic,random,1,cg,6,732,768,46875.953125,1259841.2598425196,1240.6682325385418,2,1.2999998943996616e-06,0.657999999999447,0.6580012999993414,8000,8000,0.139507466201072,False,0,0.0
128,1000000.0,disconnected,arithmetic,random,1,amg025,7,732,768,46875.953125,1259841.2598425196,1240.6682325385418,2,0.01974320000044827,0.09549990000050457,0.11524310000095284,68,0,4.595736749641064e-09,True,3,1.3313555454130535
128,1000000.0,disconnected,arithmetic,ones,1,amg025,8,732,768,46875.953125,1259841.2598425196,1240.6682325385418,2,0.022816100000454753,0.10032219999993686,0.12313830000039161,69,0,3.9403491299772045e-07,False,3,1.3313555454130535
128,1000000.0,disconnected,arithmetic,ones,0,jacobi,9,731,768,46875.953125,1259841.2598425196,1240.6682325385418,2,7.960000039020088e-05,0.035860100000718376,0.03593970000110858,432,0,8.118401708541014e-07,False,0,0.0
128,1000000.0,disconnected,arithmetic,ones,1,cg,10,732,768,46875.953125,1259841.2598425196,1240.6682325385418,2,1.100000190490391e-06,0.5995837000000392,0.5995848000002297,8000,8000,0.008764504703833434,False,0,0.0
128,1000000.0,disconnected,arithmetic,random,0,jacobi,11,731,768,46875.953125,1259841.2598425196,1240.6682325385418,2,7.749999986117473e-05,0.07941480000044976,0.07949230000031093,795,0,9.22804693687224e-09,True,0,0.0
128,1000000.0,disconnected,arithmetic,dipole,1,amg025,12,732,768,46875.953125,1259841.2598425196,1240.6682325385418,2,0.0249389999999039,0.09314780000022438,0.11808680000012828,52,0,9.146080360382807e-09,True,3,1.3313555454130535
128,1000000.0,disconnected,arithmetic,dipole,0,amg0,13,731,768,46875.953125,1259841.2598425196,1240.6682325385418,2,0.02263390000007348,0.027933900000789436,0.05056780000086292,18,0,5.642395580511084e-09,True,5,1.3399006034788783
128,1000000.0,disconnected,arithmetic,random,1,jacobi,14,732,768,46875.953125,1259841.2598425196,1240.6682325385418,2,7.339999956457177e-05,0.06673249999948894,0.06680589999905351,795,0,9.22804693687224e-09,True,0,0.0
128,1000000.0,disconnected,arithmetic,dipole,0,amg025,15,731,768,46875.953125,1259841.2598425196,1240.6682325385418,2,0.023055200000271725,0.07349259999955393,0.09654779999982566,52,0,9.142608667581146e-09,True,3,1.3313555454130535
128,1000000.0,disconnected,arithmetic,dipole,0,jacobi,16,731,768,46875.953125,1259841.2598425196,1240.6682325385418,2,7.389999973383965e-05,0.02346209999996063,0.023535999999694468,256,0,9.035338666289224e-09,True,0,0.0
128,1000000.0,disconnected,arithmetic,ones,0,amg025,17,731,768,46875.953125,1259841.2598425196,1240.6682325385418,2,0.019866899999215093,0.10977379999985715,0.12964069999907224,72,0,4.263713128723988e-07,False,3,1.3313555454130535
128,1000000.0,disconnected,arithmetic,ones,1,jacobi,18,732,768,46875.953125,1259841.2598425196,1240.6682325385418,2,9.970000064640772e-05,0.045220099999824015,0.04531980000047042,432,0,8.118401708541014e-07,False,0,0.0
128,1000000.0,disconnected,arithmetic,ones,0,cg,19,731,768,46875.953125,1259841.2598425196,1240.6682325385418,2,1.2000000424450263e-06,0.6817641000006915,0.681765300000734,8000,8000,0.008764504703833434,False,0,0.0
128,1000000.0,disconnected,arithmetic,dipole,1,amg0,20,732,768,46875.953125,1259841.2598425196,1240.6682325385418,2,0.022542100000464416,0.03321390000019164,0.05575600000065606,18,0,5.510304858817445e-09,True,5,1.3399006034788783
128,1000000.0,disconnected,arithmetic,random,0,cg,21,731,768,46875.953125,1259841.2598425196,1240.6682325385418,2,1.0000003385357559e-06,0.7559737000001405,0.7559747000004791,8000,8000,0.139507466201072,False,0,0.0
128,1000000.0,disconnected,arithmetic,random,0,amg0,22,731,768,46875.953125,1259841.2598425196,1240.6682325385418,2,0.0232624999998734,0.028736899999785237,0.051999399999658635,17,0,3.379065296021039e-09,True,5,1.3399006034788783
128,1000000.0,disconnected,arithmetic,random,0,amg025,23,731,768,46875.953125,1259841.2598425196,1240.6682325385418,2,0.02051690000007511,0.10628400000041438,0.1268009000004895,68,0,4.546005547417137e-09,True,3,1.3313555454130535
64,100.0,disconnected,harmonic,random,0,jacobi,0,731,192,5.640625,125.71428571428571,205.14986522290855,2,4.400000034365803e-05,0.009365599999910046,0.009409600000253704,269,0,8.338664267900116e-09,True,0,0.0
64,100.0,disconnected,harmonic,dipole,0,amg025,1,731,192,5.640625,125.71428571428571,205.14986522290855,2,0.007580499999676249,0.010527100000217615,0.018107599999893864,24,0,4.4856007731359875e-09,True,3,1.3134092346616066
64,100.0,disconnected,harmonic,ones,0,amg0,2,731,192,5.640625,125.71428571428571,205.14986522290855,2,0.008908000000701577,0.007862800000111747,0.016770800000813324,12,0,1.594709476447065e-09,True,4,1.3290638836179633
64,100.0,disconnected,harmonic,dipole,0,amg0,3,731,192,5.640625,125.71428571428571,205.14986522290855,2,0.009026299999277398,0.006441499999709777,0.015467799998987175,12,0,9.107920898206291e-10,True,4,1.3290638836179633
64,100.0,disconnected,harmonic,random,0,amg025,4,731,192,5.640625,125.71428571428571,205.14986522290855,2,0.012400499999785097,0.010572899999715446,0.022973399999500543,24,0,4.035029512061458e-09,True,3,1.3134092346616066
64,100.0,disconnected,harmonic,dipole,1,amg0,5,732,192,5.640625,125.71428571428571,205.14986522290855,2,0.007889200000136043,0.005940500000178872,0.013829700000314915,12,0,9.35451937436955e-10,True,4,1.3290638836179633
64,100.0,disconnected,harmonic,ones,1,jacobi,6,732,192,5.640625,125.71428571428571,205.14986522290855,2,3.200000082870247e-05,0.005073899999842979,0.0051059000006716815,162,0,8.34041408610985e-09,True,0,0.0
64,100.0,disconnected,harmonic,random,1,jacobi,7,732,192,5.640625,125.71428571428571,205.14986522290855,2,2.809999932651408e-05,0.011185499999555759,0.011213599998882273,269,0,8.338664267900116e-09,True,0,0.0
64,100.0,disconnected,harmonic,random,1,amg025,8,732,192,5.640625,125.71428571428571,205.14986522290855,2,0.007464799999979732,0.013852899999619694,0.021317699999599427,24,0,4.0908418071909425e-09,True,3,1.3134092346616066
64,100.0,disconnected,harmonic,ones,1,amg0,9,732,192,5.640625,125.71428571428571,205.14986522290855,2,0.008204900000237103,0.0062917000004745205,0.014496600000711624,12,0,1.620129007949926e-09,True,4,1.3290638836179633
64,100.0,disconnected,harmonic,dipole,1,amg025,10,732,192,5.640625,125.71428571428571,205.14986522290855,2,0.007606899999700545,0.01064940000014758,0.018256299999848125,24,0,4.550697760069245e-09,True,3,1.3134092346616066
64,100.0,disconnected,harmonic,random,0,cg,11,731,192,5.640625,125.71428571428571,205.14986522290855,2,8.999995770864189e-07,0.041543799999999464,0.04154469999957655,1154,0,9.757291475230356e-09,True,0,0.0
64,100.0,disconnected,harmonic,ones,1,amg025,12,732,192,5.640625,125.71428571428571,205.14986522290855,2,0.007372099999884085,0.010725499999352905,0.01809759999923699,24,0,4.7973326706037506e-09,True,3,1.3134092346616066
64,100.0,disconnected,harmonic,ones,0,amg025,13,731,192,5.640625,125.71428571428571,205.14986522290855,2,0.007085700000061479,0.010285100000146485,0.017370800000207964,24,0,4.718256933620167e-09,True,3,1.3134092346616066
64,100.0,disconnected,harmonic,random,1,cg,14,732,192,5.640625,125.71428571428571,205.14986522290855,2,6.999998731771484e-07,0.041633400000137044,0.04163410000001022,1154,0,9.757291475230356e-09,True,0,0.0
64,100.0,disconnected,harmonic,dipole,0,jacobi,15,731,192,5.640625,125.71428571428571,205.14986522290855,2,4.619999981514411e-05,0.0037907999994786223,0.0038369999992937665,118,0,8.77646439692091e-09,True,0,0.0
64,100.0,disconnected,harmonic,ones,1,cg,16,732,192,5.640625,125.71428571428571,205.14986522290855,2,6.000000212225132e-07,0.021435399999973015,0.021435999999994237,720,0,8.462978762621486e-09,True,0,0.0
64,100.0,disconnected,harmonic,dipole,0,cg,17,731,192,5.640625,125.71428571428571,205.14986522290855,2,8.000006346264854e-07,0.022516199999699893,0.02251700000033452,636,0,8.674183503857598e-09,True,0,0.0
64,100.0,disconnected,harmonic,dipole,1,jacobi,18,732,192,5.640625,125.71428571428571,205.14986522290855,2,3.749999996216502e-05,0.003959700000450539,0.003997200000412704,118,0,8.77646439692091e-09,True,0,0.0
64,100.0,disconnected,harmonic,ones,0,jacobi,19,731,192,5.640625,125.71428571428571,205.14986522290855,2,5.4200000704440754e-05,0.00575840000055905,0.00581260000126349,162,0,8.34041408610985e-09,True,0,0.0
64,100.0,disconnected,harmonic,dipole,1,cg,20,732,192,5.640625,125.71428571428571,205.14986522290855,2,6.999998731771484e-07,0.02090150000003632,0.0209021999999095,636,0,8.674183503857598e-09,True,0,0.0
64,100.0,disconnected,harmonic,random,1,amg0,21,732,192,5.640625,125.71428571428571,205.14986522290855,2,0.008125199999994948,0.005437900000288209,0.013563100000283157,11,0,1.790502147044187e-09,True,4,1.3290638836179633
64,100.0,disconnected,harmonic,ones,0,cg,22,731,192,5.640625,125.71428571428571,205.14986522290855,2,6.999998731771484e-07,0.024359799999729148,0.024360499999602325,720,0,8.462978762621486e-09,True,0,0.0
64,100.0,disconnected,harmonic,random,0,amg0,23,731,192,5.640625,125.71428571428571,205.14986522290855,2,0.008758400000260735,0.008635400000457594,0.01739380000071833,11,0,1.7633644963624546e-09,True,4,1.3290638836179633
128,1000000.0,disconnected,harmonic,ones,1,amg0,0,732,768,46875.953125,1259841.2598425196,1240.6682325385418,2,0.021050400000603986,0.031083700000635872,0.05213410000123986,18,0,2.5635811535307874e-07,False,5,1.3399006034788783
128,1000000.0,disconnected,harmonic,random,1,cg,1,732,768,46875.953125,1259841.2598425196,1240.6682325385418,2,1.5999994502635673e-06,0.6961699999992561,0.6961715999987064,8000,8000,0.007617996049894187,False,0,0.0
128,1000000.0,disconnected,harmonic,ones,0,cg,2,731,768,46875.953125,1259841.2598425196,1240.6682325385418,2,9.000004865811206e-07,0.7158281000001807,0.7158290000006673,8000,8000,0.004066551270894127,False,0,0.0
128,1000000.0,disconnected,harmonic,ones,0,amg0,3,731,768,46875.953125,1259841.2598425196,1240.6682325385418,2,0.03439410000009957,0.03197040000031848,0.06636450000041805,18,0,2.484518261869869e-07,False,5,1.3399006034788783
128,1000000.0,disconnected,harmonic,dipole,0,amg025,4,731,768,46875.953125,1259841.2598425196,1240.6682325385418,2,0.028734600000461796,0.09150969999973313,0.12024430000019493,52,0,7.1728665016278455e-09,True,4,1.308458846797505
128,1000000.0,disconnected,harmonic,dipole,0,amg0,5,731,768,46875.953125,1259841.2598425196,1240.6682325385418,2,0.0227842000003875,0.027436399999714922,0.05022060000010242,18,0,3.2380525242136316e-09,True,5,1.3399006034788783
128,1000000.0,disconnected,harmonic,dipole,0,cg,6,731,768,46875.953125,1259841.2598425196,1240.6682325385418,2,1.0999992809956893e-06,0.6567218999998659,0.6567229999991469,8000,8000,9.441692175504444e-08,False,0,0.0
128,1000000.0,disconnected,harmonic,dipole,1,amg0,7,732,768,46875.953125,1259841.2598425196,1240.6682325385418,2,0.02139199999965058,0.027444700000160083,0.04883669999981066,18,0,3.317076590890773e-09,True,5,1.3399006034788783
128,1000000.0,disconnected,harmonic,random,0,jacobi,8,731,768,46875.953125,1259841.2598425196,1240.6682325385418,2,7.329999971261714e-05,0.06820340000012948,0.0682766999998421,777,0,1.0265603166867509e-08,True,0,0.0
128,1000000.0,disconnected,harmonic,random,0,amg025,9,731,768,46875.953125,1259841.2598425196,1240.6682325385418,2,0.023381099999824073,0.0988989000006768,0.12228000000050088,67,0,9.867901207452228e-09,True,4,1.308458846797505
128,1000000.0,disconnected,harmonic,ones,0,jacobi,10,731,768,46875.953125,1259841.2598425196,1240.6682325385418,2,7.449999975506216e-05,0.03527250000024651,0.03534700000000157,418,0,7.862901971620198e-07,False,0,0.0
128,1000000.0,disconnected,harmonic,dipole,1,cg,11,732,768,46875.953125,1259841.2598425196,1240.6682325385418,2,2.0000006770715117e-06,0.6671985000002678,0.6672005000009449,8000,8000,9.441692175504444e-08,False,0,0.0
128,1000000.0,disconnected,harmonic,random,1,amg025,12,732,768,46875.953125,1259841.2598425196,1240.6682325385418,2,0.022915200000170444,0.11223339999924065,0.1351485999994111,68,0,6.575849914148747e-09,True,4,1.308458846797505
128,1000000.0,disconnected,harmonic,ones,0,amg025,13,731,768,46875.953125,1259841.2598425196,1240.6682325385418,2,0.03624760000002425,0.10432239999954618,0.14056999999957043,68,0,3.586680275302667e-07,False,4,1.308458846797505
128,1000000.0,disconnected,harmonic,dipole,0,jacobi,14,731,768,46875.953125,1259841.2598425196,1240.6682325385418,2,7.650000043213367e-05,0.03145159999985481,0.03152810000028694,278,0,9.433798654328727e-09,True,0,0.0
128,1000000.0,disconnected,harmonic,random,0,cg,15,731,768,46875.953125,1259841.2598425196,1240.6682325385418,2,8.999995770864189e-07,0.7096457999996346,0.7096466999992117,8000,8000,0.007617996049894187,False,0,0.0
128,1000000.0,disconnected,harmonic,random,1,jacobi,16,732,768,46875.953125,1259841.2598425196,1240.6682325385418,2,7.709999954386149e-05,0.07499980000011419,0.07507689999965805,777,0,1.0265603166867509e-08,True,0,0.0
128,1000000.0,disconnected,harmonic,ones,1,cg,17,732,768,46875.953125,1259841.2598425196,1240.6682325385418,2,1.2000000424450263e-06,0.7226764999995794,0.7226776999996218,8000,8000,0.004066551270894127,False,0,0.0
128,1000000.0,disconnected,harmonic,dipole,1,amg025,18,732,768,46875.953125,1259841.2598425196,1240.6682325385418,2,0.02377390000037849,0.08484760000010283,0.10862150000048132,52,0,7.177686724492153e-09,True,4,1.308458846797505
128,1000000.0,disconnected,harmonic,random,0,amg0,19,731,768,46875.953125,1259841.2598425196,1240.6682325385418,2,0.024707000000489643,0.029278299999532464,0.05398530000002211,17,0,2.0144435854005267e-09,True,5,1.3399006034788783
128,1000000.0,disconnected,harmonic,dipole,1,jacobi,20,732,768,46875.953125,1259841.2598425196,1240.6682325385418,2,7.880000066506909e-05,0.02492510000047332,0.02500390000113839,278,0,9.433798654328727e-09,True,0,0.0
128,1000000.0,disconnected,harmonic,random,1,amg0,21,732,768,46875.953125,1259841.2598425196,1240.6682325385418,2,0.021688899999389832,0.025840599999355618,0.04752949999874545,17,0,1.9779073560520937e-09,True,5,1.3399006034788783
128,1000000.0,disconnected,harmonic,ones,1,amg025,22,732,768,46875.953125,1259841.2598425196,1240.6682325385418,2,0.03245069999957195,0.10617339999953401,0.13862409999910597,68,0,3.5697115135866117e-07,False,4,1.308458846797505
128,1000000.0,disconnected,harmonic,ones,1,jacobi,23,732,768,46875.953125,1259841.2598425196,1240.6682325385418,2,7.63000007282244e-05,0.03911510000034468,0.03919140000107291,418,0,7.862901971620198e-07,False,0,0.0
128,100.0,disconnected,harmonic,dipole,1,amg025,0,732,768,5.640625,124.7244094488189,413.55607751284737,2,0.02483810000012454,0.07633559999976569,0.10117369999989023,48,0,3.4005500085782805e-09,True,4,1.308458846797505
128,100.0,disconnected,harmonic,ones,1,amg025,1,732,768,5.640625,124.7244094488189,413.55607751284737,2,0.02410559999952966,0.07598969999980909,0.10009529999933875,48,0,4.543579723604579e-09,True,4,1.308458846797505
128,100.0,disconnected,harmonic,ones,1,jacobi,2,732,768,5.640625,124.7244094488189,413.55607751284737,2,7.510000068577938e-05,0.03301079999982903,0.03308590000051481,331,0,8.710697636684197e-09,True,0,0.0
128,100.0,disconnected,harmonic,ones,0,amg025,3,731,768,5.640625,124.7244094488189,413.55607751284737,2,0.020413299999745504,0.07473029999982828,0.09514359999957378,48,0,4.542273496036838e-09,True,4,1.308458846797505
128,100.0,disconnected,harmonic,random,0,amg0,4,731,768,5.640625,124.7244094488189,413.55607751284737,2,0.026767299999846728,0.017023899999912828,0.043791199999759556,11,0,7.3073246589606554e-09,True,5,1.3399006034788783
128,100.0,disconnected,harmonic,ones,1,cg,5,732,768,5.640625,124.7244094488189,413.55607751284737,2,1.2000000424450263e-06,0.17947439999989,0.17947559999993246,2078,0,9.445731675946368e-09,True,0,0.0
128,100.0,disconnected,harmonic,dipole,1,cg,6,732,768,5.640625,124.7244094488189,413.55607751284737,2,9.99999429041054e-07,0.16085779999957595,0.160858799999005,1810,0,9.853401592999385e-09,True,0,0.0
128,100.0,disconnected,harmonic,ones,1,amg0,7,732,768,5.640625,124.7244094488189,413.55607751284737,2,0.022788999999647785,0.022241499999836378,0.045030499999484164,13,0,2.3136379248688444e-09,True,5,1.3399006034788783
128,100.0,disconnected,harmonic,random,0,jacobi,8,731,768,5.640625,124.7244094488189,413.55607751284737,2,8.410000009462237e-05,0.0485116999998354,0.04859579999993002,541,0,9.716486686041103e-09,True,0,0.0
128,100.0,disconnected,harmonic,random,0,amg025,9,731,768,5.640625,124.7244094488189,413.55607751284737,2,0.027202199999919685,0.08539000000018859,0.11259220000010828,47,0,8.037478196461101e-09,True,4,1.308458846797505
128,100.0,disconnected,harmonic,random,1,amg025,10,732,768,5.640625,124.7244094488189,413.55607751284737,2,0.0223243000000366,0.06678370000008726,0.08910800000012387,47,0,8.047775883113275e-09,True,4,1.308458846797505
128,100.0,disconnected,harmonic,ones,0,amg0,11,731,768,5.640625,124.7244094488189,413.55607751284737,2,0.026682400000026973,0.023842700000386685,0.05052510000041366,13,0,2.3087802475386675e-09,True,5,1.3399006034788783
128,100.0,disconnected,harmonic,random,1,jacobi,12,732,768,5.640625,124.7244094488189,413.55607751284737,2,0.00010139999994862592,0.0657312000003003,0.06583260000024893,541,0,9.716486686041103e-09,True,0,0.0
128,100.0,disconnected,harmonic,dipole,0,amg0,13,731,768,5.640625,124.7244094488189,413.55607751284737,2,0.024523300000510062,0.02270700000008219,0.04723030000059225,13,0,1.6763167558459384e-09,True,5,1.3399006034788783
128,100.0,disconnected,harmonic,dipole,1,amg0,14,732,768,5.640625,124.7244094488189,413.55607751284737,2,0.023230200000398327,0.019794600000750506,0.04302480000114883,13,0,1.6801067097073984e-09,True,5,1.3399006034788783
128,100.0,disconnected,harmonic,ones,0,jacobi,15,731,768,5.640625,124.7244094488189,413.55607751284737,2,7.300000015675323e-05,0.028501900000264868,0.02857490000042162,331,0,8.710697636684197e-09,True,0,0.0
128,100.0,disconnected,harmonic,dipole,0,jacobi,16,731,768,5.640625,124.7244094488189,413.55607751284737,2,7.210000057966681e-05,0.0218470999998317,0.021919200000411365,245,0,8.979112186876454e-09,True,0,0.0
128,100.0,disconnected,harmonic,dipole,1,jacobi,17,732,768,5.640625,124.7244094488189,413.55607751284737,2,7.730000015726546e-05,0.02084880000074918,0.020926100000906445,245,0,8.979112186876454e-09,True,0,0.0
128,100.0,disconnected,harmonic,random,1,cg,18,732,768,5.640625,124.7244094488189,413.55607751284737,2,1.100000190490391e-06,0.24892189999991388,0.24892300000010437,3216,0,7.816274442323586e-09,True,0,0.0
128,100.0,disconnected,harmonic,dipole,0,cg,19,731,768,5.640625,124.7244094488189,413.55607751284737,2,1.3000008038943633e-06,0.1419885000004797,0.14198980000128358,1810,0,9.853401592999385e-09,True,0,0.0
128,100.0,disconnected,harmonic,random,1,amg0,20,732,768,5.640625,124.7244094488189,413.55607751284737,2,0.02110069999980624,0.017033600000104343,0.03813429999991058,11,0,7.321207864900862e-09,True,5,1.3399006034788783
128,100.0,disconnected,harmonic,random,0,cg,21,731,768,5.640625,124.7244094488189,413.55607751284737,2,1.0000003385357559e-06,0.2732546999995975,0.27325569999993604,3216,0,7.816274442323586e-09,True,0,0.0
128,100.0,disconnected,harmonic,ones,0,cg,22,731,768,5.640625,124.7244094488189,413.55607751284737,2,1.2000000424450263e-06,0.18192929999986518,0.18193049999990762,2078,0,9.445731675946368e-09,True,0,0.0
128,100.0,disconnected,harmonic,dipole,0,amg025,23,731,768,5.640625,124.7244094488189,413.55607751284737,2,0.020967899999959627,0.07185789999948611,0.09282579999944574,48,0,3.396522770735853e-09,True,4,1.308458846797505
128,1000000.0,connected,harmonic,ones,0,jacobi,0,731,768,46875.953125,1259841.2598425196,1240.6682325385418,1,7.310000000870787e-05,0.05793649999941408,0.05800959999942279,694,0,1.0622168920345355e-06,False,0,0.0
128,1000000.0,connected,harmonic,ones,0,amg025,1,731,768,46875.953125,1259841.2598425196,1240.6682325385418,1,0.02236910000010539,0.08849159999954281,0.1108606999996482,58,0,3.499748361270299e-07,False,4,1.3036791926568285
128,1000000.0,connected,harmonic,random,1,amg0,2,732,768,46875.953125,1259841.2598425196,1240.6682325385418,1,0.02085339999939606,0.01651380000021163,0.03736719999960769,11,0,4.213753674125525e-09,True,5,1.3399006034788783
128,1000000.0,connected,harmonic,random,0,cg,3,731,768,46875.953125,1259841.2598425196,1240.6682325385418,1,9.000004865811206e-07,0.6860346000003119,0.6860355000007985,8000,8000,0.22013855807178767,False,0,0.0
128,1000000.0,connected,harmonic,ones,1,amg0,4,732,768,46875.953125,1259841.2598425196,1240.6682325385418,1,0.024454400000649912,0.025241299999834155,0.04969570000048407,13,0,2.0760408073686722e-07,False,5,1.3399006034788783
128,1000000.0,connected,harmonic,dipole,0,amg025,5,731,768,46875.953125,1259841.2598425196,1240.6682325385418,1,0.021982899999784422,0.09917029999996885,0.12115319999975327,57,0,1.2023539886117436e-08,True,4,1.3036791926568285
128,1000000.0,connected,harmonic,ones,1,jacobi,6,732,768,46875.953125,1259841.2598425196,1240.6682325385418,1,9.88000001598266e-05,0.07141390000015235,0.07151270000031218,694,0,1.0622168920345355e-06,False,0,0.0
128,1000000.0,connected,harmonic,dipole,1,cg,7,732,768,46875.953125,1259841.2598425196,1240.6682325385418,1,7.999997251317836e-07,0.7141562000006161,0.7141570000003412,8000,8000,0.735431147800285,False,0,0.0
128,1000000.0,connected,harmonic,ones,0,amg0,8,731,768,46875.953125,1259841.2598425196,1240.6682325385418,1,0.025304200000391575,0.021336900000278547,0.04664110000067012,13,0,1.9697525410430713e-07,False,5,1.3399006034788783
128,1000000.0,connected,harmonic,random,0,jacobi,9,731,768,46875.953125,1259841.2598425196,1240.6682325385418,1,7.170000026235357e-05,0.06440949999978329,0.06448120000004565,655,0,1.0520030599343166e-08,True,0,0.0
128,1000000.0,connected,harmonic,dipole,1,amg025,10,732,768,46875.953125,1259841.2598425196,1240.6682325385418,1,0.024014200000237906,0.09050619999925402,0.11452039999949193,57,0,1.242413072670771e-08,True,4,1.3036791926568285
128,1000000.0,connected,harmonic,ones,0,cg,11,731,768,46875.953125,1259841.2598425196,1240.6682325385418,1,1.100000190490391e-06,0.7732040000000779,0.7732051000002684,8000,8000,2.769350976814608,False,0,0.0
128,1000000.0,connected,harmonic,dipole,0,jacobi,12,731,768,46875.953125,1259841.2598425196,1240.6682325385418,1,8.179999986168696e-05,0.06524050000007264,0.06532229999993433,644,0,3.2640004636624253e-08,True,0,0.0
128,1000000.0,connected,harmonic,ones,1,cg,13,732,768,46875.953125,1259841.2598425196,1240.6682325385418,1,1.100000190490391e-06,0.7130743999996412,0.7130754999998317,8000,8000,2.769350976814608,False,0,0.0
128,1000000.0,connected,harmonic,ones,1,amg025,14,732,768,46875.953125,1259841.2598425196,1240.6682325385418,1,0.02193890000035026,0.08363360000021203,0.10557250000056229,58,0,3.262167067119857e-07,False,4,1.3036791926568285
128,1000000.0,connected,harmonic,dipole,0,amg0,15,731,768,46875.953125,1259841.2598425196,1240.6682325385418,1,0.020827899999858346,0.020276999999623513,0.04110489999948186,13,0,7.164034189020183e-09,True,5,1.3399006034788783
128,1000000.0,connected,harmonic,random,1,jacobi,16,732,768,46875.953125,1259841.2598425196,1240.6682325385418,1,0.00010029999975813553,0.055180100000143284,0.05528039999990142,655,0,1.0520030599343166e-08,True,0,0.0
128,1000000.0,connected,harmonic,random,1,amg025,17,732,768,46875.953125,1259841.2598425196,1240.6682325385418,1,0.023082599999725062,0.08317209999950137,0.10625469999922643,55,0,9.22084892204682e-09,True,4,1.3036791926568285
128,1000000.0,connected,harmonic,random,1,cg,18,732,768,46875.953125,1259841.2598425196,1240.6682325385418,1,1.2000000424450263e-06,0.6426258999999845,0.642627100000027,8000,8000,0.22013855807178767,False,0,0.0
128,1000000.0,connected,harmonic,random,0,amg025,19,731,768,46875.953125,1259841.2598425196,1240.6682325385418,1,0.02284090000011929,0.09188619999986258,0.11472709999998187,55,0,9.201219689987662e-09,True,4,1.3036791926568285
128,1000000.0,connected,harmonic,random,0,amg0,20,731,768,46875.953125,1259841.2598425196,1240.6682325385418,1,0.027203999999983353,0.01748279999992519,0.044686799999908544,11,0,4.20833671410833e-09,True,5,1.3399006034788783
128,1000000.0,connected,harmonic,dipole,1,amg0,21,732,768,46875.953125,1259841.2598425196,1240.6682325385418,1,0.02052240000011807,0.019724800000403775,0.04024720000052184,13,0,7.1624136965373014e-09,True,5,1.3399006034788783
128,1000000.0,connected,harmonic,dipole,1,jacobi,22,732,768,46875.953125,1259841.2598425196,1240.6682325385418,1,7.139999979699496e-05,0.0534892999994554,0.05356069999925239,644,0,3.2640004636624253e-08,True,0,0.0
128,1000000.0,connected,harmonic,dipole,0,cg,23,731,768,46875.953125,1259841.2598425196,1240.6682325385418,1,7.999997251317836e-07,0.6322600000003149,0.63226080000004,8000,8000,0.735431147800285,False,0,0.0
128,100.0,connected,arithmetic,random,0,amg0,0,731,768,5.640625,124.7244094488189,413.55607751284737,1,0.024035800000092422,0.016648300000269955,0.04068410000036238,11,0,1.3306220311381352e-09,True,5,1.3399006034788783
128,100.0,connected,arithmetic,dipole,0,amg0,1,731,768,5.640625,124.7244094488189,413.55607751284737,1,0.02128420000008191,0.020503100000496488,0.0417873000005784,12,0,2.868543104749458e-09,True,5,1.3399006034788783
128,100.0,connected,arithmetic,dipole,0,amg025,2,731,768,5.640625,124.7244094488189,413.55607751284737,1,0.020612199999959557,0.07955499999934545,0.10016719999930501,46,0,5.992508515365303e-09,True,3,1.3271717632739997
128,100.0,connected,arithmetic,dipole,1,amg025,3,732,768,5.640625,124.7244094488189,413.55607751284737,1,0.02026769999974931,0.06859679999979562,0.08886449999954493,46,0,5.998640368028122e-09,True,3,1.3271717632739997
128,100.0,connected,arithmetic,dipole,1,amg0,4,732,768,5.640625,124.7244094488189,413.55607751284737,1,0.026091599999745085,0.032119999999849824,0.05821159999959491,12,0,2.871140303729779e-09,True,5,1.3399006034788783
128,100.0,connected,arithmetic,dipole,1,cg,5,732,768,5.640625,124.7244094488189,413.55607751284737,1,1.0000003385357559e-06,0.34492909999971744,0.344930100000056,3757,0,9.933137860834728e-09,True,0,0.0
128,100.0,connected,arithmetic,ones,0,jacobi,6,731,768,5.640625,124.7244094488189,413.55607751284737,1,7.780000032653334e-05,0.04861870000058843,0.048696500000914966,536,0,9.736675927967521e-09,True,0,0.0
128,100.0,connected,arithmetic,ones,1,amg0,7,732,768,5.640625,124.7244094488189,413.55607751284737,1,0.027742199999920558,0.018941199999972014,0.04668339999989257,12,0,4.3690630899116634e-09,True,5,1.3399006034788783
128,100.0,connected,arithmetic,ones,1,jacobi,8,732,768,5.640625,124.7244094488189,413.55607751284737,1,8.909999996831175e-05,0.04742590000023483,0.047515000000203145,536,0,9.736675927967521e-09,True,0,0.0
128,100.0,connected,arithmetic,ones,0,cg,9,731,768,5.640625,124.7244094488189,413.55607751284737,1,9.99999429041054e-07,0.3207924999996976,0.32079349999912665,3792,0,9.887048052918138e-09,True,0,0.0
128,100.0,connected,arithmetic,random,1,cg,10,732,768,5.640625,124.7244094488189,413.55607751284737,1,1.0999992809956893e-06,0.32092830000055983,0.3209293999998408,3735,0,9.446828540956e-09,True,0,0.0
128,100.0,connected,arithmetic,dipole,0,cg,11,731,768,5.640625,124.7244094488189,413.55607751284737,1,8.000006346264854e-07,0.34778109999933804,0.34778189999997267,3757,0,9.933137860834728e-09,True,0,0.0
128,100.0,connected,arithmetic,ones,0,amg0,12,731,768,5.640625,124.7244094488189,413.55607751284737,1,0.02346140000008745,0.01869619999979477,0.04215759999988222,12,0,4.3642223781611844e-09,True,5,1.3399006034788783
128,100.0,connected,arithmetic,dipole,0,jacobi,13,731,768,5.640625,124.7244094488189,413.55607751284737,1,7.510000068577938e-05,0.053309599999920465,0.053384700000606244,507,0,9.405521146200533e-09,True,0,0.0
128,100.0,connected,arithmetic,ones,0,amg025,14,731,768,5.640625,124.7244094488189,413.55607751284737,1,0.029847100000552018,0.08703150000019377,0.11687860000074579,48,0,5.741476009846024e-09,True,3,1.3271717632739997
128,100.0,connected,arithmetic,random,1,jacobi,15,732,768,5.640625,124.7244094488189,413.55607751284737,1,8.679999973537633e-05,0.04715630000009696,0.04724309999983234,517,0,9.622578747527438e-09,True,0,0.0
128,100.0,connected,arithmetic,random,1,amg025,16,732,768,5.640625,124.7244094488189,413.55607751284737,1,0.023922899999888614,0.07331020000037825,0.09723310000026686,46,0,4.464970764693424e-09,True,3,1.3271717632739997
128,100.0,connected,arithmetic,dipole,1,jacobi,17,732,768,5.640625,124.7244094488189,413.55607751284737,1,7.7699999565084e-05,0.04605360000005021,0.046131299999615294,507,0,9.405521146200533e-09,True,0,0.0
128,100.0,connected,arithmetic,ones,1,cg,18,732,768,5.640625,124.7244094488189,413.55607751284737,1,1.8999999156221747e-06,0.34070229999997537,0.340704199999891,3792,0,9.887048052918138e-09,True,0,0.0
128,100.0,connected,arithmetic,ones,1,amg025,19,732,768,5.640625,124.7244094488189,413.55607751284737,1,0.028520399999251822,0.09353439999995317,0.12205479999920499,48,0,5.748759696559419e-09,True,3,1.3271717632739997
128,100.0,connected,arithmetic,random,0,amg025,20,731,768,5.640625,124.7244094488189,413.55607751284737,1,0.025151699999696575,0.08536029999959283,0.1105119999992894,46,0,4.459155745932419e-09,True,3,1.3271717632739997
128,100.0,connected,arithmetic,random,0,cg,21,731,768,5.640625,124.7244094488189,413.55607751284737,1,1.100000190490391e-06,0.3190205999999307,0.3190217000001212,3735,0,9.446828540956e-09,True,0,0.0
128,100.0,connected,arithmetic,random,1,amg0,22,732,768,5.640625,124.7244094488189,413.55607751284737,1,0.024427599999398808,0.018030700000053912,0.04245829999945272,11,0,1.3319462365368838e-09,True,5,1.3399006034788783
128,100.0,connected,arithmetic,random,0,jacobi,23,731,768,5.640625,124.7244094488189,413.55607751284737,1,9.529999988444615e-05,0.04492339999978867,0.04501869999967312,517,0,9.622578747527438e-09,True,0,0.0
128,10000.0,disconnected,arithmetic,random,0,amg0,0,731,768,469.703125,12597.16535433071,827.1121550256947,2,0.027530699999260833,0.022859100000459875,0.05038979999972071,15,0,1.4513007304847439e-09,True,5,1.3399006034788783
128,10000.0,disconnected,arithmetic,dipole,0,amg0,1,731,768,469.703125,12597.16535433071,827.1121550256947,2,0.024400100000093516,0.024029000000155065,0.04842910000024858,16,0,2.7611058755183524e-09,True,5,1.3399006034788783
128,10000.0,disconnected,arithmetic,random,0,cg,2,731,768,469.703125,12597.16535433071,827.1121550256947,2,1.2999998943996616e-06,0.7064365999995061,0.7064378999994005,8000,8000,0.00014182061698889573,False,0,0.0
128,10000.0,disconnected,arithmetic,random,0,amg025,3,731,768,469.703125,12597.16535433071,827.1121550256947,2,0.023050400000101945,0.09608969999953842,0.11914009999964037,58,0,7.490617508332117e-09,True,3,1.3313555454130535
128,10000.0,disconnected,arithmetic,random,1,amg0,4,732,768,469.703125,12597.16535433071,827.1121550256947,2,0.023025000000416185,0.022907300000042596,0.04593230000045878,15,0,1.452127610217544e-09,True,5,1.3399006034788783
128,10000.0,disconnected,arithmetic,random,1,cg,5,732,768,469.703125,12597.16535433071,827.1121550256947,2,1.2000000424450263e-06,0.6404693000004045,0.6404705000004469,8000,8000,0.00014182061698889573,False,0,0.0
128,10000.0,disconnected,arithmetic,random,1,jacobi,6,732,768,469.703125,12597.16535433071,827.1121550256947,2,7.449999975506216e-05,0.05449709999993502,0.05457159999969008,666,0,9.848017086813585e-09,True,0,0.0
128,10000.0,disconnected,arithmetic,dipole,1,amg025,7,732,768,469.703125,12597.16535433071,827.1121550256947,2,0.02065649999985908,0.09097750000000815,0.11163399999986723,58,0,7.618909347939508e-09,True,3,1.3313555454130535
128,10000.0,disconnected,arithmetic,ones,0,amg0,8,731,768,469.703125,12597.16535433071,827.1121550256947,2,0.024131299999680778,0.02435779999996157,0.04848909999964235,16,0,5.606456398190443e-09,True,5,1.3399006034788783
128,10000.0,disconnected,arithmetic,random,0,jacobi,9,731,768,469.703125,12597.16535433071,827.1121550256947,2,9.299999965151073e-05,0.06266979999963951,0.06276279999929102,666,0,9.848017086813585e-09,True,0,0.0
128,10000.0,disconnected,arithmetic,ones,1,cg,10,732,768,469.703125,12597.16535433071,827.1121550256947,2,9.99999429041054e-07,0.7343740999995134,0.7343750999989425,7628,0,4.839412156779373e-08,True,0,0.0
128,10000.0,disconnected,arithmetic,ones,0,jacobi,11,731,768,469.703125,12597.16535433071,827.1121550256947,2,7.339999956457177e-05,0.03772650000064459,0.03779990000020916,373,0,1.3437863549632172e-08,True,0,0.0
128,10000.0,disconnected,arithmetic,ones,1,amg025,12,732,768,469.703125,12597.16535433071,827.1121550256947,2,0.02059839999947144,0.10152540000035515,0.12212379999982659,58,0,9.036791931514799e-09,True,3,1.3313555454130535
128,10000.0,disconnected,arithmetic,dipole,1,cg,13,732,768,469.703125,12597.16535433071,827.1121550256947,2,8.999995770864189e-07,0.7446006000000125,0.7446014999995896,6483,0,8.873226627594324e-09,True,0,0.0
128,10000.0,disconnected,arithmetic,dipole,1,amg0,14,732,768,469.703125,12597.16535433071,827.1121550256947,2,0.039630100000067614,0.030789000000368105,0.07041910000043572,16,0,2.7625359292730436e-09,True,5,1.3399006034788783
128,10000.0,disconnected,arithmetic,ones,0,cg,15,731,768,469.703125,12597.16535433071,827.1121550256947,2,9.000004865811206e-07,0.6798737999997684,0.679874700000255,7628,0,4.839412156779373e-08,True,0,0.0
128,10000.0,disconnected,arithmetic,dipole,1,jacobi,16,732,768,469.703125,12597.16535433071,827.1121550256947,2,7.499999992433004e-05,0.022083699999711826,0.022158699999636156,253,0,9.495251555540595e-09,True,0,0.0
128,10000.0,disconnected,arithmetic,dipole,0,amg025,17,731,768,469.703125,12597.16535433071,827.1121550256947,2,0.023109300000214716,0.11376339999969787,0.13687269999991258,58,0,7.619066186422351e-09,True,3,1.3313555454130535
128,10000.0,disconnected,arithmetic,dipole,0,cg,18,731,768,469.703125,12597.16535433071,827.1121550256947,2,1.100000190490391e-06,0.6077323999998043,0.6077334999999948,6483,0,8.873226627594324e-09,True,0,0.0
128,10000.0,disconnected,arithmetic,ones,1,jacobi,19,732,768,469.703125,12597.16535433071,827.1121550256947,2,7.49000000723754e-05,0.030647700000372424,0.0307226000004448,373,0,1.3437863549632172e-08,True,0,0.0
128,10000.0,disconnected,arithmetic,ones,1,amg0,20,732,768,469.703125,12597.16535433071,827.1121550256947,2,0.02214769999955024,0.025025199999618053,0.047172899999168294,16,0,5.855246744069902e-09,True,5,1.3399006034788783
128,10000.0,disconnected,arithmetic,dipole,0,jacobi,21,731,768,469.703125,12597.16535433071,827.1121550256947,2,8.510000043315813e-05,0.02191599999969185,0.022001100000125007,253,0,9.495251555540595e-09,True,0,0.0
128,10000.0,disconnected,arithmetic,random,1,amg025,22,732,768,469.703125,12597.16535433071,827.1121550256947,2,0.020558899999741698,0.08165919999919424,0.10221809999893594,58,0,7.492403733863742e-09,True,3,1.3313555454130535
128,10000.0,disconnected,arithmetic,ones,0,amg025,23,731,768,469.703125,12597.16535433071,827.1121550256947,2,0.02099389999966661,0.0838313999993261,0.1048252999989927,58,0,9.246460543326058e-09,True,3,1.3313555454130535
128,100.0,connected,harmonic,random,0,cg,0,731,768,5.640625,124.7244094488189,413.55607751284737,1,8.999995770864189e-07,0.2734440000003815,0.2734448999999586,3510,0,9.795502889694679e-09,True,0,0.0
128,100.0,connected,harmonic,ones,1,amg0,1,732,768,5.640625,124.7244094488189,413.55607751284737,1,0.02147410000088712,0.022533800000019255,0.044007900000906375,12,0,2.4367254530975026e-09,True,5,1.3399006034788783
128,100.0,connected,harmonic,random,0,amg025,2,731,768,5.640625,124.7244094488189,413.55607751284737,1,0.027228300000388117,0.07669869999972434,0.10392700000011246,44,0,6.156405832938718e-09,True,4,1.3036791926568285
128,100.0,connected,harmonic,ones,0,amg0,3,731,768,5.640625,124.7244094488189,413.55607751284737,1,0.024074599999948987,0.01858799999990879,0.042662599999857775,12,0,2.42206206999687e-09,True,5,1.3399006034788783
128,100.0,connected,harmonic,random,1,jacobi,4,732,768,5.640625,124.7244094488189,413.55607751284737,1,9.760000011738157e-05,0.044209899999259505,0.04430749999937689,511,0,9.422396856244489e-09,True,0,0.0
128,100.0,connected,harmonic,ones,1,cg,5,732,768,5.640625,124.7244094488189,413.55607751284737,1,1.0000003385357559e-06,0.28220319999945787,0.2822041999997964,3590,0,1.0007414141923457e-08,True,0,0.0
128,100.0,connected,harmonic,ones,0,amg025,6,731,768,5.640625,124.7244094488189,413.55607751284737,1,0.021618900000248686,0.06772270000055869,0.08934160000080738,46,0,9.394605034063909e-09,True,4,1.3036791926568285
128,100.0,connected,harmonic,ones,0,jacobi,7,731,768,5.640625,124.7244094488189,413.55607751284737,1,7.750000077066943e-05,0.05163910000010219,0.05171660000087286,532,0,9.398725460175822e-09,True,0,0.0
128,100.0,connected,harmonic,ones,0,cg,8,731,768,5.640625,124.7244094488189,413.55607751284737,1,1.2000000424450263e-06,0.31062049999945884,0.3106216999995013,3590,0,1.0007414141923457e-08,True,0,0.0
128,100.0,connected,harmonic,dipole,1,amg025,9,732,768,5.640625,124.7244094488189,413.55607751284737,1,0.02318680000007589,0.06682610000007116,0.09001290000014706,46,0,5.139924859111397e-09,True,4,1.3036791926568285
128,100.0,connected,harmonic,random,1,amg0,10,732,768,5.640625,124.7244094488189,413.55607751284737,1,0.02641070000026957,0.02891040000031353,0.0553211000005831,10,0,6.832000216747136e-09,True,5,1.3399006034788783
128,100.0,connected,harmonic,random,1,cg,11,732,768,5.640625,124.7244094488189,413.55607751284737,1,1.100000190490391e-06,0.38707499999964057,0.38707609999983106,3510,0,9.795502889694679e-09,True,0,0.0
128,100.0,connected,harmonic,dipole,0,jacobi,12,731,768,5.640625,124.7244094488189,413.55607751284737,1,7.45999996070168e-05,0.04309889999967709,0.043173499999284104,516,0,9.781319281377417e-09,True,0,0.0
128,100.0,connected,harmonic,dipole,0,amg0,13,731,768,5.640625,124.7244094488189,413.55607751284737,1,0.02836820000084117,0.02079779999985476,0.04916600000069593,12,0,2.0367812526374927e-09,True,5,1.3399006034788783
128,100.0,connected,harmonic,random,1,amg025,14,732,768,5.640625,124.7244094488189,413.55607751284737,1,0.021548700000494136,0.07044519999999466,0.09199390000048879,44,0,6.166255632366136e-09,True,4,1.3036791926568285
128,100.0,connected,harmonic,random,0,jacobi,15,731,768,5.640625,124.7244094488189,413.55607751284737,1,7.860000005166512e-05,0.05070939999950497,0.05078799999955663,511,0,9.422396856244489e-09,True,0,0.0
128,100.0,connected,harmonic,dipole,0,amg025,16,731,768,5.640625,124.7244094488189,413.55607751284737,1,0.022732699999323813,0.07462649999979476,0.09735919999911857,46,0,5.13478710564616e-09,True,4,1.3036791926568285
128,100.0,connected,harmonic,random,0,amg0,17,731,768,5.640625,124.7244094488189,413.55607751284737,1,0.025239099999453174,0.016267800000605348,0.04150690000005852,10,0,6.79619497502192e-09,True,5,1.3399006034788783
128,100.0,connected,harmonic,dipole,1,amg0,18,732,768,5.640625,124.7244094488189,413.55607751284737,1,0.024098099999719125,0.018259999999827414,0.04235809999954654,12,0,2.048113492813504e-09,True,5,1.3399006034788783
128,100.0,connected,harmonic,dipole,1,cg,19,732,768,5.640625,124.7244094488189,413.55607751284737,1,1.0000003385357559e-06,0.3114714000003005,0.311472400000639,3541,0,9.63264195500745e-09,True,0,0.0
128,100.0,connected,harmonic,dipole,0,cg,20,731,768,5.640625,124.7244094488189,413.55607751284737,1,9.99999429041054e-07,0.3115618000001632,0.31156279999959224,3541,0,9.63264195500745e-09,True,0,0.0
128,100.0,connected,harmonic,ones,1,amg025,21,732,768,5.640625,124.7244094488189,413.55607751284737,1,0.021020900000621623,0.07528300000012678,0.0963039000007484,46,0,9.401927230872573e-09,True,4,1.3036791926568285
128,100.0,connected,harmonic,dipole,1,jacobi,22,732,768,5.640625,124.7244094488189,413.55607751284737,1,7.660000028408831e-05,0.04340719999981957,0.043483800000103656,516,0,9.781319281377417e-09,True,0,0.0
128,100.0,connected,harmonic,ones,1,jacobi,23,732,768,5.640625,124.7244094488189,413.55607751284737,1,6.979999943723669e-05,0.05270419999942533,0.052773999998862564,532,0,9.398725460175822e-09,True,0,0.0
64,10000.0,disconnected,harmonic,random,0,amg0,0,731,192,469.703125,12697.142857142857,410.2997304458171,2,0.009818499999710184,0.006710700000439829,0.016529200000150013,13,0,3.985501173544256e-09,True,4,1.3290638836179633
64,10000.0,disconnected,harmonic,ones,0,amg0,1,731,192,469.703125,12697.142857142857,410.2997304458171,2,0.011405500000364555,0.008165199999893957,0.019570700000258512,14,0,6.057416015430962e-09,True,4,1.3290638836179633
64,10000.0,disconnected,harmonic,ones,1,amg025,2,732,192,469.703125,12697.142857142857,410.2997304458171,2,0.00844280000001163,0.015992300000107207,0.024435100000118837,30,0,2.415542978388282e-09,True,3,1.3134092346616066
64,10000.0,disconnected,harmonic,ones,0,amg025,3,731,192,469.703125,12697.142857142857,410.2997304458171,2,0.007791600000018661,0.013547499999731372,0.021339099999750033,30,0,2.341245424290922e-09,True,3,1.3134092346616066
64,10000.0,disconnected,harmonic,random,1,cg,4,732,192,469.703125,12697.142857142857,410.2997304458171,2,1.100000190490391e-06,0.08106899999984307,0.08107010000003356,2624,0,9.443262826902542e-09,True,0,0.0
64,10000.0,disconnected,harmonic,dipole,1,cg,5,732,192,469.703125,12697.142857142857,410.2997304458171,2,1.4000006558489986e-06,0.060128800000711635,0.060130200001367484,1407,0,8.011587465428281e-09,True,0,0.0
64,10000.0,disconnected,harmonic,ones,1,cg,6,732,192,469.703125,12697.142857142857,410.2997304458171,2,1.2000000424450263e-06,0.05927449999944656,0.05927569999948901,1677,0,1.1264887453482465e-08,True,0,0.0
64,10000.0,disconnected,harmonic,ones,0,jacobi,7,731,192,469.703125,12697.142857142857,410.2997304458171,2,4.640000042854808e-05,0.006534500000270782,0.00658090000069933,186,0,5.576432797726545e-09,True,0,0.0
64,10000.0,disconnected,harmonic,dipole,1,jacobi,8,732,192,469.703125,12697.142857142857,410.2997304458171,2,4.309999985707691e-05,0.00477610000052664,0.0048192000003837165,123,0,8.418965535796534e-09,True,0,0.0
64,10000.0,disconnected,harmonic,random,1,jacobi,9,732,192,469.703125,12697.142857142857,410.2997304458171,2,5.539999983739108e-05,0.013975600000776467,0.014031000000613858,336,0,9.307831411401557e-09,True,0,0.0
64,10000.0,disconnected,harmonic,ones,1,amg0,10,732,192,469.703125,12697.142857142857,410.2997304458171,2,0.008907100000214996,0.009721700000227429,0.018628800000442425,14,0,6.129686007616562e-09,True,4,1.3290638836179633
64,10000.0,disconnected,harmonic,dipole,0,amg025,11,731,192,469.703125,12697.142857142857,410.2997304458171,2,0.01212260000011156,0.017123399999945832,0.029246000000057393,30,0,1.9651991635312847e-09,True,3,1.3134092346616066
64,10000.0,disconnected,harmonic,dipole,1,amg0,12,732,192,469.703125,12697.142857142857,410.2997304458171,2,0.011905700000170327,0.0114597000001595,0.023365400000329828,14,0,9.463663950448384e-09,True,4,1.3290638836179633
64,10000.0,disconnected,harmonic,random,0,jacobi,13,731,192,469.703125,12697.142857142857,410.2997304458171,2,6.42000004518195e-05,0.014660599999842816,0.014724800000294636,336,0,9.307831411401557e-09,True,0,0.0
64,10000.0,disconnected,harmonic,dipole,0,amg0,14,731,192,469.703125,12697.142857142857,410.2997304458171,2,0.010849700000107987,0.009602600000107486,0.020452300000215473,14,0,9.28409742482997e-09,True,4,1.3290638836179633
64,10000.0,disconnected,harmonic,dipole,0,jacobi,15,731,192,469.703125,12697.142857142857,410.2997304458171,2,4.820000049221562e-05,0.004576100000122096,0.004624300000614312,123,0,8.418965535796534e-09,True,0,0.0
64,10000.0,disconnected,harmonic,random,1,amg0,16,732,192,469.703125,12697.142857142857,410.2997304458171,2,0.00968040000043402,0.008224200000768178,0.017904600001202198,13,0,4.0442950451539014e-09,True,4,1.3290638836179633
64,10000.0,disconnected,harmonic,random,0,cg,17,731,192,469.703125,12697.142857142857,410.2997304458171,2,1.2000000424450263e-06,0.11661559999993187,0.11661679999997432,2624,0,9.443262826902542e-09,True,0,0.0
64,10000.0,disconnected,harmonic,ones,0,cg,18,731,192,469.703125,12697.142857142857,410.2997304458171,2,1.2999998943996616e-06,0.07282820000000356,0.07282949999989796,1677,0,1.1264887453482465e-08,True,0,0.0
64,10000.0,disconnected,harmonic,random,0,amg025,19,731,192,469.703125,12697.142857142857,410.2997304458171,2,0.008545899999262474,0.01741740000034042,0.025963299999602896,29,0,5.287784599034633e-09,True,3,1.3134092346616066
64,10000.0,disconnected,harmonic,dipole,1,amg025,20,732,192,469.703125,12697.142857142857,410.2997304458171,2,0.012802199999896402,0.015262799999618437,0.02806499999951484,30,0,1.9853060647370916e-09,True,3,1.3134092346616066
64,10000.0,disconnected,harmonic,ones,1,jacobi,21,732,192,469.703125,12697.142857142857,410.2997304458171,2,4.55999997939216e-05,0.006722699999954784,0.006768299999748706,186,0,5.576432797726545e-09,True,0,0.0
64,10000.0,disconnected,harmonic,dipole,0,cg,22,731,192,469.703125,12697.142857142857,410.2997304458171,2,8.999995770864189e-07,0.05337310000049911,0.053374000000076194,1407,0,8.011587465428281e-09,True,0,0.0
64,10000.0,disconnected,harmonic,random,1,amg025,23,732,192,469.703125,12697.142857142857,410.2997304458171,2,0.007751099999950384,0.013821500000631204,0.021572600000581588,29,0,5.282327819928748e-09,True,3,1.3134092346616066
128,10000.0,disconnected,harmonic,random,1,amg0,0,732,768,469.703125,12597.16535433071,827.1121550256947,2,0.021971799999846553,0.022289900000032503,0.044261699999879056,14,0,6.326525100117365e-09,True,5,1.3399006034788783
128,10000.0,disconnected,harmonic,ones,1,amg025,1,732,768,469.703125,12597.16535433071,827.1121550256947,2,0.022922600000129023,0.08668220000072324,0.10960480000085226,58,0,8.58242093648089e-09,True,4,1.308458846797505
128,10000.0,disconnected,harmonic,dipole,1,amg0,2,732,768,469.703125,12597.16535433071,827.1121550256947,2,0.02134550000027957,0.032178700000258686,0.05352420000053826,16,0,1.6476523189874774e-09,True,5,1.3399006034788783
128,10000.0,disconnected,harmonic,random,1,amg025,3,732,768,469.703125,12597.16535433071,827.1121550256947,2,0.02816309999980149,0.12239760000011302,0.1505606999999145,57,0,8.057552914437041e-09,True,4,1.308458846797505
128,10000.0,disconnected,harmonic,random,1,jacobi,4,732,768,469.703125,12597.16535433071,827.1121550256947,2,0.00010010000005422626,0.07291449999956967,0.0730145999996239,663,0,9.402774179601426e-09,True,0,0.0
128,10000.0,disconnected,harmonic,random,0,amg0,5,731,768,469.703125,12597.16535433071,827.1121550256947,2,0.02532249999967462,0.022705999999743653,0.04802849999941827,14,0,6.240963747907048e-09,True,5,1.3399006034788783
128,10000.0,disconnected,harmonic,ones,0,jacobi,6,731,768,469.703125,12597.16535433071,827.1121550256947,2,7.849999929021578e-05,0.03408020000006218,0.03415869999935239,374,0,1.1839923086529854e-08,True,0,0.0
128,10000.0,disconnected,harmonic,ones,0,amg025,7,731,768,469.703125,12597.16535433071,827.1121550256947,2,0.028048799999851326,0.08622400000058406,0.11427280000043538,58,0,8.558105210920518e-09,True,4,1.308458846797505
128,10000.0,disconnected,harmonic,ones,1,cg,8,732,768,469.703125,12597.16535433071,827.1121550256947,2,1.2000000424450263e-06,0.5078912999997556,0.507892499999798,6418,0,4.619118445337189e-08,True,0,0.0
128,10000.0,disconnected,harmonic,dipole,0,jacobi,9,731,768,469.703125,12597.16535433071,827.1121550256947,2,7.810000079189194e-05,0.02779480000026524,0.027872900001057133,258,0,9.543102803139851e-09,True,0,0.0
128,10000.0,disconnected,harmonic,ones,0,amg0,10,731,768,469.703125,12597.16535433071,827.1121550256947,2,0.02250869999988936,0.024827200000800076,0.047335900000689435,16,0,3.913139760896314e-09,True,5,1.3399006034788783
128,10000.0,disconnected,harmonic,ones,0,cg,11,731,768,469.703125,12597.16535433071,827.1121550256947,2,1.0999992809956893e-06,0.5656222999996317,0.5656233999989126,6418,0,4.619118445337189e-08,True,0,0.0
128,10000.0,disconnected,harmonic,random,0,amg025,12,731,768,469.703125,12597.16535433071,827.1121550256947,2,0.023234100000081526,0.08032020000064222,0.10355430000072374,57,0,8.046493147189373e-09,True,4,1.308458846797505
128,10000.0,disconnected,harmonic,random,0,cg,13,731,768,469.703125,12597.16535433071,827.1121550256947,2,1.0999992809956893e-06,0.649313599999914,0.649314699999195,8000,8000,1.4321897378513642e-06,False,0,0.0
128,10000.0,disconnected,harmonic,random,1,cg,14,732,768,469.703125,12597.16535433071,827.1121550256947,2,1.2000000424450263e-06,0.6739112000004752,0.6739124000005177,8000,8000,1.4321897378513642e-06,False,0,0.0
128,10000.0,disconnected,harmonic,ones,1,jacobi,15,732,768,469.703125,12597.16535433071,827.1121550256947,2,7.93999997767969e-05,0.03038100000048871,0.03046040000026551,374,0,1.1839923086529854e-08,True,0,0.0
128,10000.0,disconnected,harmonic,dipole,0,cg,16,731,768,469.703125,12597.16535433071,827.1121550256947,2,1.99999976757681e-06,0.4713411000002452,0.4713431000000128,5426,0,6.8514030117601706e-09,True,0,0.0
128,10000.0,disconnected,harmonic,dipole,0,amg025,17,731,768,469.703125,12597.16535433071,827.1121550256947,2,0.021452200000567245,0.09697569999934785,0.1184278999999151,58,0,8.728546454774844e-09,True,4,1.308458846797505
128,10000.0,disconnected,harmonic,dipole,0,amg0,18,731,768,469.703125,12597.16535433071,827.1121550256947,2,0.026630399999703513,0.03248950000033801,0.059119900000041525,16,0,1.6208223473490335e-09,True,5,1.3399006034788783
128,10000.0,disconnected,harmonic,dipole,1,jacobi,19,732,768,469.703125,12597.16535433071,827.1121550256947,2,0.00023719999990134966,0.03405350000048202,0.03429070000038337,258,0,9.543102803139851e-09,True,0,0.0
128,10000.0,disconnected,harmonic,dipole,1,cg,20,732,768,469.703125,12597.16535433071,827.1121550256947,2,1.2000000424450263e-06,0.5380909999994401,0.5380921999994825,5426,0,6.8514030117601706e-09,True,0,0.0
128,10000.0,disconnected,harmonic,random,0,jacobi,21,731,768,469.703125,12597.16535433071,827.1121550256947,2,7.879999975557439e-05,0.06466379999983474,0.06474259999959031,663,0,9.402774179601426e-09,True,0,0.0
128,10000.0,disconnected,harmonic,ones,1,amg0,22,732,768,469.703125,12597.16535433071,827.1121550256947,2,0.025518400000692054,0.02419149999968795,0.04970990000038,16,0,4.02149124899884e-09,True,5,1.3399006034788783
128,10000.0,disconnected,harmonic,dipole,1,amg025,23,732,768,469.703125,12597.16535433071,827.1121550256947,2,0.027380700000321667,0.0876192000005176,0.11499990000083926,58,0,8.740479532935741e-09,True,4,1.308458846797505
128,10000.0,connected,arithmetic,random,0,jacobi,0,731,768,469.703125,12597.16535433071,827.1121550256947,1,7.579999964946182e-05,0.05555910000020958,0.055634899999859044,590,0,9.920240840639775e-09,True,0,0.0
128,10000.0,connected,arithmetic,random,0,amg025,1,731,768,469.703125,12597.16535433071,827.1121550256947,1,0.021196100000452134,0.07837250000011409,0.09956860000056622,52,0,5.296379324372352e-09,True,3,1.3271717632739997
128,10000.0,connected,arithmetic,dipole,0,amg0,2,731,768,469.703125,12597.16535433071,827.1121550256947,1,0.022111600000243925,0.023325500000282773,0.0454371000005267,13,0,3.4171117140117643e-09,True,5,1.3399006034788783
128,10000.0,connected,arithmetic,dipole,1,cg,3,732,768,469.703125,12597.16535433071,827.1121550256947,1,9.99999429041054e-07,0.6661096999996516,0.6661106999990807,8000,8000,0.005332950563225469,False,0,0.0
128,10000.0,connected,arithmetic,ones,1,amg025,4,732,768,469.703125,12597.16535433071,827.1121550256947,1,0.019248000000516186,0.07394310000017867,0.09319110000069486,54,0,6.108949739743341e-09,True,3,1.3271717632739997
128,10000.0,connected,arithmetic,ones,1,jacobi,5,732,768,469.703125,12597.16535433071,827.1121550256947,1,7.509999977628468e-05,0.04983339999944292,0.0499084999992192,618,0,1.4532273590968667e-08,True,0,0.0
128,10000.0,connected,arithmetic,dipole,1,jacobi,6,732,768,469.703125,12597.16535433071,827.1121550256947,1,7.31999998606625e-05,0.04942599999958475,0.04949919999944541,596,0,9.7265341880423e-09,True,0,0.0
128,10000.0,connected,arithmetic,random,1,cg,7,732,768,469.703125,12597.16535433071,827.1121550256947,1,1.100000190490391e-06,0.61230070000056,0.6123018000007505,8000,8000,0.0003602405185439428,False,0,0.0
128,10000.0,connected,arithmetic,dipole,1,amg025,8,732,768,469.703125,12597.16535433071,827.1121550256947,1,0.020230399999491055,0.07138829999985319,0.09161869999934424,52,0,8.152289343278174e-09,True,3,1.3271717632739997
128,10000.0,connected,arithmetic,ones,0,jacobi,9,731,768,469.703125,12597.16535433071,827.1121550256947,1,7.819999973435188e-05,0.05095580000033806,0.05103400000007241,618,0,1.4532273590968667e-08,True,0,0.0
128,10000.0,connected,arithmetic,random,1,amg0,10,732,768,469.703125,12597.16535433071,827.1121550256947,1,0.022395899999537505,0.017530899999655958,0.03992679999919346,11,0,6.741513800306142e-09,True,5,1.3399006034788783
128,10000.0,connected,arithmetic,ones,1,amg0,11,732,768,469.703125,12597.16535433071,827.1121550256947,1,0.02184750000014901,0.01902579999932641,0.04087329999947542,13,0,4.9546827850212515e-09,True,5,1.3399006034788783
128,10000.0,connected,arithmetic,dipole,0,cg,12,731,768,469.703125,12597.16535433071,827.1121550256947,1,1.2000000424450263e-06,0.6396019000003434,0.6396031000003859,8000,8000,0.005332950563225469,False,0,0.0
128,10000.0,connected,arithmetic,ones,0,cg,13,731,768,469.703125,12597.16535433071,827.1121550256947,1,1.2000000424450263e-06,0.723240799999985,0.7232420000000275,8000,8000,0.0014152958178436667,False,0,0.0
128,10000.0,connected,arithmetic,random,1,amg025,14,732,768,469.703125,12597.16535433071,827.1121550256947,1,0.023457799999960116,0.07704219999959605,0.10049999999955617,52,0,5.302971332214306e-09,True,3,1.3271717632739997
128,10000.0,connected,arithmetic,ones,1,cg,15,732,768,469.703125,12597.16535433071,827.1121550256947,1,1.2999998943996616e-06,0.6625426000000516,0.662543899999946,8000,8000,0.0014152958178436667,False,0,0.0
128,10000.0,connected,arithmetic,ones,0,amg025,16,731,768,469.703125,12597.16535433071,827.1121550256947,1,0.02023379999991448,0.0852601999995386,0.10549399999945308,54,0,5.971311704820143e-09,True,3,1.3271717632739997
128,10000.0,connected,arithmetic,dipole,0,jacobi,17,731,768,469.703125,12597.16535433071,827.1121550256947,1,8.179999986168696e-05,0.06001990000004298,0.06010169999990467,596,0,9.7265341880423e-09,True,0,0.0
128,10000.0,connected,arithmetic,random,1,jacobi,18,732,768,469.703125,12597.16535433071,827.1121550256947,1,8.429999979853164e-05,0.055161600000246835,0.05524590000004537,590,0,9.920240840639775e-09,True,0,0.0
128,10000.0,connected,arithmetic,ones,0,amg0,19,731,768,469.703125,12597.16535433071,827.1121550256947,1,0.022595100000216917,0.020332899999630172,0.04292799999984709,13,0,5.118120635253735e-09,True,5,1.3399006034788783
128,10000.0,connected,arithmetic,dipole,0,amg025,20,731,768,469.703125,12597.16535433071,827.1121550256947,1,0.02082220000011148,0.07876159999977972,0.0995837999998912,52,0,8.141462404564148e-09,True,3,1.3271717632739997
128,10000.0,connected,arithmetic,dipole,1,amg0,21,732,768,469.703125,12597.16535433071,827.1121550256947,1,0.026404299999740033,0.019658700000036333,0.046062999999776366,13,0,3.414187421680364e-09,True,5,1.3399006034788783
128,10000.0,connected,arithmetic,random,0,cg,22,731,768,469.703125,12597.16535433071,827.1121550256947,1,9.99999429041054e-07,0.6713128999999753,0.6713138999994044,8000,8000,0.0003602405185439428,False,0,0.0
128,10000.0,connected,arithmetic,random,0,amg0,23,731,768,469.703125,12597.16535433071,827.1121550256947,1,0.025949400000172318,0.01650950000021112,0.04245890000038344,11,0,6.744269472408554e-09,True,5,1.3399006034788783
128,10000.0,connected,harmonic,ones,1,amg025,0,732,768,469.703125,12597.16535433071,827.1121550256947,1,0.025817900000220106,0.08628549999957613,0.11210339999979624,52,0,7.70017558649554e-09,True,4,1.3036791926568285
128,10000.0,connected,harmonic,random,0,amg025,1,731,768,469.703125,12597.16535433071,827.1121550256947,1,0.02476100000058068,0.08614159999979165,0.11090260000037233,50,0,7.156713484538297e-09,True,4,1.3036791926568285
128,10000.0,connected,harmonic,random,1,amg0,2,732,768,469.703125,12597.16535433071,827.1121550256947,1,0.022921600000699982,0.021410000000287255,0.04433160000098724,11,0,4.024548790971198e-09,True,5,1.3399006034788783
128,10000.0,connected,harmonic,random,1,cg,3,732,768,469.703125,12597.16535433071,827.1121550256947,1,1.100000190490391e-06,0.73000409999986,0.7300052000000505,8000,8000,0.00017000422346301734,False,0,0.0
128,10000.0,connected,harmonic,dipole,1,cg,4,732,768,469.703125,12597.16535433071,827.1121550256947,1,1.0000003385357559e-06,0.6364009999997506,0.6364020000000892,8000,8000,0.0004850958370630913,False,0,0.0
128,10000.0,connected,harmonic,ones,1,cg,5,732,768,469.703125,12597.16535433071,827.1121550256947,1,1.0000003385357559e-06,0.613879999999881,0.6138810000002195,8000,8000,0.003419340845583013,False,0,0.0
128,10000.0,connected,harmonic,dipole,1,amg025,6,732,768,469.703125,12597.16535433071,827.1121550256947,1,0.02298109999992448,0.07364679999955115,0.09662789999947563,52,0,5.203342036523893e-09,True,4,1.3036791926568285
128,10000.0,connected,harmonic,dipole,0,amg025,7,731,768,469.703125,12597.16535433071,827.1121550256947,1,0.022098800000094343,0.09250090000023192,0.11459970000032627,52,0,5.206537893150221e-09,True,4,1.3036791926568285
128,10000.0,connected,harmonic,ones,1,jacobi,8,732,768,469.703125,12597.16535433071,827.1121550256947,1,7.93999997767969e-05,0.0495969999992667,0.0496763999990435,605,0,1.5121624580454434e-08,True,0,0.0
128,10000.0,connected,harmonic,random,1,amg025,9,732,768,469.703125,12597.16535433071,827.1121550256947,1,0.023503299999902083,0.07103699999970559,0.09454029999960767,50,0,7.161531221758028e-09,True,4,1.3036791926568285
128,10000.0,connected,harmonic,dipole,1,amg0,10,732,768,469.703125,12597.16535433071,827.1121550256947,1,0.02084859999922628,0.01992569999947591,0.04077429999870219,13,0,1.6733183522492704e-09,True,5,1.3399006034788783
128,10000.0,connected,harmonic,ones,1,amg0,11,732,768,469.703125,12597.16535433071,827.1121550256947,1,0.026278800000000047,0.019588300000577874,0.04586710000057792,13,0,2.72678552678676e-09,True,5,1.3399006034788783
128,10000.0,connected,harmonic,ones,0,jacobi,12,731,768,469.703125,12597.16535433071,827.1121550256947,1,7.409999943774892e-05,0.05459900000005291,0.05467309999949066,605,0,1.5121624580454434e-08,True,0,0.0
128,10000.0,connected,harmonic,dipole,0,cg,13,731,768,469.703125,12597.16535433071,827.1121550256947,1,1.0000003385357559e-06,0.7194828000001507,0.7194838000004893,8000,8000,0.0004850958370630913,False,0,0.0
128,10000.0,connected,harmonic,ones,0,amg025,14,731,768,469.703125,12597.16535433071,827.1121550256947,1,0.022316800000226067,0.08070140000018,0.10301820000040607,52,0,7.614674535747324e-09,True,4,1.3036791926568285
128,10000.0,connected,harmonic,random,0,jacobi,15,731,768,469.703125,12597.16535433071,827.1121550256947,1,7.579999964946182e-05,0.04833839999992051,0.04841419999956997,577,0,9.574313130884414e-09,True,0,0.0
128,10000.0,connected,harmonic,ones,0,amg0,16,731,768,469.703125,12597.16535433071,827.1121550256947,1,0.02225799999996525,0.020305699999880744,0.042563699999845994,13,0,2.775153340475609e-09,True,5,1.3399006034788783
128,10000.0,connected,harmonic,random,0,cg,17,731,768,469.703125,12597.16535433071,827.1121550256947,1,1.0000003385357559e-06,0.6698536000003514,0.66985460000069,8000,8000,0.00017000422346301734,False,0,0.0
128,10000.0,connected,harmonic,ones,0,cg,18,731,768,469.703125,12597.16535433071,827.1121550256947,1,1.0000003385357559e-06,0.6645762999996805,0.664577300000019,8000,8000,0.003419340845583013,False,0,0.0
128,10000.0,connected,harmonic,dipole,0,jacobi,19,731,768,469.703125,12597.16535433071,827.1121550256947,1,8.209999941755086e-05,0.051503300000149466,0.051585399999567016,591,0,8.555733645336347e-09,True,0,0.0
128,10000.0,connected,harmonic,dipole,1,jacobi,20,732,768,469.703125,12597.16535433071,827.1121550256947,1,7.60000002628658e-05,0.05129450000003999,0.051370500000302854,591,0,8.555733645336347e-09,True,0,0.0
128,10000.0,connected,harmonic,dipole,0,amg0,21,731,768,469.703125,12597.16535433071,827.1121550256947,1,0.021025799999733863,0.019269400000666792,0.040295200000400655,13,0,1.6667931779631216e-09,True,5,1.3399006034788783
128,10000.0,connected,harmonic,random,0,amg0,22,731,768,469.703125,12597.16535433071,827.1121550256947,1,0.039902100000290375,0.017470400000092923,0.0573725000003833,11,0,3.998660197099512e-09,True,5,1.3399006034788783
128,10000.0,connected,harmonic,random,1,jacobi,23,732,768,469.703125,12597.16535433071,827.1121550256947,1,7.439999990310753e-05,0.04809780000050523,0.04817220000040834,577,0,9.574313130884414e-09,True,0,0.0
64,1000000.0,connected,harmonic,ones,1,amg025,0,732,192,46875.953125,1269840.0,615.4495956687256,1,0.00748820000080741,0.012340000000222062,0.019828200001029472,28,0,6.093200135462218e-08,True,3,1.3029728020240354
64,1000000.0,connected,harmonic,random,1,amg025,1,732,192,46875.953125,1269840.0,615.4495956687256,1,0.007241700000122364,0.01120840000021417,0.018450100000336533,27,0,7.658220514218861e-09,True,3,1.3029728020240354
64,1000000.0,connected,harmonic,random,0,cg,2,731,192,46875.953125,1269840.0,615.4495956687256,1,7.999997251317836e-07,0.19115039999996952,0.19115119999969465,6548,0,7.3613715793439236e-09,True,0,0.0
64,1000000.0,connected,harmonic,random,0,amg025,3,731,192,46875.953125,1269840.0,615.4495956687256,1,0.006861500000013621,0.01105699999970966,0.01791849999972328,27,0,7.374430369639355e-09,True,3,1.3029728020240354
64,1000000.0,connected,harmonic,ones,1,jacobi,4,732,192,46875.953125,1269840.0,615.4495956687256,1,4.780000017490238e-05,0.010543000000325264,0.010590800000500167,341,0,1.649257004060751e-07,False,0,0.0
64,1000000.0,connected,harmonic,dipole,1,jacobi,5,732,192,46875.953125,1269840.0,615.4495956687256,1,3.49000001733657e-05,0.010305800000423915,0.01034070000059728,334,0,9.329012582137666e-09,True,0,0.0
64,1000000.0,connected,harmonic,ones,0,jacobi,6,731,192,46875.953125,1269840.0,615.4495956687256,1,3.5799999750452116e-05,0.010721700000431156,0.010757500000181608,341,0,1.649257004060751e-07,False,0,0.0
64,1000000.0,connected,harmonic,ones,1,amg0,7,732,192,46875.953125,1269840.0,615.4495956687256,1,0.007742900000266673,0.005811200000607641,0.013554100000874314,12,0,4.561287834859471e-08,True,4,1.3290638836179633
64,1000000.0,connected,harmonic,ones,0,amg0,8,731,192,46875.953125,1269840.0,615.4495956687256,1,0.007277099999555503,0.00577889999931358,0.013055999998869083,12,0,4.46630295230893e-08,True,4,1.3290638836179633
64,1000000.0,connected,harmonic,ones,0,amg025,9,731,192,46875.953125,1269840.0,615.4495956687256,1,0.006589000000531087,0.01142600000002858,0.018015000000559667,28,0,5.895853396319717e-08,True,3,1.3029728020240354
64,1000000.0,connected,harmonic,dipole,0,amg0,10,731,192,46875.953125,1269840.0,615.4495956687256,1,0.006770799999685551,0.005693400000382098,0.012464200000067649,12,0,2.431909796110047e-09,True,4,1.3290638836179633
64,1000000.0,connected,harmonic,dipole,0,jacobi,11,731,192,46875.953125,1269840.0,615.4495956687256,1,3.0199999855540227e-05,0.017134599999735656,0.017164799999591196,334,0,9.329012582137666e-09,True,0,0.0
64,1000000.0,connected,harmonic,random,1,amg0,12,732,192,46875.953125,1269840.0,615.4495956687256,1,0.007740900000499096,0.005391900000176975,0.01313280000067607,11,0,6.348225446122062e-10,True,4,1.3290638836179633
64,1000000.0,connected,harmonic,dipole,1,amg025,13,732,192,46875.953125,1269840.0,615.4495956687256,1,0.006693799999993644,0.011501999999381951,0.018195799999375595,28,0,3.27792163216749e-09,True,3,1.3029728020240354
64,1000000.0,connected,harmonic,random,1,cg,14,732,192,46875.953125,1269840.0,615.4495956687256,1,9.99999429041054e-07,0.19251600000006874,0.19251699999949778,6548,0,7.3613715793439236e-09,True,0,0.0
64,1000000.0,connected,harmonic,random,1,jacobi,15,732,192,46875.953125,1269840.0,615.4495956687256,1,5.030000011174707e-05,0.010764499999822874,0.010814799999934621,337,0,9.772878010870086e-09,True,0,0.0
64,1000000.0,connected,harmonic,dipole,0,amg025,16,731,192,46875.953125,1269840.0,615.4495956687256,1,0.0072871000002123765,0.011712200000147277,0.018999300000359653,28,0,3.168978828986139e-09,True,3,1.3029728020240354
64,1000000.0,connected,harmonic,dipole,1,cg,17,732,192,46875.953125,1269840.0,615.4495956687256,1,1.2000000424450263e-06,0.1846187999999529,0.18461999999999534,6300,0,3.566244702282112e-08,True,0,0.0
64,1000000.0,connected,harmonic,random,0,jacobi,18,731,192,46875.953125,1269840.0,615.4495956687256,1,5.110000074637355e-05,0.010309600000255159,0.010360700001001533,337,0,9.772878010870086e-09,True,0,0.0
64,1000000.0,connected,harmonic,ones,0,cg,19,731,192,46875.953125,1269840.0,615.4495956687256,1,6.000000212225132e-07,0.19556389999979729,0.1955644999998185,6655,0,1.1034979728795945e-06,False,0,0.0
64,1000000.0,connected,harmonic,dipole,1,amg0,20,732,192,46875.953125,1269840.0,615.4495956687256,1,0.008308899999974528,0.006306600000243634,0.014615500000218162,12,0,2.25591162297419e-09,True,4,1.3290638836179633
64,1000000.0,connected,harmonic,dipole,0,cg,21,731,192,46875.953125,1269840.0,615.4495956687256,1,1.8000000636675395e-06,0.1912916999999652,0.19129350000002887,6300,0,3.566244702282112e-08,True,0,0.0
64,1000000.0,connected,harmonic,ones,1,cg,22,732,192,46875.953125,1269840.0,615.4495956687256,1,1.2000000424450263e-06,0.193359099999725,0.19336029999976745,6655,0,1.1034979728795945e-06,False,0,0.0
64,1000000.0,connected,harmonic,random,0,amg0,23,731,192,46875.953125,1269840.0,615.4495956687256,1,0.007217000000309781,0.0055424000001949025,0.012759400000504684,11,0,6.196914901226118e-10,True,4,1.3290638836179633
64,1000000.0,disconnected,arithmetic,random,0,jacobi,0,731,192,46875.953125,1269840.0,615.4495956687256,2,4.170000011072261e-05,0.012110499999835156,0.012152199999945879,380,0,9.156220420305142e-09,True,0,0.0
64,1000000.0,disconnected,arithmetic,random,0,cg,1,731,192,46875.953125,1269840.0,615.4495956687256,2,6.999998731771484e-07,0.17809649999981048,0.17809719999968365,6100,0,8.326346260559012e-09,True,0,0.0
64,1000000.0,disconnected,arithmetic,dipole,0,jacobi,2,731,192,46875.953125,1269840.0,615.4495956687256,2,4.890000036539277e-05,0.004270100000212551,0.004319000000577944,135,0,9.230751194313987e-09,True,0,0.0
64,1000000.0,disconnected,arithmetic,ones,1,cg,3,732,192,46875.953125,1269840.0,615.4495956687256,2,1.0000003385357559e-06,0.11734350000006089,0.11734450000039942,3972,0,9.50757469842175e-07,False,0,0.0
64,1000000.0,disconnected,arithmetic,random,1,amg0,4,732,192,46875.953125,1269840.0,615.4495956687256,2,0.00780040000063309,0.007653300000129093,0.015453700000762183,16,0,5.771840348052693e-09,True,4,1.3290638836179633
64,1000000.0,disconnected,arithmetic,ones,1,amg025,5,732,192,46875.953125,1269840.0,615.4495956687256,2,0.0072921999999380205,0.015456400000402937,0.022748600000340957,35,0,6.917389490907218e-08,True,3,1.3565254058612692
64,1000000.0,disconnected,arithmetic,random,1,jacobi,6,732,192,46875.953125,1269840.0,615.4495956687256,2,4.600000011123484e-05,0.011829200000647688,0.011875200000758923,380,0,9.156220420305142e-09,True,0,0.0
64,1000000.0,disconnected,arithmetic,random,1,amg025,7,732,192,46875.953125,1269840.0,615.4495956687256,2,0.007398499999908381,0.01549570000042877,0.02289420000033715,35,0,1.6208614349704765e-09,True,3,1.3565254058612692
64,1000000.0,disconnected,arithmetic,random,0,amg025,8,731,192,46875.953125,1269840.0,615.4495956687256,2,0.006215800000063609,0.015104099999916798,0.021319899999980407,34,0,9.894244475509056e-09,True,3,1.3565254058612692
64,1000000.0,disconnected,arithmetic,ones,1,jacobi,9,732,192,46875.953125,1269840.0,615.4495956687256,2,4.2300000131945126e-05,0.0062748000000283355,0.006317100000160281,201,0,1.485933749382282e-07,False,0,0.0
64,1000000.0,disconnected,arithmetic,dipole,1,amg025,10,732,192,46875.953125,1269840.0,615.4495956687256,2,0.0075578999994831975,0.015493899999455607,0.023051799998938804,35,0,3.605806560383806e-09,True,3,1.3565254058612692
64,1000000.0,disconnected,arithmetic,dipole,1,cg,11,732,192,46875.953125,1269840.0,615.4495956687256,2,1.0000003385357559e-06,0.09039160000065749,0.09039260000099603,3031,0,8.893897593206798e-09,True,0,0.0
64,1000000.0,disconnected,arithmetic,dipole,1,amg0,12,732,192,46875.953125,1269840.0,615.4495956687256,2,0.007940799999232695,0.008378300000003946,0.01631909999923664,17,0,1.0034028359196692e-08,True,4,1.3290638836179633
64,1000000.0,disconnected,arithmetic,random,1,cg,13,732,192,46875.953125,1269840.0,615.4495956687256,2,1.2000000424450263e-06,0.19562930000029155,0.195630500000334,6100,0,8.326346260559012e-09,True,0,0.0
64,1000000.0,disconnected,arithmetic,ones,0,jacobi,14,731,192,46875.953125,1269840.0,615.4495956687256,2,4.890000036539277e-05,0.006790999999793712,0.006839900000159105,201,0,1.485933749382282e-07,False,0,0.0
64,1000000.0,disconnected,arithmetic,dipole,1,jacobi,15,732,192,46875.953125,1269840.0,615.4495956687256,2,4.1000000237545464e-05,0.0045577000000776025,0.004598700000315148,135,0,9.230751194313987e-09,True,0,0.0
64,1000000.0,disconnected,arithmetic,dipole,0,amg025,16,731,192,46875.953125,1269840.0,615.4495956687256,2,0.00650229999973817,0.019335200000568875,0.025837500000307045,35,0,3.4892274681447084e-09,True,3,1.3565254058612692
64,1000000.0,disconnected,arithmetic,ones,0,cg,17,731,192,46875.953125,1269840.0,615.4495956687256,2,1.4000006558489986e-06,0.11672229999931005,0.1167236999999659,3972,0,9.50757469842175e-07,False,0,0.0
64,1000000.0,disconnected,arithmetic,ones,0,amg025,18,731,192,46875.953125,1269840.0,615.4495956687256,2,0.006665500000053726,0.015522800000326242,0.022188300000379968,35,0,8.188586222794617e-08,True,3,1.3565254058612692
64,1000000.0,disconnected,arithmetic,ones,0,amg0,19,731,192,46875.953125,1269840.0,615.4495956687256,2,0.008309400000143796,0.008151600000019243,0.01646100000016304,17,0,6.298255677306194e-08,True,4,1.3290638836179633
64,1000000.0,disconnected,arithmetic,random,0,amg0,20,731,192,46875.953125,1269840.0,615.4495956687256,2,0.008117200000015146,0.00826009999946109,0.016377299999476236,16,0,5.694777120222713e-09,True,4,1.3290638836179633
64,1000000.0,disconnected,arithmetic,dipole,0,amg0,21,731,192,46875.953125,1269840.0,615.4495956687256,2,0.0078038999999989755,0.009311900000284368,0.017115800000283343,17,0,9.806773472765654e-09,True,4,1.3290638836179633
64,1000000.0,disconnected,arithmetic,ones,1,amg0,22,732,192,46875.953125,1269840.0,615.4495956687256,2,0.02022579999993468,0.008296699999846169,0.028522499999780848,17,0,6.049146420598749e-08,True,4,1.3290638836179633
64,1000000.0,disconnected,arithmetic,dipole,0,cg,23,731,192,46875.953125,1269840.0,615.4495956687256,2,8.999995770864189e-07,0.1078802000001815,0.10788109999975859,3031,0,8.893897593206798e-09,True,0,0.0
64,100.0,connected,harmonic,random,1,cg,0,732,192,5.640625,125.71428571428571,205.14986522290855,1,7.999997251317836e-07,0.04391409999971074,0.043914899999435875,1392,0,9.926051694634687e-09,True,0,0.0
64,100.0,connected,harmonic,random,0,amg025,1,731,192,5.640625,125.71428571428571,205.14986522290855,1,0.00683630000003177,0.009028899999975692,0.015865200000007462,21,0,8.190783821235598e-09,True,3,1.3029728020240354
64,100.0,connected,harmonic,dipole,1,amg0,2,732,192,5.640625,125.71428571428571,205.14986522290855,1,0.009910300000228744,0.005771500000264496,0.01568180000049324,11,0,1.4192047855664205e-09,True,4,1.3290638836179633
64,100.0,connected,harmonic,dipole,1,cg,3,732,192,5.640625,125.71428571428571,205.14986522290855,1,1.0000003385357559e-06,0.043711300000722986,0.04371230000106152,1355,0,9.977714669394097e-09,True,0,0.0
64,100.0,connected,harmonic,ones,1,amg0,4,732,192,5.640625,125.71428571428571,205.14986522290855,1,0.008244699999522709,0.00541720000001078,0.013661899999533489,11,0,2.2533745092451907e-09,True,4,1.3290638836179633
64,100.0,connected,harmonic,random,1,jacobi,5,732,192,5.640625,125.71428571428571,205.14986522290855,1,4.2300000131945126e-05,0.008724299999812501,0.008766599999944447,253,0,9.836769650845217e-09,True,0,0.0
64,100.0,connected,harmonic,ones,0,cg,6,731,192,5.640625,125.71428571428571,205.14986522290855,1,1.499999598308932e-06,0.0464681000003111,0.046469599999909406,1368,0,6.307639759488792e-09,True,0,0.0
64,100.0,connected,harmonic,ones,0,amg0,7,731,192,5.640625,125.71428571428571,205.14986522290855,1,0.007193000000370375,0.005426300000181072,0.012619300000551448,11,0,2.2171140937370604e-09,True,4,1.3290638836179633
64,100.0,connected,harmonic,ones,1,cg,8,732,192,5.640625,125.71428571428571,205.14986522290855,1,1.0000003385357559e-06,0.04375419999996666,0.043755200000305194,1368,0,6.307639759488792e-09,True,0,0.0
64,100.0,connected,harmonic,random,0,jacobi,9,731,192,5.640625,125.71428571428571,205.14986522290855,1,4.340000032243552e-05,0.007853500000237545,0.007896900000559981,253,0,9.836769650845217e-09,True,0,0.0
64,100.0,connected,harmonic,random,1,amg025,10,732,192,5.640625,125.71428571428571,205.14986522290855,1,0.0069554000001517124,0.008803200000329525,0.015758600000481238,21,0,8.257666752435268e-09,True,3,1.3029728020240354
64,100.0,connected,harmonic,random,1,amg0,11,732,192,5.640625,125.71428571428571,205.14986522290855,1,0.009389600000758946,0.005806500000289816,0.015196100001048762,10,0,2.4353189170898185e-09,True,4,1.3290638836179633
64,100.0,connected,harmonic,dipole,1,amg025,12,732,192,5.640625,125.71428571428571,205.14986522290855,1,0.007129999999961001,0.01258360000065295,0.01971360000061395,22,0,4.249547932194507e-09,True,3,1.3029728020240354
64,100.0,connected,harmonic,ones,1,amg025,13,732,192,5.640625,125.71428571428571,205.14986522290855,1,0.007171100000050501,0.009273599999687576,0.016444699999738077,22,0,7.720460106364445e-09,True,3,1.3029728020240354
64,100.0,connected,harmonic,dipole,0,amg0,14,731,192,5.640625,125.71428571428571,205.14986522290855,1,0.006986400000641879,0.005327100000613427,0.012313500001255306,11,0,1.4014076230552093e-09,True,4,1.3290638836179633
64,100.0,connected,harmonic,random,0,amg0,15,731,192,5.640625,125.71428571428571,205.14986522290855,1,0.0075575999999273336,0.008107399999971676,0.01566499999989901,10,0,2.3970263256743292e-09,True,4,1.3290638836179633
64,100.0,connected,harmonic,dipole,1,jacobi,16,732,192,5.640625,125.71428571428571,205.14986522290855,1,3.930000002583256e-05,0.00863130000016099,0.008670600000186823,251,0,9.219633195220573e-09,True,0,0.0
64,100.0,connected,harmonic,dipole,0,cg,17,731,192,5.640625,125.71428571428571,205.14986522290855,1,6.000000212225132e-07,0.043385099999795784,0.04338569999981701,1355,0,9.977714669394097e-09,True,0,0.0
64,100.0,connected,harmonic,ones,0,amg025,18,731,192,5.640625,125.71428571428571,205.14986522290855,1,0.007169499999690743,0.010315100000298116,0.01748459999998886,22,0,7.587618540501101e-09,True,3,1.3029728020240354
64,100.0,connected,harmonic,dipole,0,jacobi,19,731,192,5.640625,125.71428571428571,205.14986522290855,1,3.670000023703324e-05,0.008972399999947811,0.009009100000184844,251,0,9.219633195220573e-09,True,0,0.0
64,100.0,connected,harmonic,dipole,0,amg025,20,731,192,5.640625,125.71428571428571,205.14986522290855,1,0.007629500000803091,0.011971800000537769,0.01960130000134086,22,0,4.18771084766448e-09,True,3,1.3029728020240354
64,100.0,connected,harmonic,ones,0,jacobi,21,731,192,5.640625,125.71428571428571,205.14986522290855,1,4.270000044925837e-05,0.008168700000169338,0.008211400000618596,260,0,9.639393240239929e-09,True,0,0.0
64,100.0,connected,harmonic,random,0,cg,22,731,192,5.640625,125.71428571428571,205.14986522290855,1,7.999997251317836e-07,0.04281559999981255,0.04281639999953768,1392,0,9.926051694634687e-09,True,0,0.0
64,100.0,connected,harmonic,ones,1,jacobi,23,732,192,5.640625,125.71428571428571,205.14986522290855,1,4.219999937049579e-05,0.009684300000117219,0.009726499999487714,260,0,9.639393240239929e-09,True,0,0.0
128,100.0,disconnected,arithmetic,dipole,1,cg,0,732,768,5.640625,124.7244094488189,413.55607751284737,2,9.000004865811206e-07,0.16911629999958677,0.16911720000007335,1955,0,9.038225213549341e-09,True,0,0.0
128,100.0,disconnected,arithmetic,dipole,1,jacobi,1,732,768,5.640625,124.7244094488189,413.55607751284737,2,8.350000007339986e-05,0.021360400000048685,0.021443900000122085,244,0,8.939243833041359e-09,True,0,0.0
128,100.0,disconnected,arithmetic,random,1,amg0,2,732,768,5.640625,124.7244094488189,413.55607751284737,2,0.022426500000619853,0.0178912000001219,0.04031770000074175,11,0,7.675608145832006e-09,True,5,1.3399006034788783
128,100.0,disconnected,arithmetic,ones,0,jacobi,3,731,768,5.640625,124.7244094488189,413.55607751284737,2,7.390000064333435e-05,0.026752799999485433,0.026826700000128767,330,0,9.50856667174423e-09,True,0,0.0
128,100.0,disconnected,arithmetic,random,0,cg,4,731,768,5.640625,124.7244094488189,413.55607751284737,2,2.1999994714860804e-06,0.29599770000004355,0.29599989999951504,3468,0,9.338246249546821e-09,True,0,0.0
128,100.0,disconnected,arithmetic,ones,0,amg0,5,731,768,5.640625,124.7244094488189,413.55607751284737,2,0.023253199999999197,0.020117799999752606,0.0433709999997518,13,0,2.0155558258093465e-09,True,5,1.3399006034788783
128,100.0,disconnected,arithmetic,ones,1,amg0,6,732,768,5.640625,124.7244094488189,413.55607751284737,2,0.022265700000389188,0.019581599999582977,0.041847299999972165,13,0,2.0141374347761878e-09,True,5,1.3399006034788783
128,100.0,disconnected,arithmetic,ones,1,amg025,7,732,768,5.640625,124.7244094488189,413.55607751284737,2,0.01966880000054516,0.06603900000027352,0.08570780000081868,48,0,4.867501444334272e-09,True,3,1.3313555454130535
128,100.0,disconnected,arithmetic,dipole,0,cg,8,731,768,5.640625,124.7244094488189,413.55607751284737,2,1.0000003385357559e-06,0.1690625999999611,0.16906360000029963,1955,0,9.038225213549341e-09,True,0,0.0
128,100.0,disconnected,arithmetic,random,0,amg025,9,731,768,5.640625,124.7244094488189,413.55607751284737,2,0.023462300000574032,0.0730388000001767,0.09650110000075074,48,0,4.387920907339573e-09,True,3,1.3313555454130535
128,100.0,disconnected,arithmetic,random,1,amg025,10,732,768,5.640625,124.7244094488189,413.55607751284737,2,0.02622350000001461,0.06625410000015108,0.0924776000001657,48,0,4.391543976534435e-09,True,3,1.3313555454130535
128,100.0,disconnected,arithmetic,ones,0,cg,11,731,768,5.640625,124.7244094488189,413.55607751284737,2,1.100000190490391e-06,0.19167079999988346,0.19167190000007395,2247,0,9.656129800846504e-09,True,0,0.0
128,100.0,disconnected,arithmetic,ones,1,cg,12,732,768,5.640625,124.7244094488189,413.55607751284737,2,1.100000190490391e-06,0.18523450000066077,0.18523560000085126,2247,0,9.656129800846504e-09,True,0,0.0
128,100.0,disconnected,arithmetic,ones,1,jacobi,13,732,768,5.640625,124.7244094488189,413.55607751284737,2,7.609999920532573e-05,0.03030360000047949,0.030379699999684817,330,0,9.50856667174423e-09,True,0,0.0
128,100.0,disconnected,arithmetic,dipole,1,amg0,14,732,768,5.640625,124.7244094488189,413.55607751284737,2,0.02538559999993595,0.020231800000146904,0.04561740000008285,13,0,1.6310519891381635e-09,True,5,1.3399006034788783
128,100.0,disconnected,arithmetic,random,1,cg,15,732,768,5.640625,124.7244094488189,413.55607751284737,2,9.99999429041054e-07,0.3160472999998092,0.3160482999992382,3468,0,9.338246249546821e-09,True,0,0.0
128,100.0,disconnected,arithmetic,random,1,jacobi,16,732,768,5.640625,124.7244094488189,413.55607751284737,2,8.019999950192869e-05,0.043998500000270724,0.04407869999977265,539,0,9.977005427294157e-09,True,0,0.0
128,100.0,disconnected,arithmetic,dipole,0,jacobi,17,731,768,5.640625,124.7244094488189,413.55607751284737,2,7.220000043162145e-05,0.02037319999999454,0.02044540000042616,244,0,8.939243833041359e-09,True,0,0.0
128,100.0,disconnected,arithmetic,dipole,0,amg025,18,731,768,5.640625,124.7244094488189,413.55607751284737,2,0.01973230000021431,0.08491480000066076,0.10464710000087507,48,0,4.450811428840766e-09,True,3,1.3313555454130535
128,100.0,disconnected,arithmetic,random,0,amg0,19,731,768,5.640625,124.7244094488189,413.55607751284737,2,0.027259399999820744,0.018128900000192516,0.04538830000001326,11,0,7.686949146236941e-09,True,5,1.3399006034788783
128,100.0,disconnected,arithmetic,ones,0,amg025,20,731,768,5.640625,124.7244094488189,413.55607751284737,2,0.020284799999899406,0.07875359999979992,0.09903839999969932,48,0,4.8648606604226745e-09,True,3,1.3313555454130535
128,100.0,disconnected,arithmetic,random,0,jacobi,21,731,768,5.640625,124.7244094488189,413.55607751284737,2,7.9100000220933e-05,0.04816859999937151,0.04824769999959244,539,0,9.977005427294157e-09,True,0,0.0
128,100.0,disconnected,arithmetic,dipole,0,amg0,22,731,768,5.640625,124.7244094488189,413.55607751284737,2,0.022714600000654173,0.019388099999559927,0.0421027000002141,13,0,1.6334222556468403e-09,True,5,1.3399006034788783
128,100.0,disconnected,arithmetic,dipole,1,amg025,23,732,768,5.640625,124.7244094488189,413.55607751284737,2,0.020993600000110746,0.06823660000009113,0.08923020000020188,48,0,4.452696328490845e-09,True,3,1.3313555454130535
64,1000000.0,connected,arithmetic,ones,0,jacobi,0,731,192,46875.953125,1269840.0,615.4495956687256,1,5.700000019714935e-05,0.01071810000030382,0.01077510000050097,341,0,1.8295116332078966e-07,False,0,0.0
64,1000000.0,connected,arithmetic,dipole,1,jacobi,1,732,192,46875.953125,1269840.0,615.4495956687256,1,3.8299999687296804e-05,0.01016319999962434,0.010201499999311636,336,0,1.0990428765652915e-08,True,0,0.0
64,1000000.0,connected,arithmetic,random,1,amg0,2,732,192,46875.953125,1269840.0,615.4495956687256,1,0.0071842999996079016,0.005734100000154285,0.012918399999762187,11,0,4.58318995924888e-09,True,4,1.3290638836179633
64,1000000.0,connected,arithmetic,dipole,1,cg,3,732,192,46875.953125,1269840.0,615.4495956687256,1,1.100000190490391e-06,0.23359549999986484,0.23359660000005533,8000,8000,1.6796602305260472e-06,False,0,0.0
64,1000000.0,connected,arithmetic,random,1,amg025,4,732,192,46875.953125,1269840.0,615.4495956687256,1,0.007450000000062573,0.0130036000000473,0.020453600000109873,29,0,2.6177357638050972e-09,True,3,1.3464579380139152
64,1000000.0,connected,arithmetic,random,1,cg,5,732,192,46875.953125,1269840.0,615.4495956687256,1,1.100000190490391e-06,0.23618189999979222,0.2361829999999827,8000,8000,1.0681853984920162e-05,False,0,0.0
64,1000000.0,connected,arithmetic,random,1,jacobi,6,732,192,46875.953125,1269840.0,615.4495956687256,1,4.769999941345304e-05,0.010449500000504486,0.010497199999917939,337,0,8.420156442268667e-09,True,0,0.0
64,1000000.0,connected,arithmetic,random,0,amg0,7,731,192,46875.953125,1269840.0,615.4495956687256,1,0.007471599999917089,0.00557920000028389,0.01305080000020098,11,0,4.557549502186505e-09,True,4,1.3290638836179633
64,1000000.0,connected,arithmetic,ones,1,cg,8,732,192,46875.953125,1269840.0,615.4495956687256,1,9.99999429041054e-07,0.2319313999996666,0.23193239999909565,8000,8000,2.4627482641614736e-06,False,0,0.0
64,1000000.0,connected,arithmetic,ones,0,cg,9,731,192,46875.953125,1269840.0,615.4495956687256,1,1.0000003385357559e-06,0.2356726999996681,0.23567370000000665,8000,8000,2.4627482641614736e-06,False,0,0.0
64,1000000.0,connected,arithmetic,random,0,cg,10,731,192,46875.953125,1269840.0,615.4495956687256,1,8.999995770864189e-07,0.23056960000030813,0.23057049999988521,8000,8000,1.0681853984920162e-05,False,0,0.0
64,1000000.0,connected,arithmetic,ones,1,amg0,11,732,192,46875.953125,1269840.0,615.4495956687256,1,0.007313499999327178,0.006489200000032724,0.013802699999359902,13,0,4.8159048031084716e-08,True,4,1.3290638836179633
64,1000000.0,connected,arithmetic,ones,0,amg025,12,731,192,46875.953125,1269840.0,615.4495956687256,1,0.006201899999723537,0.013514499999473628,0.019716399999197165,30,0,5.28104399083613e-08,True,3,1.3464579380139152
64,1000000.0,connected,arithmetic,dipole,0,amg025,13,731,192,46875.953125,1269840.0,615.4495956687256,1,0.00656760000038048,0.013014099999963946,0.019581700000344426,29,0,4.4760210678058005e-09,True,3,1.3464579380139152
64,1000000.0,connected,arithmetic,dipole,0,cg,14,731,192,46875.953125,1269840.0,615.4495956687256,1,9.000004865811206e-07,0.2307924999995521,0.23079340000003867,8000,8000,1.6796602305260472e-06,False,0,0.0
64,1000000.0,connected,arithmetic,random,0,amg025,15,731,192,46875.953125,1269840.0,615.4495956687256,1,0.006472600000051898,0.012584000000060769,0.019056600000112667,29,0,2.579468462986402e-09,True,3,1.3464579380139152
64,1000000.0,connected,arithmetic,dipole,1,amg025,16,732,192,46875.953125,1269840.0,615.4495956687256,1,0.006943999999748485,0.013376799999605282,0.020320799999353767,29,0,4.561118763194735e-09,True,3,1.3464579380139152
64,1000000.0,connected,arithmetic,ones,1,jacobi,17,732,192,46875.953125,1269840.0,615.4495956687256,1,5.599999985861359e-05,0.010593099999823608,0.010649099999682221,341,0,1.8295116332078966e-07,False,0,0.0
64,1000000.0,connected,arithmetic,random,0,jacobi,18,731,192,46875.953125,1269840.0,615.4495956687256,1,4.399999943416333e-05,0.010214799999630486,0.01025879999906465,337,0,8.420156442268667e-09,True,0,0.0
64,1000000.0,connected,arithmetic,dipole,1,amg0,19,732,192,46875.953125,1269840.0,615.4495956687256,1,0.00751129999935074,0.0059585999997580075,0.013469899999108748,12,0,6.958383737759649e-09,True,4,1.3290638836179633
64,1000000.0,connected,arithmetic,dipole,0,amg0,20,731,192,46875.953125,1269840.0,615.4495956687256,1,0.007441900000230817,0.006205399999998917,0.013647300000229734,12,0,6.946763903134913e-09,True,4,1.3290638836179633
64,1000000.0,connected,arithmetic,ones,0,amg0,21,731,192,46875.953125,1269840.0,615.4495956687256,1,0.007664499999918917,0.006584100000509352,0.014248600000428269,13,0,5.296432118901561e-08,True,4,1.3290638836179633
64,1000000.0,connected,arithmetic,dipole,0,jacobi,22,731,192,46875.953125,1269840.0,615.4495956687256,1,4.160000025876798e-05,0.010245599999507249,0.010287199999766017,336,0,1.0990428765652915e-08,True,0,0.0
64,1000000.0,connected,arithmetic,ones,1,amg025,23,732,192,46875.953125,1269840.0,615.4495956687256,1,0.007257899999785877,0.01331309999932273,0.020570999999108608,30,0,5.7505427518860764e-08,True,3,1.3464579380139152
64,100.0,disconnected,arithmetic,ones,1,cg,0,732,192,5.640625,125.71428571428571,205.14986522290855,2,1.2999998943996616e-06,0.02514919999975973,0.02515049999965413,859,0,9.666514499200218e-09,True,0,0.0
64,100.0,disconnected,arithmetic,ones,1,amg025,1,732,192,5.640625,125.71428571428571,205.14986522290855,2,0.007646000000022468,0.011302099999738857,0.018948099999761325,25,0,2.8335823903373356e-09,True,3,1.3565254058612692
64,100.0,disconnected,arithmetic,dipole,0,amg025,2,731,192,5.640625,125.71428571428571,205.14986522290855,2,0.006345199999486795,0.01107990000036807,0.017425099999854865,25,0,2.3109374534369932e-09,True,3,1.3565254058612692
64,100.0,disconnected,arithmetic,random,0,cg,3,731,192,5.640625,125.71428571428571,205.14986522290855,2,1.2000000424450263e-06,0.04053860000021814,0.040539800000260584,1373,0,9.5631788926808e-09,True,0,0.0
64,100.0,disconnected,arithmetic,random,1,cg,4,732,192,5.640625,125.71428571428571,205.14986522290855,2,7.999997251317836e-07,0.03901930000029097,0.0390201000000161,1373,0,9.5631788926808e-09,True,0,0.0
64,100.0,disconnected,arithmetic,dipole,1,jacobi,5,732,192,5.640625,125.71428571428571,205.14986522290855,2,4.669999998441199e-05,0.0037967999996908475,0.0038434999996752595,119,0,7.864875081863196e-09,True,0,0.0
64,100.0,disconnected,arithmetic,ones,0,amg025,6,731,192,5.640625,125.71428571428571,205.14986522290855,2,0.0064961999996739905,0.011392200000045705,0.017888399999719695,25,0,2.784556864934526e-09,True,3,1.3565254058612692
64,100.0,disconnected,arithmetic,dipole,1,amg0,7,732,192,5.640625,125.71428571428571,205.14986522290855,2,0.008060699999987264,0.006047599999874365,0.014108299999861629,12,0,3.634243732288127e-09,True,4,1.3290638836179633
64,100.0,disconnected,arithmetic,dipole,0,amg0,8,731,192,5.640625,125.71428571428571,205.14986522290855,2,0.008354399999916495,0.005891900000278838,0.014246300000195333,12,0,3.586101020069597e-09,True,4,1.3290638836179633
64,100.0,disconnected,arithmetic,ones,1,amg0,9,732,192,5.640625,125.71428571428571,205.14986522290855,2,0.007994499999767868,0.0057592000002841814,0.01375370000005205,12,0,5.241988545060277e-09,True,4,1.3290638836179633
64,100.0,disconnected,arithmetic,dipole,1,cg,10,732,192,5.640625,125.71428571428571,205.14986522290855,2,8.999995770864189e-07,0.02148269999997865,0.021483599999555736,755,0,8.38244962926493e-09,True,0,0.0
64,100.0,disconnected,arithmetic,random,1,amg025,11,732,192,5.640625,125.71428571428571,205.14986522290855,2,0.007019499999842083,0.01093250000030821,0.017952000000150292,25,0,1.4428202543058656e-09,True,3,1.3565254058612692
64,100.0,disconnected,arithmetic,dipole,0,jacobi,12,731,192,5.640625,125.71428571428571,205.14986522290855,2,3.7799999518028926e-05,0.0037014999998064013,0.0037392999993244302,119,0,7.864875081863196e-09,True,0,0.0
64,100.0,disconnected,arithmetic,random,0,jacobi,13,731,192,5.640625,125.71428571428571,205.14986522290855,2,2.9200000426499173e-05,0.008122399999592744,0.008151600000019243,266,0,9.42571020838597e-09,True,0,0.0
64,100.0,disconnected,arithmetic,dipole,0,cg,14,731,192,5.640625,125.71428571428571,205.14986522290855,2,6.999998731771484e-07,0.023210199999994074,0.02321089999986725,755,0,8.38244962926493e-09,True,0,0.0
64,100.0,disconnected,arithmetic,random,1,jacobi,15,732,192,5.640625,125.71428571428571,205.14986522290855,2,5.4600000112259295e-05,0.016908099999454862,0.01696269999956712,266,0,9.42571020838597e-09,True,0,0.0
64,100.0,disconnected,arithmetic,random,1,amg0,16,732,192,5.640625,125.71428571428571,205.14986522290855,2,0.008231400000113354,0.00544629999967583,0.013677699999789183,11,0,2.5146603610576567e-09,True,4,1.3290638836179633
64,100.0,disconnected,arithmetic,dipole,1,amg025,17,732,192,5.640625,125.71428571428571,205.14986522290855,2,0.006856099999822618,0.010854299999664363,0.01771039999948698,25,0,2.3370327340624317e-09,True,3,1.3565254058612692
64,100.0,disconnected,arithmetic,ones,1,jacobi,18,732,192,5.640625,125.71428571428571,205.14986522290855,2,3.149999974993989e-05,0.004863600000135193,0.004895099999885133,158,0,9.783852246562188e-09,True,0,0.0
64,100.0,disconnected,arithmetic,ones,0,amg0,19,731,192,5.640625,125.71428571428571,205.14986522290855,2,0.011106899999504094,0.013979899999867484,0.02508679999937158,12,0,5.176162745067508e-09,True,4,1.3290638836179633
64,100.0,disconnected,arithmetic,ones,0,jacobi,20,731,192,5.640625,125.71428571428571,205.14986522290855,2,4.3000000005122274e-05,0.004951200000505196,0.004994200000510318,158,0,9.783852246562188e-09,True,0,0.0
64,100.0,disconnected,arithmetic,random,0,amg025,21,731,192,5.640625,125.71428571428571,205.14986522290855,2,0.00632690000020375,0.010928900000180874,0.017255800000384625,25,0,1.420394777204663e-09,True,3,1.3565254058612692
64,100.0,disconnected,arithmetic,random,0,amg0,22,731,192,5.640625,125.71428571428571,205.14986522290855,2,0.007978199999342905,0.005780600000434788,0.013758799999777693,11,0,2.4845715140948548e-09,True,4,1.3290638836179633
64,100.0,disconnected,arithmetic,ones,0,cg,23,731,192,5.640625,125.71428571428571,205.14986522290855,2,9.99999429041054e-07,0.026478900000256544,0.026479899999685585,859,0,9.666514499200218e-09,True,0,0.0
64,10000.0,disconnected,arithmetic,ones,0,amg0,0,731,192,469.703125,12697.142857142857,410.2997304458171,2,0.007815999999365886,0.007217299999865645,0.01503329999923153,15,0,5.6041448301269386e-09,True,4,1.3290638836179633
64,10000.0,disconnected,arithmetic,dipole,1,cg,1,732,192,469.703125,12697.142857142857,410.2997304458171,2,7.999997251317836e-07,0.06283410000014555,0.06283489999987069,1952,0,5.70445015769727e-09,True,0,0.0
64,10000.0,disconnected,arithmetic,ones,1,jacobi,2,732,192,469.703125,12697.142857142857,410.2997304458171,2,4.509999962465372e-05,0.005861699999513803,0.005906799999138457,186,0,7.233755554775558e-09,True,0,0.0
64,10000.0,disconnected,arithmetic,dipole,0,jacobi,3,731,192,469.703125,12697.142857142857,410.2997304458171,2,3.7399999200715683e-05,0.004074700000273879,0.004112099999474594,127,0,9.615827327338823e-09,True,0,0.0
64,10000.0,disconnected,arithmetic,dipole,0,amg025,4,731,192,469.703125,12697.142857142857,410.2997304458171,2,0.006522700000459736,0.013077099999463826,0.01959979999992356,30,0,3.6011736025417087e-09,True,3,1.3565254058612692
64,10000.0,disconnected,arithmetic,random,1,jacobi,5,732,192,469.703125,12697.142857142857,410.2997304458171,2,4.179999996267725e-05,0.010035899999820685,0.010077699999783363,326,0,9.744240783958577e-09,True,0,0.0
64,10000.0,disconnected,arithmetic,random,1,amg025,6,732,192,469.703125,12697.142857142857,410.2997304458171,2,0.0070925999998507905,0.013048599999819999,0.02014119999967079,30,0,2.7128513945567105e-09,True,3,1.3565254058612692
64,10000.0,disconnected,arithmetic,ones,1,amg0,7,732,192,469.703125,12697.142857142857,410.2997304458171,2,0.007916900000054738,0.007497199999306758,0.015414099999361497,15,0,5.551531271127928e-09,True,4,1.3290638836179633
64,10000.0,disconnected,arithmetic,ones,0,cg,8,731,192,469.703125,12697.142857142857,410.2997304458171,2,1.100000190490391e-06,0.06801850000010745,0.06801960000029794,2319,0,1.0719612058442396e-08,True,0,0.0
64,10000.0,disconnected,arithmetic,ones,1,amg025,9,732,192,469.703125,12697.142857142857,410.2997304458171,2,0.009437400000024354,0.013877499999580323,0.023314899999604677,31,0,2.6306183693120026e-09,True,3,1.3565254058612692
64,10000.0,disconnected,arithmetic,random,0,cg,10,731,192,469.703125,12697.142857142857,410.2997304458171,2,9.000004865811206e-07,0.11841330000061134,0.11841420000109792,3617,0,8.31830800607981e-09,True,0,0.0
64,10000.0,disconnected,arithmetic,ones,0,jacobi,11,731,192,469.703125,12697.142857142857,410.2997304458171,2,4.620000072463881e-05,0.005825700000059442,0.0058719000007840805,186,0,7.233755554775558e-09,True,0,0.0
64,10000.0,disconnected,arithmetic,dipole,1,jacobi,12,732,192,469.703125,12697.142857142857,410.2997304458171,2,3.80000001314329e-05,0.0038973999999143416,0.0039354000000457745,127,0,9.615827327338823e-09,True,0,0.0
64,10000.0,disconnected,arithmetic,dipole,0,amg0,13,731,192,469.703125,12697.142857142857,410.2997304458171,2,0.007959700000355951,0.007626799999343348,0.0155864999996993,15,0,9.675871375153464e-09,True,4,1.3290638836179633
64,10000.0,disconnected,arithmetic,random,1,amg0,14,732,192,469.703125,12697.142857142857,410.2997304458171,2,0.008082700000159093,0.006836500000645174,0.014919200000804267,14,0,2.3971877072903474e-09,True,4,1.3290638836179633
64,10000.0,disconnected,arithmetic,ones,0,amg025,15,731,192,469.703125,12697.142857142857,410.2997304458171,2,0.006460699999479402,0.013700900000003458,0.02016159999948286,31,0,2.518975409984968e-09,True,3,1.3565254058612692
64,10000.0,disconnected,arithmetic,dipole,1,amg0,16,732,192,469.703125,12697.142857142857,410.2997304458171,2,0.007758599999760918,0.007163799999943876,0.014922399999704794,15,0,9.723849122707333e-09,True,4,1.3290638836179633
64,10000.0,disconnected,arithmetic,random,0,amg025,17,731,192,469.703125,12697.142857142857,410.2997304458171,2,0.006053899999642454,0.0131693000002997,0.019223199999942153,30,0,2.641186414887696e-09,True,3,1.3565254058612692
64,10000.0,disconnected,arithmetic,random,1,cg,18,732,192,469.703125,12697.142857142857,410.2997304458171,2,1.2000000424450263e-06,0.11666759999934584,0.11666879999938828,3617,0,8.31830800607981e-09,True,0,0.0
64,10000.0,disconnected,arithmetic,dipole,0,cg,19,731,192,469.703125,12697.142857142857,410.2997304458171,2,1.2000000424450263e-06,0.062238999999863154,0.0622401999999056,1952,0,5.70445015769727e-09,True,0,0.0
64,10000.0,disconnected,arithmetic,random,0,jacobi,20,731,192,469.703125,12697.142857142857,410.2997304458171,2,5.959999998594867e-05,0.010219500000857806,0.010279100000843755,326,0,9.744240783958577e-09,True,0,0.0
64,10000.0,disconnected,arithmetic,random,0,amg0,21,731,192,469.703125,12697.142857142857,410.2997304458171,2,0.01620219999949768,0.016134800000145333,0.03233699999964301,14,0,2.3762915141395854e-09,True,4,1.3290638836179633
64,10000.0,disconnected,arithmetic,ones,1,cg,22,732,192,469.703125,12697.142857142857,410.2997304458171,2,1.2000000424450263e-06,0.06747460000042338,0.06747580000046582,2319,0,1.0719612058442396e-08,True,0,0.0
64,10000.0,disconnected,arithmetic,dipole,1,amg025,23,732,192,469.703125,12697.142857142857,410.2997304458171,2,0.007436400000187859,0.01378740000018297,0.02122380000037083,30,0,3.6559331731208764e-09,True,3,1.3565254058612692
64,10000.0,connected,arithmetic,dipole,0,amg0,0,731,192,469.703125,12697.142857142857,410.2997304458171,1,0.007022199999482837,0.005891399999200075,0.012913599998682912,12,0,6.285363758782387e-09,True,4,1.3290638836179633
64,10000.0,connected,arithmetic,random,1,amg025,1,732,192,469.703125,12697.142857142857,410.2997304458171,1,0.011206500000298547,0.020784299999832,0.03199080000013055,26,0,5.15414845778927e-09,True,3,1.3464579380139152
64,10000.0,connected,arithmetic,random,1,jacobi,2,732,192,469.703125,12697.142857142857,410.2997304458171,1,4.6299999667098746e-05,0.009470500000134052,0.009516799999801151,299,0,7.899638720523195e-09,True,0,0.0
64,10000.0,connected,arithmetic,ones,0,amg0,3,731,192,469.703125,12697.142857142857,410.2997304458171,1,0.007478200000150537,0.00672500000018772,0.014203200000338256,13,0,7.317883692672624e-10,True,4,1.3290638836179633
64,10000.0,connected,arithmetic,ones,1,jacobi,4,732,192,469.703125,12697.142857142857,410.2997304458171,1,4.9700000090524554e-05,0.0097154999994018,0.009765199999492324,303,0,8.856073415152399e-09,True,0,0.0
64,10000.0,connected,arithmetic,random,1,amg0,5,732,192,469.703125,12697.142857142857,410.2997304458171,1,0.007724900000539492,0.005895700000110082,0.013620600000649574,11,0,4.431599880759565e-09,True,4,1.3290638836179633
64,10000.0,connected,arithmetic,random,0,amg0,6,731,192,469.703125,12697.142857142857,410.2997304458171,1,0.006846199999927194,0.0052951000006942195,0.012141300000621413,11,0,4.404610679693632e-09,True,4,1.3290638836179633
64,10000.0,connected,arithmetic,ones,1,amg025,7,732,192,469.703125,12697.142857142857,410.2997304458171,1,0.007223200000225916,0.011899600000106147,0.019122800000332063,27,0,3.91297433546679e-09,True,3,1.3464579380139152
64,10000.0,connected,arithmetic,ones,1,cg,8,732,192,469.703125,12697.142857142857,410.2997304458171,1,1.100000190490391e-06,0.160432600000604,0.1604337000007945,5039,0,1.1190024178456479e-08,True,0,0.0
64,10000.0,connected,arithmetic,random,0,amg025,9,731,192,469.703125,12697.142857142857,410.2997304458171,1,0.006283800000346673,0.013832100000399805,0.02011590000074648,26,0,5.061025718995106e-09,True,3,1.3464579380139152
64,10000.0,connected,arithmetic,ones,0,cg,10,731,192,469.703125,12697.142857142857,410.2997304458171,1,9.99999429041054e-07,0.15537360000053013,0.15537459999995917,5039,0,1.1190024178456479e-08,True,0,0.0
64,10000.0,connected,arithmetic,ones,1,amg0,11,732,192,469.703125,12697.142857142857,410.2997304458171,1,0.009780399999726797,0.0064821000005395035,0.0162625000002663,13,0,7.643251750513641e-10,True,4,1.3290638836179633
64,10000.0,connected,arithmetic,random,0,cg,12,731,192,469.703125,12697.142857142857,410.2997304458171,1,1.2000000424450263e-06,0.15083580000009533,0.15083700000013778,5109,0,9.049322933027485e-09,True,0,0.0
64,10000.0,connected,arithmetic,ones,0,jacobi,13,731,192,469.703125,12697.142857142857,410.2997304458171,1,6.500000017695129e-05,0.00928970000040863,0.00935470000058558,303,0,8.856073415152399e-09,True,0,0.0
64,10000.0,connected,arithmetic,dipole,1,amg0,14,732,192,469.703125,12697.142857142857,410.2997304458171,1,0.0072687999991103425,0.005755000000135624,0.013023799999245966,12,0,6.2733971578650725e-09,True,4,1.3290638836179633
64,10000.0,connected,arithmetic,random,1,cg,15,732,192,469.703125,12697.142857142857,410.2997304458171,1,7.999997251317836e-07,0.16579110000020592,0.16579189999993105,5109,0,9.049322933027485e-09,True,0,0.0
64,10000.0,connected,arithmetic,dipole,1,amg025,16,732,192,469.703125,12697.142857142857,410.2997304458171,1,0.007268600000315928,0.012057900000399968,0.019326500000715896,26,0,7.867478504913781e-09,True,3,1.3464579380139152
64,10000.0,connected,arithmetic,random,0,jacobi,17,731,192,469.703125,12697.142857142857,410.2997304458171,1,4.689999968832126e-05,0.009095799999158771,0.009142699998847093,299,0,7.899638720523195e-09,True,0,0.0
64,10000.0,connected,arithmetic,dipole,1,cg,18,732,192,469.703125,12697.142857142857,410.2997304458171,1,7.999997251317836e-07,0.13846009999997477,0.1384608999996999,4846,0,9.953013488849317e-09,True,0,0.0
64,10000.0,connected,arithmetic,dipole,1,jacobi,19,732,192,469.703125,12697.142857142857,410.2997304458171,1,4.86999997519888e-05,0.009095600000364357,0.009144300000116345,294,0,9.892705334323729e-09,True,0,0.0
64,10000.0,connected,arithmetic,ones,0,amg025,20,731,192,469.703125,12697.142857142857,410.2997304458171,1,0.006458800000473275,0.011473699999442033,0.017932499999915308,27,0,3.7751799925247136e-09,True,3,1.3464579380139152
64,10000.0,connected,arithmetic,dipole,0,cg,21,731,192,469.703125,12697.142857142857,410.2997304458171,1,1.0000003385357559e-06,0.14706380000006902,0.14706480000040756,4846,0,9.953013488849317e-09,True,0,0.0
64,10000.0,connected,arithmetic,dipole,0,amg025,22,731,192,469.703125,12697.142857142857,410.2997304458171,1,0.006477699999777542,0.011206500000298547,0.01768420000007609,26,0,7.736321386720923e-09,True,3,1.3464579380139152
64,10000.0,connected,arithmetic,dipole,0,jacobi,23,731,192,469.703125,12697.142857142857,410.2997304458171,1,4.11000000895001e-05,0.00898219999999128,0.00902330000008078,294,0,9.892705334323729e-09,True,0,0.0
64,100.0,connected,arithmetic,dipole,0,amg0,0,731,192,5.640625,125.71428571428571,205.14986522290855,1,0.006990400000177033,0.005372300000090036,0.012362700000267068,11,0,5.306592449090519e-09,True,4,1.3290638836179633
64,100.0,connected,arithmetic,ones,0,cg,1,731,192,5.640625,125.71428571428571,205.14986522290855,1,1.0000003385357559e-06,0.06877269999949931,0.06877369999983785,1550,0,8.94600287231212e-09,True,0,0.0
64,100.0,connected,arithmetic,random,0,jacobi,2,731,192,5.640625,125.71428571428571,205.14986522290855,1,4.619999981514411e-05,0.008040900000196416,0.00808710000001156,259,0,9.960568706308705e-09,True,0,0.0
64,100.0,connected,arithmetic,dipole,1,amg0,3,732,192,5.640625,125.71428571428571,205.14986522290855,1,0.007251300000461924,0.005234299999756331,0.012485600000218255,11,0,5.351855852491624e-09,True,4,1.3290638836179633
64,100.0,connected,arithmetic,dipole,0,jacobi,4,731,192,5.640625,125.71428571428571,205.14986522290855,1,3.120000019407598e-05,0.007995400000254449,0.008026600000448525,253,0,9.820326369872541e-09,True,0,0.0
64,100.0,connected,arithmetic,ones,1,amg0,5,732,192,5.640625,125.71428571428571,205.14986522290855,1,0.00919049999993149,0.006455900000219117,0.015646400000150607,11,0,6.938591613637377e-09,True,4,1.3290638836179633
64,100.0,connected,arithmetic,ones,1,cg,6,732,192,5.640625,125.71428571428571,205.14986522290855,1,7.999997251317836e-07,0.05033830000047601,0.05033910000020114,1550,0,8.94600287231212e-09,True,0,0.0
64,100.0,connected,arithmetic,dipole,0,amg025,7,731,192,5.640625,125.71428571428571,205.14986522290855,1,0.006784999999581487,0.012547499999527645,0.019332499999109132,23,0,9.648941835079207e-09,True,3,1.3464579380139152
64,100.0,connected,arithmetic,random,0,amg0,8,731,192,5.640625,125.71428571428571,205.14986522290855,1,0.007287299999916286,0.004960600000231352,0.012247900000147638,10,0,1.8918893567207345e-09,True,4,1.3290638836179633
64,100.0,connected,arithmetic,random,0,amg025,9,731,192,5.640625,125.71428571428571,205.14986522290855,1,0.006210900000041875,0.010017000000516418,0.016227900000558293,23,0,6.9701084444247575e-09,True,3,1.3464579380139152
64,100.0,connected,arithmetic,ones,1,amg025,10,732,192,5.640625,125.71428571428571,205.14986522290855,1,0.006807800000387942,0.010342900000068767,0.01715070000045671,24,0,4.43855983766496e-09,True,3,1.3464579380139152
64,100.0,connected,arithmetic,dipole,1,cg,11,732,192,5.640625,125.71428571428571,205.14986522290855,1,1.100000190490391e-06,0.05243659999996453,0.05243770000015502,1557,0,9.826510503761244e-09,True,0,0.0
64,100.0,connected,arithmetic,ones,0,jacobi,12,731,192,5.640625,125.71428571428571,205.14986522290855,1,4.2099999518541154e-05,0.008444199999757984,0.008486299999276525,264,0,9.030602105935681e-09,True,0,0.0
64,100.0,connected,arithmetic,random,0,cg,13,731,192,5.640625,125.71428571428571,205.14986522290855,1,1.0000003385357559e-06,0.048130800000762974,0.04813180000110151,1592,0,9.513976745811503e-09,True,0,0.0
64,100.0,connected,arithmetic,random,1,cg,14,732,192,5.640625,125.71428571428571,205.14986522290855,1,7.999997251317836e-07,0.05035500000030879,0.05035580000003392,1592,0,9.513976745811503e-09,True,0,0.0
64,100.0,connected,arithmetic,random,1,jacobi,15,732,192,5.640625,125.71428571428571,205.14986522290855,1,4.6799999836366624e-05,0.008215899999413523,0.00826269999924989,259,0,9.960568706308705e-09,True,0,0.0
64,100.0,connected,arithmetic,ones,0,amg0,16,731,192,5.640625,125.71428571428571,205.14986522290855,1,0.007082399999490008,0.005344399999557936,0.012426799999047944,11,0,6.910275464270798e-09,True,4,1.3290638836179633
64,100.0,connected,arithmetic,ones,0,amg025,17,731,192,5.640625,125.71428571428571,205.14986522290855,1,0.00599919999967824,0.010366900000008172,0.016366099999686412,24,0,4.302003484067765e-09,True,3,1.3464579380139152
64,100.0,connected,arithmetic,dipole,1,jacobi,18,732,192,5.640625,125.71428571428571,205.14986522290855,1,3.620000006776536e-05,0.007818800000677584,0.007855000000745349,253,0,9.820326369872541e-09,True,0,0.0
64,100.0,connected,arithmetic,random,1,amg025,19,732,192,5.640625,125.71428571428571,205.14986522290855,1,0.011394999999538413,0.0199110000003202,0.031305999999858614,23,0,7.067643473952737e-09,True,3,1.3464579380139152
64,100.0,connected,arithmetic,dipole,0,cg,20,731,192,5.640625,125.71428571428571,205.14986522290855,1,1.0000003385357559e-06,0.044812500000261934,0.04481350000060047,1557,0,9.826510503761244e-09,True,0,0.0
64,100.0,connected,arithmetic,ones,1,jacobi,21,732,192,5.640625,125.71428571428571,205.14986522290855,1,4.160000025876798e-05,0.008145400000103109,0.008187000000361877,264,0,9.030602105935681e-09,True,0,0.0
64,100.0,connected,arithmetic,dipole,1,amg025,22,732,192,5.640625,125.71428571428571,205.14986522290855,1,0.012578299999404408,0.010555900000326801,0.02313419999973121,23,0,9.841287894410978e-09,True,3,1.3464579380139152
64,100.0,connected,arithmetic,random,1,amg0,23,732,192,5.640625,125.71428571428571,205.14986522290855,1,0.007002899999861256,0.004876799999692594,0.01187969999955385,10,0,1.887995537429696e-09,True,4,1.3290638836179633
128,1000000.0,connected,arithmetic,ones,0,amg0,0,731,768,46875.953125,1259841.2598425196,1240.6682325385418,1,0.02180820000012318,0.029655800000000454,0.05146400000012363,13,0,2.1436938254575872e-07,False,5,1.3399006034788783
128,1000000.0,connected,arithmetic,random,1,cg,1,732,768,46875.953125,1259841.2598425196,1240.6682325385418,1,1.2000000424450263e-06,0.7221761000000697,0.7221773000001122,8000,8000,0.18153572587381797,False,0,0.0
128,1000000.0,connected,arithmetic,dipole,1,jacobi,2,732,768,46875.953125,1259841.2598425196,1240.6682325385418,1,8.24999997348641e-05,0.061987199999748555,0.06206969999948342,681,0,3.475028037948837e-08,True,0,0.0
128,1000000.0,connected,arithmetic,ones,0,jacobi,3,731,768,46875.953125,1259841.2598425196,1240.6682325385418,1,8.189999971364159e-05,0.0580337999999756,0.05811569999968924,695,0,1.1000240177844995e-06,False,0,0.0
128,1000000.0,connected,arithmetic,random,0,amg0,4,731,768,46875.953125,1259841.2598425196,1240.6682325385418,1,0.022536399999808054,0.016252999999778694,0.03878939999958675,11,0,6.986155912082635e-09,True,5,1.3399006034788783
128,1000000.0,connected,arithmetic,ones,1,amg025,5,732,768,46875.953125,1259841.2598425196,1240.6682325385418,1,0.01993010000023787,0.07978769999954238,0.09971779999978025,60,0,3.0108400799738735e-07,False,3,1.3271717632739997
128,1000000.0,connected,arithmetic,random,0,jacobi,6,731,768,46875.953125,1259841.2598425196,1240.6682325385418,1,9.039999986271141e-05,0.05466100000012375,0.05475139999998646,675,0,9.375392699351008e-09,True,0,0.0
128,1000000.0,connected,arithmetic,ones,1,cg,7,732,768,46875.953125,1259841.2598425196,1240.6682325385418,1,1.0000003385357559e-06,0.6141431000005468,0.6141441000008854,8000,8000,0.16014247736436166,False,0,0.0
128,1000000.0,connected,arithmetic,dipole,1,cg,8,732,768,46875.953125,1259841.2598425196,1240.6682325385418,1,1.3999997463542968e-06,0.6614001999996617,0.6614015999994081,8000,8000,0.07044803760566534,False,0,0.0
128,1000000.0,connected,arithmetic,ones,1,jacobi,9,732,768,46875.953125,1259841.2598425196,1240.6682325385418,1,8.100000013655517e-05,0.058838299999479204,0.05891929999961576,695,0,1.1000240177844995e-06,False,0,0.0
128,1000000.0,connected,arithmetic,random,1,jacobi,10,732,768,46875.953125,1259841.2598425196,1240.6682325385418,1,8.309999975608662e-05,0.06289509999987786,0.06297819999963394,675,0,9.375392699351008e-09,True,0,0.0
128,1000000.0,connected,arithmetic,dipole,0,amg025,11,731,768,46875.953125,1259841.2598425196,1240.6682325385418,1,0.021027300000241667,0.0893924000001789,0.11041970000042056,60,0,1.3704239475136207e-08,True,3,1.3271717632739997
128,1000000.0,connected,arithmetic,random,1,amg025,12,732,768,46875.953125,1259841.2598425196,1240.6682325385418,1,0.02532430000064778,0.08736520000002201,0.1126895000006698,60,0,3.798212228794555e-09,True,3,1.3271717632739997
128,1000000.0,connected,arithmetic,ones,1,amg0,13,732,768,46875.953125,1259841.2598425196,1240.6682325385418,1,0.0256307999998171,0.02156840000043303,0.04719920000025013,13,0,2.2112595324486797e-07,False,5,1.3399006034788783
128,1000000.0,connected,arithmetic,dipole,0,amg0,14,731,768,46875.953125,1259841.2598425196,1240.6682325385418,1,0.021247499999844877,0.02280579999933252,0.0440532999991774,13,0,7.920920977892083e-09,True,5,1.3399006034788783
128,1000000.0,connected,arithmetic,random,0,cg,15,731,768,46875.953125,1259841.2598425196,1240.6682325385418,1,1.6999993022182025e-06,0.6739753000001656,0.6739769999994678,8000,8000,0.18153572587381797,False,0,0.0
128,1000000.0,connected,arithmetic,ones,0,cg,16,731,768,46875.953125,1259841.2598425196,1240.6682325385418,1,9.000004865811206e-07,0.667602600000464,0.6676035000009506,8000,8000,0.16014247736436166,False,0,0.0
128,1000000.0,connected,arithmetic,dipole,1,amg025,17,732,768,46875.953125,1259841.2598425196,1240.6682325385418,1,0.02202320000014879,0.09483180000006541,0.1168550000002142,60,0,1.3583390013704705e-08,True,3,1.3271717632739997
128,1000000.0,connected,arithmetic,ones,0,amg025,18,731,768,46875.953125,1259841.2598425196,1240.6682325385418,1,0.021564699999544246,0.09719119999954273,0.11875589999908698,60,0,3.2177231978688116e-07,False,3,1.3271717632739997
128,1000000.0,connected,arithmetic,random,0,amg025,19,731,768,46875.953125,1259841.2598425196,1240.6682325385418,1,0.02420849999998609,0.09261329999935697,0.11682179999934306,60,0,3.811373356638473e-09,True,3,1.3271717632739997
128,1000000.0,connected,arithmetic,random,1,amg0,20,732,768,46875.953125,1259841.2598425196,1240.6682325385418,1,0.0222353999997722,0.01693260000047303,0.03916800000024523,11,0,6.9635708379104245e-09,True,5,1.3399006034788783
128,1000000.0,connected,arithmetic,dipole,0,jacobi,21,731,768,46875.953125,1259841.2598425196,1240.6682325385418,1,0.00010709999969549244,0.0640757000001031,0.06418279999979859,681,0,3.475028037948837e-08,True,0,0.0
128,1000000.0,connected,arithmetic,dipole,1,amg0,22,732,768,46875.953125,1259841.2598425196,1240.6682325385418,1,0.02283369999986462,0.019982599999821105,0.042816299999685725,13,0,7.976706665989232e-09,True,5,1.3399006034788783
128,1000000.0,connected,arithmetic,dipole,0,cg,23,731,768,46875.953125,1259841.2598425196,1240.6682325385418,1,1.2000000424450263e-06,0.6773484999994253,0.6773496999994677,8000,8000,0.07044803760566534,False,0,0.0
